,SBS1,SBS2,SBS3,SBS4,SBS5,SBS6,SBS7a,SBS7b,SBS7c,SBS7d,SBS8,SBS9,SBS10a,SBS10b,SBS10c,SBS10d,SBS11,SBS12,SBS13,SBS14,SBS15,SBS16,SBS17a,SBS17b,SBS18,SBS19,SBS20,SBS21,SBS22a,SBS22b,SBS23,SBS24,SBS25,SBS26,SBS27,SBS28,SBS29,SBS30,SBS31,SBS32,SBS33,SBS34,SBS35,SBS36,SBS37,SBS38,SBS39,SBS40a,SBS40b,SBS40c,SBS41,SBS42,SBS43,SBS44,SBS45,SBS46,SBS47,SBS48,SBS49,SBS50,SBS51,SBS52,SBS53,SBS54,SBS55,SBS56,SBS57,SBS58,SBS59,SBS60,SBS84,SBS85,SBS86,SBS87,SBS88,SBS89,SBS90,SBS91,SBS92,SBS93,SBS94,SBS95,SBS96,SBS97,SBS98,SBS99,SBS100,SBS101,SBS102,SBS103,SBS104,SBS105,SBS106,SBS107,SBS108,SBS109,SBS110,n_snv,cancer_type,ADIPOGENESIS,ALLOGRAFT_REJECTION,ANDROGEN_RESPONSE,ANGIOGENESIS,APICAL_JUNCTION,APICAL_SURFACE,APOPTOSIS,BILE_ACID_METABOLISM,CHOLESTEROL_HOMEOSTASIS,COAGULATION,COMPLEMENT,DNA_REPAIR,E2F_TARGETS,EPITHELIAL_MESENCHYMAL_TRANSITION,ESTROGEN_RESPONSE_EARLY,ESTROGEN_RESPONSE_LATE,FATTY_ACID_METABOLISM,G2M_CHECKPOINT,GLYCOLYSIS,HEDGEHOG_SIGNALING,HEME_METABOLISM,HYPOXIA,IL2_STAT5_SIGNALING,IL6_JAK_STAT3_SIGNALING,INFLAMMATORY_RESPONSE,INTERFERON_ALPHA_RESPONSE,INTERFERON_GAMMA_RESPONSE,KRAS_SIGNALING_DN,KRAS_SIGNALING_UP,MITOTIC_SPINDLE,MTORC1_SIGNALING,MYC_TARGETS_V1,MYC_TARGETS_V2,MYOGENESIS,NOTCH_SIGNALING,OXIDATIVE_PHOSPHORYLATION,P53_PATHWAY,PANCREAS_BETA_CELLS,PEROXISOME,PI3K_AKT_MTOR_SIGNALING,PROTEIN_SECRETION,REACTIVE_OXYGEN_SPECIES_PATHWAY,SPERMATOGENESIS,TGF_BETA_SIGNALING,TNFA_SIGNALING_VIA_NFKB,UNFOLDED_PROTEIN_RESPONSE,UV_RESPONSE_DN,UV_RESPONSE_UP,WNT_BETA_CATENIN_SIGNALING,XENOBIOTIC_METABOLISM
TCGA-05-4244-01A,0.03529152136067153,0.020679879870684054,0.0,0.4482111265853267,0.0,0.035286697107284944,0.0,0.0,0.0,0.0,0.0,0.0,0.0,0.0,0.0,0.0,0.0,0.0,0.0,0.011931949542980717,0.0,0.0,0.0,0.0,0.0,0.0,0.0,0.03634443739571062,0.0,0.0,0.0,0.03144664880499163,0.0,0.0,0.0,0.0,0.0,0.0,0.0,0.0,0.0,0.0,0.0,0.05514707613433428,0.0,0.0,0.04018923953528031,0.0,0.0,0.0,0.0,0.06593121720014128,0.0,0.0,0.018150483803474945,0.0,0.0,0.005496520516792015,0.0,0.0,0.0,0.0,0.03274518148228356,0.00318777230489252,0.0,0.0,0.0,0.04246710971279985,0.01489366818727736,0.0,0.0,0.0,0.01886582965537772,0.0,0.0,0.0,0.0,0.0,0.0,0.0,0.0,0.0,0.0014407593944168325,0.028595227424857567,0.04280140533118603,0.0,0.0,0.0,0.0,0.0,0.0,0.0,0.0041773813405831415,0.0,0.0,0.0,0.006718867308652559,2.326335860928751,Lung Adenocarcinoma,0.6464734079983547,0.05257610028194508,-0.15436262242900695,-0.03312806531411499,0.4584768588719167,-0.8846501296604606,0.5754358254237689,1.2796772291322456,1.2332512795686474,0.35440360527455567,0.47366098755047775,0.23887095492374136,-0.041621013232766124,-0.6101458913760085,0.3037098205555202,0.12847022599848698,0.20103760260040182,-0.28986444929585425,0.994856888666202,0.1848806897827713,1.4439146439869683,0.43874959190484425,0.3371510886971321,0.3083636950579877,0.5902505300383083,0.018726312942311512,0.024732767046783757,-0.23974101373986137,0.5959868894101747,-0.17482962876471253,0.30391847567522057,-0.07468660012677683,-0.34849090620871837,0.3797927134361027,0.06897927854177364,0.06306242250437481,0.9434790837219962,0.4495448742663435,1.3817690998396153,-1.3821466509432776,0.8432302775733315,0.7464119465074741,-0.3417357003793315,0.3307507795936715,0.8981307136951476,-0.11560869239431261,0.17968039412226489,0.9292328252942293,-1.1741061449209493,0.6035640696175615
TCGA-05-4249-01A,0.007325857081263703,0.004905836874934087,0.0,0.42721765855941296,0.0,0.019240795725259482,0.0489898173494821,0.0,0.001321890297909913,0.0,0.0,0.0,0.0,0.009352209669549168,0.0,0.0,0.0,0.0,0.034726727942490945,0.0,0.0,0.03859110416443627,0.0,0.0,0.0,0.0,0.0,0.0,0.01866980638258268,0.0,0.0,0.09013469934472679,0.0,0.0,0.0,0.0,0.0,0.0,0.0,0.013285971407339475,0.0,0.010510821587774551,0.0,0.0,0.0,0.0,0.0,0.0,0.0,0.0,0.0,0.006618092055415608,0.0,0.0,0.0,0.0,0.0,0.009017654071570711,0.04184925236218646,0.0,0.0,0.0,0.0,0.0011216302078620722,0.0,0.0,0.0,0.0,0.01999810109866752,0.0,0.0,0.0,0.015246681072777808,0.08129602304614966,0.0,0.0,0.0,0.0,0.0,0.0,0.0,0.0,0.0,0.0022518076333809755,0.021670813209636635,0.0,0.0,0.03625618208335563,0.0,0.015046486182683803,0.0,0.0,0.011630732964927604,0.0,0.013723347624223373,0.0,0.0,2.506505032404872,Lung Adenocarcinoma,-0.7649735003483515,0.32580349162836314,0.3937061665716438,0.035306143379132064,0.5331552486156365,-1.1166347571060136,-0.045079172694813076,-0.29480890180684727,-0.46904603256872773,0.3020428070838148,0.2653040625417892,-0.7278073853843922,-1.2255260622682262,-0.7339987519509067,0.03800814425085527,-0.12969033168527486,-0.40401168679360705,-1.1857650824906285,-0.2383257561717364,0.6821871295403402,0.8269839551924515,-0.7000424507345157,0.5119664383590351,0.42314583224369123,0.301231649243469,0.10629145222446328,0.1878624345037985,0.9545732519555189,0.2867771844669046,-0.7320223674033814,-1.321687317423573,-0.8688317316357024,-0.5852875205899228,-0.29108688876720246,1.1614365169395344,-0.7891382200906274,0.29180202290551416,0.5065085042210151,0.1866176786398362,-0.08000077050972515,0.4878085882571727,0.20742456212719307,-1.1623820504292341,0.43605655306267915,-0.12400630601841457,-0.6454132668886056,0.33386731387414964,-0.3440761895441544,-0.3140396884325622,-0.06384095260793733
TCGA-05-4250-01A,0.021902311709498516,0.04301413424972691,0.0,0.33262247736643236,0.0,0.0,0.032528814912144835,0.0,0.0,0.0,0.0,0.0,0.0,0.010000507492507233,0.0,0.0,0.0,0.0,0.0424513550146352,0.01395510922953366,0.0,0.0,0.0,0.0,0.0,0.0,0.03447038766559337,0.0,0.0,0.0,0.0,0.09594338417176579,0.0,0.0,0.0,0.0,0.0,0.0,0.07276205940655371,0.0,0.0005755866377182194,0.0,0.0,0.0,0.0,0.0,0.0,0.0,0.0,0.0,0.0,0.0,0.0,0.0,0.0,0.0,0.0,0.0,0.04445043607791762,0.0,0.0,0.0,0.0,0.05507268340290089,0.0,0.0,0.0,0.0,0.004209880727275238,0.0,0.0,0.0,0.013556997339350936,0.0,0.0,0.0,0.0,0.0,0.0,0.0,0.0,0.0,0.004469667364151927,0.0021940209033685324,0.10854774756765562,0.04877086969986419,0.0,0.015547351039997315,0.0,0.0,0.0,0.0,0.0029542180214078904,0.0,0.0,0.0,0.0,2.5728716022004803,Lung Adenocarcinoma,0.32257663735698594,0.8442323087315722,0.6900323468354324,1.4343209441870877,1.0968425039410856,0.9812615079685874,1.607213090963182,-0.8487690690739387,0.18295101061181304,1.1591927443454515,1.0567933904409652,0.5449746472439603,0.815981031609793,0.8484160548447184,-0.23921222263152037,0.09489396025485508,0.18010367910273672,0.7331364206822697,1.4678819792918583,0.6126267034763276,0.02451345015153744,1.344828076695142,1.4022986836982276,0.6171685192686028,1.2319292160525273,0.6445166769447568,0.8027670587588124,-1.3137809620258285,1.6168297306334398,0.8798881485231864,0.9589597360292024,0.9040243186452452,0.9498735406574168,-0.15460751465741845,0.68610580830013,0.20969727741819733,1.395921090351378,1.0463553209488576,0.2752608475313429,-0.05715043465759872,0.47183941571872434,0.3550260358383783,-0.0008575275073414709,1.6018337534430074,1.777554556750333,0.7514565209028657,0.4018390455175228,1.202695960871794,-0.6108027876904567,0.43154619368662006
TCGA-05-4382-01A,0.013388530168967882,0.04639664072825546,0.0,0.7011948366355162,0.0,0.005004177548480071,0.0102377268925035,0.006899526364938605,0.0,0.0,0.0,0.0,0.0,0.0,0.0,0.0,0.0,0.0,0.040006011563213845,0.0,0.0,0.0,0.0010447614872415238,0.0018230622783184246,0.0,0.0,0.0,0.008324416450338792,0.0,0.0,0.0,0.0723041193351236,0.0,0.0,0.0,0.0,0.0,0.0,0.0,0.0,0.0,0.0,0.005335654718051195,0.0,0.0,0.0,0.0,0.0,0.0,0.0,0.0,0.0,0.0,0.0,0.004440126429745572,0.0,0.0,0.011833326648564582,0.008845947812390313,0.0,0.0,0.0,0.0,0.0,0.0,0.0,0.0,0.0,0.0,0.0,0.0,0.0,0.0048422326341405345,0.0060727008157554115,0.0,0.0,0.0,0.0,0.0,0.0,0.027691878811369336,0.0,0.0,0.00936884122569898,0.014945481451386161,0.0,0.0,0.0,0.0,0.0,0.0,0.0,0.0,0.0,0.0,0.0,0.0,3.2377949932739227,Lung Adenocarcinoma,-0.4087985964850293,0.8834087073724397,-0.04107219384739249,1.2759036139915745,1.2056504590680668,0.2684592419739636,0.7968244998284005,-1.0760532091250152,0.940674892278163,1.2668855061180315,0.9085845514072931,-0.6261289469890359,-0.684760093428159,1.470584370942777,-0.02384866593745514,-0.22789631540136396,-0.08735876930409064,-0.5961721905269666,0.9402677929729916,0.17284295534786792,0.4823774916116382,1.8524364232384025,0.8631470471641008,1.492455421193162,1.3603935892956918,0.023090121496852214,0.5121081636674603,-0.3685270056891534,1.202131442150047,-0.15043979002801908,0.433253866545783,-0.7162205351336461,-0.9900425088644269,1.2987392117274703,1.3244510733285262,-0.5563014083699208,0.6355604039629758,-0.30628545397826934,-0.5855271224826288,0.03964856320178695,0.3239529544787968,0.42334816500225725,-0.5573425893412886,0.6891656078894428,0.7952214915824543,-0.002826051889607628,0.24489856187100276,-0.2161873539105657,-0.12388392881536701,0.3966237965019735
TCGA-05-4384-01A,0.0,0.03736986455544398,0.0,0.38315490930548485,0.0,0.0,0.0030454876859468266,0.036658029461705925,0.0,0.0,0.0,0.0,0.0,0.0,0.0,0.0,0.010507469996922033,0.0,0.015813522967970776,0.0,0.06905476055622332,0.0,0.004032000019881914,0.0,0.0,0.0,0.04455548957511715,0.012066192545378572,0.01148283164670947,0.0,0.0,0.08454678140725616,0.014122508757891854,0.0,0.0,0.0,0.00393654600179537,0.03987134456614282,0.0,0.0,0.0,0.0,0.0,0.0,0.0,0.0,0.0,0.0,0.0,0.0,0.0,0.0,0.0,0.0,0.0,0.0,0.0,0.006694645570372973,0.0,0.0,0.008565137116226827,0.0,0.0,0.017382505150747695,0.0,0.0,0.0,0.0,0.0,0.0,0.0,0.0,0.004291332875220932,0.0,0.0,0.0,0.0,0.0,0.0,0.0,0.0,0.0,0.0,0.01734239829898525,0.0718105215042056,0.0,0.0,0.08992670371239404,0.0,0.0,0.0,0.0,0.013769016721975723,0.0,0.0,0.0,0.0,2.1271047983648077,Lung Adenocarcinoma,0.8529430055596152,-0.58912905413595,0.49614561078671615,-0.2661206889339004,0.35366187576936575,-0.7903809834747284,0.002183170467759859,1.1464698241891094,-0.451179093858885,0.6810820725213488,0.2707564403822212,-0.8233563241559153,-1.884883927485182,-0.8372404623643244,0.4633632608193587,0.19748131622626725,1.344195479269809,-1.9144723349649764,-1.1638818799482489,0.3991315459373458,1.9660662134573768,-0.2751158594674234,0.16485905250252622,-0.08658806677602751,0.03480078330173123,-0.7953072583295309,-0.6929066492086465,1.2839696657882929,0.13856293235415443,-0.8084262860312699,-1.3951524080486428,-1.3264962709624044,-1.12632927113791,1.0123040396520058,0.5357198863420227,-0.5267575041822808,0.9672778061546007,0.9269278939061106,0.530255188806432,-0.6144567400374794,0.45456779750132037,1.028380374931544,-1.2862990387511055,0.6557131425036883,0.1050329264755533,-1.735662014597371,0.725213797437641,-0.3797045600609873,1.25632232227913,1.3683240822585325
TCGA-05-4389-01A,0.0646565783743734,0.1363977002950314,0.04111141787404638,0.1231747410165608,0.0,0.0,0.0,0.0,0.0,0.0,0.004015188024982236,0.0,0.0,0.016369992328866795,0.0,0.009259508336949553,0.0,0.0,0.1113457038172847,0.010835274841562973,0.05749746418285453,0.022942362400981055,0.015289823243197513,0.0017643029514361178,0.0,0.0,0.003213731408109567,0.023697782017877797,0.0,0.0,0.0,0.0,0.025950108784437955,0.0,0.0,0.0,0.0,0.0,0.03950140155958201,0.05012826343397266,0.0,0.0,0.0,0.0,0.0,0.0,0.0,0.0,0.0,0.0,0.0,0.0,0.0,0.0,0.05382266285982099,0.0,0.0,0.0,0.0,0.0,0.0,0.010243852909950744,0.0,0.01479029530397499,0.0,0.0,0.0,0.0,0.02931300583686832,0.0,0.0,0.0,0.07784591122100097,0.0,0.015915957490954376,0.0,0.0,0.0,0.0,0.0,0.0,0.0,0.0,0.014779637803597923,0.01807016315596553,0.0,0.0,0.0,0.0,0.0,0.0078602298407802,0.0,0.00020693868497860334,0.0,0.0,0.0,0.0,2.361727836017593,Lung Adenocarcinoma,1.0716089200163117,0.9126269135456166,0.36144660331445916,-0.852394024328807,-0.3222614488807847,-1.2799440092647052,-0.008717865004522459,1.6744238345327893,0.14212320633986483,0.2818060250178237,0.6615637094812714,0.7345711346956332,0.1888012014622823,-1.1491129875379154,0.24265223743503694,0.5826742989886039,1.7683306159838423,-0.12363551253259036,0.04361155213163591,-0.48481102097871837,1.5267738908127577,-1.1387912323793121,0.9535921682144812,0.8496128175891736,0.30291769123820733,0.3316208761356592,0.5641206646083841,-0.20954399341619595,0.17092898771502962,-0.7864498733534442,0.6301762569382617,0.5399750310499188,0.3873369032453351,-0.42127694189641063,-0.2621769328161354,0.8292300225473163,0.8374374018704782,0.5306161887765146,1.7378005913167813,1.1000502818707154,0.33392783288562145,1.5292632816701586,0.28074899858123903,-0.9681819386446855,-0.7130608703649006,0.2735651599204771,-1.550813257819484,0.2369352001785045,1.3092077193635936,2.2896299535071862
TCGA-05-4390-01A,0.0036361470388894283,0.000895846093920358,0.0,0.5982603825576555,0.0,0.0,0.0,0.01147166416995806,0.0,0.0,0.0,0.0,0.0,0.0,0.0,0.0,0.0,0.0,0.009528791147521372,0.0,0.0,0.003371783406727061,0.0,0.0021336066105466216,0.0,0.0,0.05030202986483203,0.0,0.0,0.0,0.027487332405658923,0.05259517294618761,0.0,0.0,0.0,0.0,0.0,0.004365220922943976,0.0,0.0,0.0,0.0,0.0,0.0,0.0,0.0,0.0,0.0,0.0,0.0,0.0,0.0,0.0,0.0,0.026026497670386263,0.0,0.0,0.0,0.0,0.0,0.005328869516404009,0.0,0.015115885867498437,0.0045747308912783245,0.0,0.0,0.0,0.0,0.028247598592362425,0.0,0.0030894131935534385,0.0,0.0,0.028564347567030694,0.0,0.0,0.0,0.0,0.0,0.0,0.0,0.0,0.0,0.03821000131895668,0.04648835437064109,0.001208291622082849,0.0,0.039098032224964975,0.0,0.0,0.0,0.0,0.0,0.0,0.0,0.0,0.0,2.6954816764901977,Lung Adenocarcinoma,0.09005610640703154,-0.6492246536804059,0.5544616868726375,0.472838950348262,-0.27332510716478586,-0.951726114982786,-0.7655346095513411,-0.7200170584167329,0.9260492596556839,0.7533794561375065,-0.5373679765341064,0.6509118034050275,0.8023027130040501,0.44848865084063394,0.37443846983909224,0.6875637028896838,0.5640360433307219,0.7465777593094212,1.3875253290800984,-0.8243377757276993,0.19480475714008894,0.7413123418893495,-0.4621382401749804,-0.13765117330814614,-0.20188211337163556,-1.1362363591810538,-1.0727651519870323,-0.23952187166862554,-0.03123224391380108,-0.5900806759334586,0.7748100756700025,0.8162580784310859,0.8818971934726115,0.4313641836868767,-0.4130160831436037,0.5245438962432222,-0.11760853685107088,1.7420093052066397,0.4148415220497112,-0.7160170713366242,-0.4087257134702666,-0.07964456607934205,0.5933613082853685,-0.5455375270134102,-0.3171699419506778,0.3309168808612665,-0.46060122380796015,0.9424203625351092,0.0761200374396987,0.41927421823522887
TCGA-05-4395-01A,0.006828634645493329,0.1133831406608408,0.0,0.3060020142908394,0.0,0.0,0.029238996418083214,0.0,0.0,0.00030923328802820346,0.0,0.0,0.0,0.037238498517859826,0.0,0.0,0.0,0.0,0.15890469242548827,0.0,0.05516332411479386,0.0,0.001546379682257006,0.0022234535159962993,0.0,0.0,0.0,0.0,0.0,0.0,0.0,0.04712460829873923,0.0,0.0,0.0,0.0013034895052790962,0.0,0.002420454671728965,0.0,0.0051122193071805044,0.0,0.00889528231909884,0.0,0.0,0.004080410671074052,0.0,0.0,0.0,0.0,0.0,0.0,0.0,0.0,0.0,0.0,0.020957101112445947,0.0,0.0032236000443340153,0.009922395604456517,0.010400262490402965,0.012378180124578662,0.0,0.013647942548930213,0.012707551161253744,0.0,0.0,0.0,0.0,0.013758453002163924,0.0,0.0,0.0,0.0,0.0,0.0025437326428635718,0.0,0.0,0.0,0.0,0.0,0.0,0.0,0.0,0.07803589307698217,0.041872042610743246,0.0,0.0,0.0,0.0,0.0,0.0,0.0,0.000778013248063966,0.0,0.0,0.0,0.0,2.436162647040756,Lung Adenocarcinoma,1.0851350732294527,0.2975609932757525,0.10454640359587274,-0.7276351577949155,-0.03392490762685596,-0.5397153529041242,0.4523100514976682,-0.7153427935772487,-0.0767826710493641,0.03548720084779548,0.46458674747359163,1.4261468289472028,0.42560170831303445,-0.489693639545779,0.6522429711267227,1.1958658042217662,0.2170158456719367,0.26600924619920674,2.0847838177246865,-0.8012592045411694,-0.03705191005311194,1.1306036796297112,0.4177158977194336,0.11451912154334111,0.8918091947367724,0.532526883071581,0.5162238653008038,-0.7728278656404032,0.342114783765892,-0.9126162065585997,1.1752351090430133,1.0982955268649073,1.2617935609873927,-1.3971193975729568,-1.114473374720313,0.8880235303037198,0.8786273799565495,-0.8107798798579904,0.49478809084735903,0.8566731833873835,0.6485753612069937,1.255143649059831,-0.9663412888320719,0.49672455596347564,1.6432379929568535,1.0713356411008201,-0.5171226734093807,0.896508349495697,-0.5209504850100214,1.4011269328856613
TCGA-05-4396-01A,0.03464408688625342,0.03346998891320469,0.0,0.17311589961244347,0.0,0.0,0.0,0.030897128980720247,0.0,0.0,0.0,0.0,0.0,0.015717392805510287,0.0,0.0,0.0,0.0,0.010454790141051922,0.05446064222276034,0.0,0.0,0.0,0.0,0.0,0.0,0.0,0.005533493848649334,0.050890279827712916,0.0,0.01886441227769207,0.16475953968821314,0.0,0.0,0.0,0.0051739090825105695,0.06163803786383696,0.048972951200441685,0.05281597463903466,0.0,0.0,0.0,0.0,0.0,0.0,0.0,0.041066514549421514,0.0,0.0,0.0,0.0,0.0,0.0,0.0,0.0,0.0,0.0,0.015571708942026984,0.036743467767595676,0.0,0.0,0.0,0.0,0.0023751671336344794,0.0,0.0,0.0,0.0,0.0017981962445161816,0.0,0.0,0.0,0.014022963275199245,0.0,0.0,0.0,0.0,0.0,0.0,0.0,0.0,0.0,0.0,0.0,0.04486119089668946,0.0,0.05426560432793812,0.0,0.0,0.0,0.0,0.0,0.02788665887294273,0.0,0.0,0.0,0.0,2.374748346010104,Lung Adenocarcinoma,-0.22326994364939096,-0.9457186519173163,0.8385700429716154,-0.04029219543323189,-0.8020506656904692,-1.461445027626189,-0.9613664562603793,1.2476002576370049,0.555828116797643,0.276849314851408,-0.18603174622738874,-1.2956910093124794,-1.1085286423773113,-1.2674111669503365,0.2556857592980023,0.17273827504179048,1.3296727818427359,-0.9432447979188437,-0.3987160776182568,0.9806537667477143,1.6394801309970406,-0.9276977585170766,-0.2880259311768692,-0.7051799603776926,-0.7543968819279938,-0.36446961011950346,-0.609817353209122,-0.08831414683978345,-0.33778955371211034,-0.5736803972965814,-1.223462916943564,-1.2019950961952652,-1.2364911148250939,-0.610633342006893,-0.18065879295632217,-0.1607242481840522,-0.7842108993508565,2.0115488847710017,0.8769515835955031,0.35963668713960617,1.1569354666569591,-1.0317752542002117,-0.6286018448425114,0.21069462317839724,-0.5516719248157207,-1.0308261525207505,0.31649097889287403,-0.14388753669710477,0.01703476302518631,0.7699118879241299
TCGA-05-4397-01A,0.014730467844770539,0.06191398367656718,0.0,0.34791135700501874,0.0,0.0,0.00807493329481936,0.009451807354891338,0.0,0.0,0.0,0.0,0.011940943764270554,0.016316254674419495,0.0,0.0,0.0,0.0,0.07056712075260256,0.0,0.0,0.0,0.002578621524950794,0.0014216689171238463,0.0,0.0,0.0,0.0,0.0,0.0,0.0,0.04701772108594065,0.0,0.022902309802954657,0.007001879714236275,0.0,0.04847306963292149,0.009331107871838103,0.013187082946637525,0.0,0.0,0.0,0.017076612593054156,0.0,0.008725638319819259,0.0,0.0904932881575369,0.0,0.0,0.0,0.0,0.007874891225353016,0.0,0.0,0.0,0.001331496988664441,0.0,0.0034101408482460314,0.0,0.0,0.0,0.0,0.04134634960973662,0.013241086349941426,0.0,0.0,0.0,0.0,0.0,0.0,0.0,0.0,0.0,0.0,0.0,0.0,0.0,0.0,0.04032058325093176,0.0,0.0,0.0,0.0,0.03330382316214734,0.031904667090338026,0.0,0.0,0.018151092540267907,0.0,0.0,0.0,0.0,0.0,0.0,0.0,0.0,0.0,2.929418925714293,Lung Adenocarcinoma,1.607519307379832,-0.4067333187945627,-0.5694906362024066,-1.9773460926843187,-1.0570074747145817,0.16241559947266604,-1.0043131119090416,0.8603458693052582,0.9210273281393256,-0.2913709150797692,0.04119688460329659,1.4872248087994209,2.013171671443888,-1.2923851931760664,-1.1247079089215457,-0.19915792181144398,1.6209464467047683,1.7444045306705414,0.8465631820128738,-0.648031208641209,1.3864809074745432,-0.18149916042758144,-0.9621281948246969,0.09333213109712843,-0.3617100498479206,1.3310290459765695,0.8451153421496791,0.019686313799237177,-1.3931335587189932,0.7964012112116028,1.160207757998941,1.2525082332603192,0.11423834144674928,-0.09818121333767856,-1.6831657243019156,1.9439682150527533,-0.5546363892501934,-0.9152464636798889,1.18443606763462,0.10360223270789877,-0.14091917388166536,1.4649156633114462,1.7188519322720297,-2.3209089415693462,-1.184283086019431,0.3514516809869733,-2.2515457023302616,1.4123808015606327,-1.9289937577469536,0.9376194054723465
TCGA-05-4398-01A,0.02343375243958711,0.05188073960640694,0.0,0.4272486314950968,0.0,0.0,0.01416642330299788,0.0,0.0,0.0,0.009443772789768885,0.0,0.022269827681294423,0.0,0.0,0.0,0.0,0.0,0.030632500940618035,0.0,0.009411936698183708,0.0,0.0070476295072752744,0.002685139796587484,0.0,0.0,0.0,0.006635706608102027,0.0,0.0,0.0,0.08738336476101989,0.0,0.0,0.0,0.0,0.0,0.0,0.0,0.0,0.0,0.0,0.0,0.0,0.0,0.0,0.002730520048844065,0.0,0.0,0.0,0.0,0.0,0.0,0.0,0.0,0.0,0.0,0.004889585237744821,0.024431454310559472,0.001151098074946922,0.0,0.0,0.013036320570928227,0.0,0.0,0.0,0.002690245005824292,0.0,0.0,0.0,0.0,0.0,0.04218887033790824,0.0,0.0,0.0,0.0,0.0014620125033853106,0.0,0.0,0.0,0.0,0.020127986500798528,0.05222243094910511,0.03479581718023514,0.0,0.021774404590099626,0.06914312017078185,0.0,0.0,0.0,0.0,0.017116708891899965,0.0,0.0,0.0,0.0,2.8530895298518657,Lung Adenocarcinoma,0.07108306363512772,0.9695404165051635,-0.3708194274342205,0.5480501650922773,0.6404006378168752,0.644793999189504,0.4935586617511354,-1.3506890093052963,0.4994578413996842,0.484408612675649,0.8381717997184199,0.28493803358908537,0.2601667721528568,0.5479081342081557,-0.22016013438444113,-0.17303169317808353,-0.1584004289448965,0.13438203589001005,0.8163111609502246,0.2454007830248848,0.40294510386815685,1.4996579084925499,0.9996746310681714,1.5263104121936548,1.503875422922955,0.8984102652824698,1.122654928731703,-0.3048885171854493,0.804371021853639,0.20316639184988122,0.5244962030654299,0.34937968511280315,0.6946568745937979,0.23967631464526612,0.18126523346590198,-0.41640819869606277,0.11103265317369516,0.4273910191428356,-0.4766519746078312,0.7312182775995573,-0.26767454852286027,0.7112860647995785,-0.19599581904788588,0.3661332827765739,1.434460417556722,1.0646429654861365,-0.4309079143432325,0.5853663646602634,-0.3888132938814261,0.016722575401211914
TCGA-05-4402-01A,0.0,0.14756403017541456,0.0,0.0,0.0,0.0,0.025932005856557794,0.0,0.0,0.0,0.0,0.0,0.0,0.06657112356282427,0.0,0.0,0.0,0.0,0.3189795979520888,0.0,0.0,0.0,0.0,0.0,0.0,0.0,0.02371963489246148,0.0,0.0033371978524488455,0.0,0.0,0.0,0.0,0.0,0.0,0.0,0.0,0.026858257342379902,0.0,0.016933491098278363,0.0,0.0,0.0,0.0,0.0,0.0,0.0,0.0,0.0,0.0,0.0,0.0,0.0,0.0,0.0,0.010138827138342642,0.0,0.0013735797134140455,0.0,0.024187948375713083,0.0,0.0,0.0,0.008478574483002457,0.0,0.0,0.0,0.0963913509136515,0.006672217473565765,0.0,0.0,0.0,0.05746092498327454,0.0652118033890145,0.0,0.0,0.0,0.0,0.0,0.0,0.0,0.0,0.0,0.03519054298259299,0.0,0.0,0.0,0.0,0.0,0.0,0.0,0.0,0.06499889181497459,0.0,0.0,0.0,0.0,2.060697840353612,Lung Adenocarcinoma,0.6706858299214427,0.13081264751788768,0.60628285982622,1.1368736022554478,0.9326731653276948,-0.17610808525498486,0.7242337001299686,0.6998599391923147,1.1696743803193623,0.8539828981610182,0.6688123333493969,-0.18999340295342373,-0.48591613663630534,0.5464860331745734,-0.13688815220233866,-0.043018559065138955,0.9336909667129555,-0.48455212917449386,1.400713778836475,0.1321765088710848,1.5753845008737515,0.5501150814573952,0.2785673779242332,0.28934659381522293,0.5260584782505212,1.2025939324215382,0.7835788899112414,1.5361231471381322,0.5371421410018004,-0.6600164289206248,0.7360771709544122,-0.35671499289475134,-0.6775981021884673,0.658695465825918,1.1436429812872575,-0.25801451493210426,0.3098473113856762,-0.18439165237636962,1.2753685305161033,0.7049430777703867,0.6666549725019022,0.1933243439318842,-0.6081592257243233,0.7818440229187681,-0.3552726339123767,-0.49506200964548686,0.5330897353289746,-0.296744163204888,0.06936762432334184,0.6633631771618956
TCGA-05-4403-01A,0.046279728919457065,0.01160432538940169,0.0,0.05247901945374651,0.0,0.08611257850069226,0.0,0.08436267627385738,0.0,0.0,0.0,0.0,0.0011352981600134455,0.010266304001448819,0.0,0.07560115525705594,0.0,0.0,0.015886337503714584,0.0,0.07689918246665725,0.0,0.010791137021958866,0.0,0.0,0.0,0.0,0.0,0.027623460530192268,0.0,0.0,0.06258054053919143,0.0,0.0,0.0,0.0,0.0,0.0,0.0,0.0,0.0,0.0,0.0,0.0,0.0,0.0,0.0,0.0,0.0,0.0,0.0,0.0,0.0,0.0,0.0,0.0,0.0,0.0,0.039798497159513974,0.01371267463898035,0.0,0.000625473567073783,0.0,0.0,0.00842126384582678,0.0,0.0,0.0,0.0,0.0,0.0,0.0,0.0,0.02241638192000048,0.0,0.0,0.0,0.01424405432105848,0.0,0.0,0.0,0.0,0.0,0.053610666554041286,0.12256853067822306,0.0,0.0,0.1303464023227792,0.0,0.0,0.0,0.0,0.0326343109751151,0.0,0.0,0.0,0.0,2.113943352306837,Lung Adenocarcinoma,1.325649053035589,0.48257494116535504,1.456481037670061,0.2269975883556943,0.6667245970158943,0.8255762955306164,1.1444701381370406,1.7274621148610934,1.5446127261900757,1.5773768005080369,1.5539609424976855,-0.13683281560012892,-1.5884359189441444,-0.04290242209325577,1.1058182344257743,2.0982562483654554,1.186905614864094,-1.4986024602057255,1.0416831314490818,0.2255954166293087,1.7774101899008912,0.7438755999446443,1.2739460479144487,0.6637012659815169,1.0170055805080054,0.9534875308037143,0.5933072276713207,0.7827957654354498,1.5129415469527496,-1.716760838693892,-0.3109766391183683,-0.9597425789956024,-1.2613182573117891,0.17557402101992928,1.55230897148531,0.620445067858614,1.684029369124114,0.9923670442692579,1.254177541533296,-0.40706531223925757,0.43274505674589997,0.7117968628583734,-1.55323478400765,0.858384071493209,0.5374438148203196,-1.158475269932047,0.4493761323663739,0.8073241415057378,-0.47403165540117037,1.8484631147568242
TCGA-05-4405-01A,0.01550033177570696,0.0,0.0,0.39026942142844334,0.0,0.0,0.02979003376858765,0.0,0.0,0.01260689774922457,0.0,0.0,0.0,0.012595686321487642,0.0,0.0,0.0,0.008256702270705659,0.026093583307944847,0.0,0.0,0.0,0.0,0.004069498561911137,0.0,0.0,0.045796638337811654,0.006717515342358055,0.0,0.0,0.0,0.0889842088709429,0.0,0.0,0.0,0.0,0.0,0.0,0.0,0.007602017180007785,0.015567510629828097,0.0,0.1114796909674179,0.0,0.0,0.0,0.03464034693855666,0.0,0.0,0.0,0.0,0.06532869083745581,0.0,0.0,0.0,0.0,0.0,0.0,0.0026372392343314765,0.0,0.0,0.0,0.0,0.0,0.0,0.0,0.0,0.0,0.014907712109110178,0.0,0.0,0.0,0.0,0.0192005875330793,0.0,0.0,0.0,0.017288098880383844,0.0,0.0,0.0,0.0,0.0,0.00325823647970511,0.0465039509351219,0.0,0.0,0.0,0.0,0.0,0.0,0.0,0.020905400539877446,0.0,0.0,0.0,0.0,2.5327543789924976,Lung Adenocarcinoma,-0.7630230995338774,0.03334971840562354,0.8893571530962302,0.4482078175470201,1.3580072256467561,0.13251618384251787,0.43411876938485294,0.9800315127590031,0.25882171167740253,0.8464878982687033,0.17500282940417433,-1.7358312936161095,-1.2449299694458238,0.7705094448101124,0.3270943344235688,0.057416828387944464,-1.0503419722157512,-1.178555294747323,-0.3522974016508033,1.2146564086061613,1.0493491759869933,-0.4011266440065632,0.09399993302850529,0.09008142463138236,0.5420900592860003,0.05324600461296083,0.0555327388168913,0.8222992040529721,0.5821906959346196,-0.032200677554347946,-1.1681051082462905,-1.3038036672818458,-0.5376363838920041,1.4357974097782162,1.8435231867786934,-1.3228178262289216,0.16779270521848755,0.5630255412732288,-0.025564785970796828,-0.8499410581957748,-0.10869382615795786,-0.5229571196804379,-0.8854799452016652,1.0225994485875518,0.15539127249075427,-0.5651740418972262,0.8239785648176882,-0.6252796954142765,0.5107121033985375,-0.47413715711584725
TCGA-05-4410-01A,0.018353157712264603,0.05159322292828496,0.0,0.601184255089109,0.0,0.0,0.0,0.0,0.0,0.0,0.0,0.0,0.0,0.0,0.0,0.0,0.0,0.0,0.038579209903928734,0.0,0.0,0.0,0.0,0.0,0.0,0.0,0.0030419018522011144,0.01037897592478977,0.0,0.0,0.0,0.07169717320719637,0.0,0.0,0.0,0.0,0.0,0.018346616098951538,0.0,0.0,0.0,0.0,0.0,0.0,0.0,0.0,0.0689120934524338,0.0,0.0,0.0,0.0,0.0,0.0,0.0,0.0,0.0,0.0,0.0006016628381228662,0.002038103190406474,0.0,0.0,0.0,0.005362041534247542,0.01392414117906507,0.0,0.0,0.0,0.0,0.0,0.0,0.0,0.0,0.0,0.0,0.0,0.0,0.0,0.0,0.0,0.0,0.0,0.0,0.0,0.035052770976105284,0.032440460995429306,0.0,0.0,0.02849421311746358,0.0,0.0,0.0,0.0,0.0,0.0,0.0,0.0,0.0,3.0394141191761372,Lung Adenocarcinoma,-0.5496918581371039,0.8955697688455283,1.0809426354455811,-0.766692813251756,0.43090264111375254,1.194170519442469,0.28585239089173936,0.6802155943044726,0.5844926043393174,-0.08076577732229974,0.6950754872696034,-0.9420535240789405,-0.8479989340557664,-0.6905640805360385,0.2909504091443487,-0.007862530801417647,0.37165852542671246,-0.5937602893508465,-0.3441939053415892,-0.5075707808825164,1.115301085446966,-0.7279244033160908,0.627413492732849,0.5972317373731931,0.5090488639566422,0.9540130323717979,0.9649128044944733,0.8531230690078557,0.6007274770459371,-0.034808614471854016,-0.594388236393449,-1.135104541868545,-0.46689960909925454,0.12421623953110439,0.48722940838701373,-0.931197512395129,-0.39568435421426623,-0.11810829368965745,0.7708236812822794,0.5611689630301597,0.8464207436522223,0.15335894771353528,-0.47616687580520894,0.1429916183114683,-0.18319541308296344,-1.510491584308711,-0.1200064490999571,-0.7486122953242816,-0.4919241455782966,0.008591885687488013
TCGA-05-4415-01A,0.02785012258716341,0.0,0.0,0.3690248053660001,0.0,0.0,0.0,0.0,0.0,0.0,0.0,0.0,0.0,0.0,0.0,0.0,0.0,0.0,0.018669396045393048,0.062316793070904854,0.007628136725804765,0.0,0.017402760833436844,0.0,0.0,0.05513724983826881,0.004474227868146739,0.0,0.0,0.0,0.0,0.1880725113706865,0.0003697115151724041,0.0,0.0,0.0,0.0,0.0,0.0,0.012818894177781686,0.0,0.0,0.045856925626911856,0.0,0.0,0.0,0.0,0.0,0.0,0.0,0.0,0.02750459055997135,0.0,0.0,0.0,0.0,0.0,0.0,0.03700260885635336,0.0,0.0,0.02244810997167707,0.0,0.004386368672422199,0.0,0.0,0.0,0.0,0.0023096815007254,0.0,0.0,0.0,0.0,0.0,0.0,0.0,0.0,0.0015705924586466278,0.0,0.0,0.0,0.0,0.0,0.023000776352948813,0.009348415786438807,0.0,0.0,0.06280732081514542,0.0,0.0,0.0,0.0,0.0,0.0,0.0,0.0,0.0,2.3096301674258988,Lung Adenocarcinoma,0.21036841938895626,-0.19154014057522203,-0.46748244334106276,-0.2974148046802644,-1.2741309383235853,-0.4266589385937512,-0.6751173462560106,-0.3068846993009308,1.1751913713776732,-0.9540232871305135,0.3010009210061565,1.1569296702713,1.3666570027794158,-0.6202083883262002,-0.8693153433263183,-0.38442776690756186,0.21972035842395815,1.4978719546897605,0.8024102966373744,-1.0972754877009447,-0.6853367992618511,-0.33078827899419744,0.09935817071944608,-0.17855939808059296,0.026423841298066422,0.3099339179716751,0.20985441749604528,-1.2755926769780799,-0.6593401681673102,1.261207684029688,2.068810909368704,1.8695240344798076,2.270882240726352,-2.0579730994854604,-1.7908160359106944,0.6052346434175391,-1.255346569242461,-0.575575370768541,0.5453450864723629,0.7706010145748338,0.30468021568720666,1.0529336283863608,1.3765550870283048,-0.2809853250357232,0.47722001037859785,1.2288154937378406,0.3626985523870387,-0.30388290729307493,0.10645897936658778,0.1648600588390696
TCGA-05-4417-01A,0.01936401275242724,0.008012910363435193,0.0,0.26885237027694764,0.0,0.0,0.0,0.0,0.0,0.0,0.01574433618296457,0.0,0.027165963194694713,0.0,0.0,0.0,0.0,0.0,0.0,0.05219693952780639,0.0,0.0,9.778317751981768e-05,0.0,0.0,0.04233943250531074,0.0,0.0,0.0,0.0,0.0,0.19672220041845886,0.0,0.0,0.0,0.0,0.017170050597070316,0.0,0.0,0.0,0.009519993415952869,0.002033233957076261,0.0730298141550997,0.0,0.0,0.0,0.036141149523516304,0.0,0.0,0.0,0.0,0.0,0.0,0.0,0.0,0.0,0.0,0.0017590240794160014,0.0421772836055454,0.05016959589847529,0.0,0.0,0.0,0.04132541515562629,0.0,0.0,0.0,0.0,0.0,0.002745963563873772,0.0,0.0,0.0,0.0,0.011362612555817447,0.0,0.0,0.0,0.0,0.0,0.0,0.0,0.0,0.0,0.0820699150929651,0.0,0.0,0.0,0.0,0.0,0.0,0.0,0.0,0.0,0.0,0.0,0.0,2.4653828514484184,Lung Adenocarcinoma,0.1650502890010713,1.0810011454278081,1.2985640603093405,1.8028124241033017,0.7711353948937534,0.5081071217633422,0.7406408868403241,-0.23274564118593563,-0.40342975078581805,1.4974620318072753,1.2994871536111745,-1.2370648179118042,-0.9963177737364065,1.3076673790104796,0.315252141401358,0.27483904757509175,0.2850713979526852,-0.8008965782053099,-0.19777118811027095,0.6577531025413834,1.1328538304922502,0.7265469032962967,1.612323305347013,1.1087594886387042,1.2125585929652913,0.14601351905716153,0.5736510076710141,-0.5592266216067439,1.3454493169837458,-0.3219172604228692,-0.2581027893075858,-0.7325566749932032,-0.7417202975036609,1.3990455607146943,0.5576778578016658,-0.15686818659024365,-0.16988157864899503,1.3557443556994062,-0.989666777540027,0.06737172845679792,0.9300266219711987,-0.06059965121393452,-0.7276791071834123,1.170172797556267,1.3973699545368274,-0.0284956875556822,0.7899955035315479,0.15027607398801257,0.4231792101125335,0.549579514607081
TCGA-05-4418-01A,0.016752304589852947,0.02356413849995638,0.0,0.27131513464349327,0.0,0.0,0.013956674702273781,0.0,0.0,0.0,0.0,0.0,0.0,0.0,0.0,0.0,0.0,0.0,0.01337842919074977,0.0,0.02187097220499581,0.05739047676313166,0.0,0.0,0.0,0.0,0.0,0.0,0.0,0.0,0.0,0.06615080585981292,0.0,0.00392695444449511,0.0,0.0,0.0,0.0,0.11891827242493822,0.0,0.0,0.0,0.0,0.0,0.0,0.0,0.0,0.0,0.0,0.0,0.0,0.09685206017198437,0.0,0.0,0.0,0.0,0.0,0.0,0.06329110183421942,0.0221549738892946,0.0,0.0,0.035094858227693405,0.002443678491402118,0.004496072791883925,0.0,0.0,0.0,0.0,0.0018069519277888833,0.0,0.0,0.0,0.0,0.0,0.0,0.0,0.044634290572494004,0.05328808353697726,0.0,0.0,0.0,0.0,0.0,0.02506358923534843,0.0,0.0,0.015107990520907144,0.0,0.0,0.0,0.0,0.028542185476306516,0.0,0.0,0.0,0.0,2.4456042032735974,Lung Adenocarcinoma,1.9234679985883925,0.6884278275595951,-1.0064833339398493,-0.31997825524042817,-0.30314547127645725,0.3452817880752449,0.6639737766879644,-0.025579686311665174,0.31071816260018953,0.5271089059151948,1.059415708364,1.2278330203671284,-0.05057777513139366,0.09903782612279775,0.14320578246590104,0.7767766156601364,1.668586850070291,-0.3391897974080872,1.7033831268601587,-1.5774580300212064,0.9773666853801064,1.1941078096987685,0.5250732044153352,0.7293750105010963,0.9419317961749593,1.4895410627539176,1.3240582470654412,-0.6848628448490034,0.6971855073224411,-1.2009215625444072,1.204649631524568,0.8051728811808114,0.5600214593642313,-0.6022916205488577,-1.206097226822162,2.2003439951945074,1.2504504964111538,-0.9690209036457627,0.6689281048369868,1.7760832199018435,0.27585512394294864,1.9346004638221153,-0.5202071666309692,-0.11089938876463953,1.158798754653564,1.2233520481802638,-1.0503649229789598,1.1287168219640795,-0.3620755841491339,2.209983088702105
TCGA-05-4420-01A,0.0,0.011978065370716492,0.0,0.244868970600934,0.0,0.0,0.0038348736458886923,0.0,0.0,0.0,0.06611288017982775,0.0,0.006165309236746684,0.018369735960642376,0.0,0.0,0.014603341189286821,0.0,0.011692809842478226,0.0,0.008426728009499198,0.0,0.0,0.0,0.042135013279360714,0.09034128222074811,0.0,0.00842578051250854,0.016713982163128704,0.0,0.0,0.08528341800029159,0.0,0.0,0.0,0.0,0.0014308494554497407,0.0,0.0,0.005748571857678543,0.0,0.0,0.0,0.0,0.0,0.014387235045242938,0.038419379395068017,0.0,0.0,0.0,0.0,0.0,0.0,0.0,0.0,0.0,0.0,0.0,0.04074803115794906,0.021605477014266957,0.0,0.0,0.015536599077785072,0.003424680169702937,0.0,0.0,0.0,0.0,0.0,0.015196125688210937,0.0,0.0,0.0,0.00751696362173428,0.0,0.0,0.0,0.0,0.0,0.0,0.09110545268852725,0.0,0.0,0.0,0.012327939515482729,0.0,0.081566401472943,0.020843265307300435,0.0,0.0,0.0011908383206002536,0.0,0.0,0.0,0.0,0.0,0.0,2.459392487759231,Lung Adenocarcinoma,0.7943851792658121,-1.2400179171052286,-0.4490625099890051,-0.4004497361508037,-0.5403762443728009,-1.3764865866056561,-1.573179760032316,-0.3495215895695807,-0.1874674145416822,-0.21207374247113622,-0.9556910624445432,0.9938054658449422,0.754632938901403,-0.405775043282148,-0.9927853794331891,-0.18216458228529206,0.33195649756166423,0.6641497309069131,1.4321367853730782,-1.7139970313756707,0.07808994010109287,-0.8410694086877943,-0.6346345111753532,-0.6616056057885483,-0.4792488703695631,-1.4063441614631718,-1.488655786089406,-1.399613573555137,-1.0811128091381124,-0.7961856767675611,0.6076041799446124,0.8652789055754851,0.34648156134798125,-0.7068327438850645,-0.8181774385735645,1.021277265075625,-0.9363050945632034,-1.91878891611082,0.22076348130772055,-0.4037409820827444,0.047188126688344836,-0.4553413849732527,1.3294636863481684,-1.2438412716784952,-0.9887728739249056,1.0742327928562028,-1.384197838235893,1.1613705569015154,-1.3322508346479973,-0.2860082508490245
TCGA-05-4424-01A,0.018909325347950673,0.029966253932566883,0.0,0.5141516781032364,0.0,0.0,0.022009156032920783,0.001823492475646573,0.0,0.0,0.0,0.0,0.0,0.013409093005468395,0.0,0.0,0.005513236857062659,0.0,0.054409563397795284,0.0,0.0,0.00737843726552803,0.009375326126009166,9.334910928281429e-05,0.0,0.0,0.016978757996434442,0.0,0.0,0.0,0.0,0.09134875128779431,0.0,0.0,0.0,0.0,0.0017948168704083037,0.0,0.0,0.0,0.0,0.0,0.0,0.0,0.0,0.0,0.03443421262808106,0.0,0.0,0.0,0.0,0.0178486380650397,0.0,0.0,0.03240219187602533,0.0,0.0,0.005305211888279481,0.02492643668998074,0.0,0.0,0.0,0.0,0.001511274529146221,0.0,0.0,0.0,0.0,0.0,0.0,0.0,0.0,0.0,0.0,0.0,0.0,0.0,0.0,0.0,0.0,0.0,0.0,0.0,0.0,0.03231652627572833,0.0011936203181682427,0.0,0.06290064992144612,0.0,0.0,0.0,0.0,0.0,0.0,0.0,0.0,0.0,2.8382192219076257,Lung Adenocarcinoma,0.18750457219329617,0.20742775200550212,2.0954423235392765,0.9846582264818486,0.9392521820292946,0.3526036301127093,0.6551084899202668,1.0187098400553631,1.3940380498067613,0.63915504870823,0.8785305747104255,-0.9215179574549435,0.26601330654671135,0.22214532270095716,0.18968144172372897,0.4065346238553498,0.7934138230338491,0.2887793212618832,0.5559600998616323,0.3287372770913715,1.0725550853209866,0.5911084120690508,0.8401421938017629,0.28257617999338425,0.6258353132415982,0.369829106882768,0.23827720700595567,1.2350957945658978,0.8892898977311097,0.9002665571417813,0.44181544908130577,-0.17982171885241352,-0.3137918288911622,0.5889054160806857,1.2539314643337538,-0.6789392400065257,-0.4095651502911691,-0.7135710288853493,0.49409029605622135,-0.1299267644641577,0.44430054336305974,-0.08791630878365604,0.5153510360800323,0.629633287738691,0.20069612041477358,-0.06437610652222019,1.1164287388285967,0.40545542234970205,0.8568898703836657,0.7344122427714511
TCGA-05-4427-01A,0.00915249737488522,0.02146225781145796,0.0,0.5470774425800742,0.0,0.0,0.004239873873967476,0.020677394426603823,0.0,0.0,0.0,0.0,0.006720583286522796,0.003716644918915968,0.0,0.0,0.0,0.0,0.020396022437954315,0.0,0.0,0.0,0.015016514033646651,0.006308247221208269,0.0,0.006350166314407888,0.0,0.0,0.0,0.0,0.0,0.07224655154911057,0.0,0.0,0.0,0.0009074028678272371,0.0,0.0,0.0,0.010566323751923191,0.0077057360250785654,0.0,0.0,0.0,0.0,0.0,0.09146845187118441,0.0,0.0,0.0,0.0,0.032177238465090706,0.0011291833573414893,0.0,0.0,0.0,0.0,0.0016929935896523485,0.021734089736685315,0.0,0.0,0.0,0.0,0.0053231043621655445,0.0,0.0,0.0,0.0,0.003909961462524076,0.0,0.0,0.0,0.0,0.026628984677771424,0.0,0.0,0.0,0.0,0.0,0.0,0.0,0.0,0.0,0.008517129216253895,0.02412598419471588,0.0,0.0,0.002112494700052352,0.026259319787056156,0.0,0.0,0.0,0.0023774061059222244,0.0,0.0,0.0,0.0,2.9800033715837464,Lung Adenocarcinoma,-0.9999959502688431,0.18398422962087632,-0.6436225234190024,0.271787025683151,0.1673974292736833,-0.09354045739090462,0.488833316621535,-0.7848064851360933,-0.8370952297906151,-0.05515235159315632,0.3070622830059349,-0.5790853871556187,0.3964746773136078,-0.08447321948210988,-0.6358905054496321,-1.1234631701630375,-0.8322168654120324,0.587520230865222,-1.191699144563888,-0.03560678661994851,1.0249039821164037,0.10337953314251383,0.22224319287568794,0.14422351794855218,0.5681219198627624,0.11657033910055269,0.1646948457931814,-1.8126692613971433,0.22615951083823707,1.50514157644777,-0.8274897020614698,-0.37613594715401877,-0.6004221193684613,-0.8001579459558181,-1.1139479626452997,-1.3421943771396976,-0.27247497416569916,0.14804806233786144,-0.9627617447762822,0.5247864503046469,1.1228090940333955,-0.9401745538650109,0.46386038365633936,0.9833074553626184,0.5905499656224611,-1.1039576145173944,0.43946813118823314,-0.19084530757028836,-0.8784960426590419,-1.0890532390306031
TCGA-05-4430-01A,0.0,0.006586110166332785,0.0,0.1565967006207572,0.0,0.0,0.002656009681544974,0.01771409536939027,0.0,0.0038694540734603507,0.0,0.0,0.0,0.0,0.0,0.0,0.0,0.0,0.0,0.0,0.04806223387257078,0.0,0.004071933184582693,0.00019647469232830707,0.0,0.03443728753890951,0.0,0.0,0.054819929363925365,0.0,0.0,0.04233653427638444,0.06431980334470462,0.0,0.0,0.0,0.20759750215966066,0.0,0.0,0.0,0.006029196373236498,0.0,0.0,0.0,0.0,0.0,0.09485076535345954,0.0,0.0,0.0,0.0,0.0,0.0,0.0,0.1303666322464318,0.0,0.0,0.0,0.0015047265269534835,0.0,0.0,0.0,0.019658074453826693,0.007400447718812624,0.0,0.0,0.0,0.07774933175541802,0.006086722765862087,0.0,0.0,0.0,0.0,0.0,0.0,0.0,0.0,0.0,0.0,0.0,0.0,0.0,0.0,0.0,0.013090034461447233,0.0,0.0,0.0,0.0,0.0,0.0,0.0,0.0,0.0,0.0,0.0,0.0,2.3654879848909,Lung Adenocarcinoma,0.4692891835375472,0.5016460709223228,0.7222282415720606,1.369586032895878,1.9137707199239882,0.4185555065673666,0.6709053531833901,0.6260396540259218,1.0251444570328805,1.8669603029419035,1.1980204106587427,-0.18624660965060164,-0.8227657264635325,1.302085294839421,-0.05479973800163518,0.21578075325957435,0.0967126004449591,-0.8878184019917884,0.31814512709466847,-0.09937712086563451,1.383177019588419,0.5359420625822103,0.7459715274955655,0.8287072768806292,1.0063219579944467,0.5308119764056967,0.644837883730132,0.8906845004797822,1.2430596938712464,-1.0584032795370057,-0.2638815316331406,-0.15314946710698357,-0.5085319876463272,1.3404964332960623,1.564713729704754,0.16985781472336278,0.49373800940830714,0.9643054182074197,0.8532482956582703,0.3284962670670957,-0.046967987172714096,0.12897732286454594,-0.9621027485471949,1.1583249141703391,0.5095113684739945,0.3538674142289381,0.974759708574764,1.0543627574201957,0.11545155591860641,0.3545957293893409
TCGA-05-4432-01A,0.02582745915111993,0.0,0.08853564516817336,0.5425089474774187,0.0,0.0,0.026020447023714796,0.0,0.0,0.0,0.0,0.0,0.0037857750753615632,0.0,0.0,0.0,0.0,0.0,0.016414673475497032,0.0,0.0,0.0,0.017258646603203174,0.0,0.0,0.0,0.0,0.0,0.0,0.0,0.0,0.036753394968399966,0.0,0.0,0.0,0.0,0.0,0.027951657778370474,0.0,0.0005973420675916344,0.0060051670207107435,0.0,0.0,0.0,0.0009806233796407046,0.0,0.0,0.0,0.0,0.0,0.0,0.0,0.0,0.03400656467281615,0.0,0.0,0.0,0.01030478239405508,0.012339192514971235,0.0009001574842157399,0.0,0.0,0.0,0.019204248508376816,0.0023507568326679804,0.0,0.0,0.0,0.0,0.0,0.0,0.0,0.0,0.0,0.0,0.0,0.0,0.0,0.0,0.0,0.0,0.0,0.0,0.07000881955017675,0.030761847164181667,0.0,0.0,0.0,0.0,0.0,0.0,0.0,0.0,0.016173517852080637,0.0,0.0,0.01131033383725592,2.762678563727436,Lung Adenocarcinoma,0.03860288321248334,0.05197360666684476,-0.06087876455815544,0.7736048781530125,0.006152718552276666,-1.137817420679874,-0.3451222107381254,0.25557777408125343,1.1506513837518615,0.014312084017026636,-0.054145391343519256,-0.17949995041809136,0.0875323983332028,-0.06824894123859744,0.15502322298444854,0.31386532077837875,-0.024512355491331662,0.052512963898337706,0.4568950610930903,-0.419269444661676,0.4912313122742281,0.6386589628888731,0.3196718576442221,0.06505311404765082,0.20513550217892018,-0.5016077800135887,-0.19455612923113622,-0.23174373872494755,0.09430080292608355,-0.15209705874123616,0.38474808270355715,0.012568818376150235,-0.17829127675432394,0.3472558389689603,-0.08734775474549465,0.3317642427120492,-0.4798708347153438,0.6883728010197593,0.12984796866669265,0.34550911185496785,0.26742462019592156,-0.011665749464527732,-0.05817256050919225,0.8338793506868835,0.05949299409549774,-0.007579320538732963,-0.45819620726709076,0.6230226744501052,-0.13092561078398054,-0.05284358639454418
TCGA-05-5423-01A,0.030503445431696842,0.05690190013406014,0.0,0.2293345794125919,0.0,0.04861236207368271,0.003189119963581058,0.0,0.020751800225713254,0.0,0.0,0.0,0.020004939021059896,0.0,0.0,0.0,0.0,0.0,0.01799622747113918,0.0,0.03157036573698514,0.0,0.0065117776623315,0.0,0.0,0.0,0.0,0.007258840710854862,0.0322050712282605,0.0,0.0,0.10544865708530704,0.0,0.0,0.0,0.0012284368210822164,0.0,0.0,0.0,0.0,0.0,0.0,0.0,0.0,0.0,0.0,0.0585276533221158,0.0,0.0,0.0,0.0,0.0,0.0,0.0,0.0,0.0,0.0,0.012951644692829176,0.05212965535526628,0.016202200561793174,0.0,0.0,0.0904691121007346,0.009462020465342192,0.0,0.0,0.0,0.0,0.0,0.0,0.0,0.0,0.0,0.0,0.0,0.0,0.0,0.0,0.0,0.0,0.1075574082372091,0.0,0.0,0.01936306756096915,0.021572668584349326,0.0,0.0,0.00024704614104493095,0.0,0.0,0.0,0.0,0.0,0.0,0.0,0.0,0.0,2.1702617153949575,Lung Adenocarcinoma,1.308464061382668,0.8560151407044279,0.5290790581531309,-0.5410067963364821,-0.5230748247787571,-1.824007829064193,0.7006718999013088,2.5314622766649695,1.2902671951286422,0.5681672774547268,1.1102572043634444,1.073553188881461,-0.8164186924550026,-0.7848980539738353,-0.5284496469866481,0.5286946836366029,2.0906774597186484,-1.5436884385392409,-0.3421751506611407,-0.9225955588264756,1.2082532105208903,-0.4667208201525334,0.6503341289924328,0.6821683169740221,1.074440692526149,0.862682542016761,1.004958243624342,-0.6887789641261951,0.977439323526389,-2.6737067853273637,-0.02058717484806658,-0.015121337565143488,-0.7335381146050057,-0.2527517159836502,-1.606554685180387,2.0910556753192875,0.42239982650901364,0.13205817464272174,2.2687344202820983,-0.6588621738300618,1.3173726897641145,0.5393698684198865,-1.1410053993847482,-1.2697953167701481,0.4314668582266172,-0.34166262320944346,-1.1521895499111963,1.2048943442141635,-2.9793523262355053,1.0316199399371584
TCGA-05-5425-01A,0.011011656395302825,0.002628480359102766,0.0,0.4234264176430755,0.0,0.0,0.0,0.033274923761814734,0.0,0.0,0.0459385313154789,0.0,0.0333522704271929,0.005484155915562729,0.0,0.0,0.0,0.0,0.03708344401647597,0.004528283281668466,0.0,0.005044119599455851,0.0017226284996501434,0.001342378176680935,0.0,0.0149813269227951,0.0,0.0,0.0,0.0,0.0,0.20053026874458837,0.0,0.0,0.0,0.0,0.0,0.0244065506808933,0.0,0.0,0.0,0.0,0.0,0.0,0.0,0.0,0.0,0.0,0.0,0.0,0.0,0.0026482261495739054,0.0,0.0,0.0,0.0,0.0,0.0019153162949530613,0.025978296690574915,0.0,0.0,0.0,0.00921655869769949,0.020830676845427987,0.0,0.0,0.0,0.0,0.0,0.0,0.0,0.0,0.0,3.609463714648324e-05,0.0,0.0,0.0,0.008638659386011107,0.014104317126236643,0.0,0.0,0.0,0.0,0.003914975196706949,0.05805924379981483,0.0008141957175178138,0.0,0.009088003718598326,0.0,0.0,0.0,0.0,0.0,0.0,0.0,0.0,0.0,2.7589118923979736,Lung Adenocarcinoma,1.2361438592339122,1.0761385272157862,0.6819275070639598,0.34687353983589303,0.36104273760238315,-0.15712053180539223,0.9739141468659236,0.555189063918448,1.5528137751760924,1.1546788511319734,1.5737645129866464,0.6824018335773926,0.23294088133378082,-0.029600243136224464,0.16850619180967738,0.8618408821304074,1.5505585525520886,0.17523783399287068,0.5511802261001642,-0.8175838777641589,0.5281701404008222,0.3714038937047919,1.1480126288627475,1.4078124854118867,1.3753963487029655,0.8924387985689464,1.2299426689525128,-0.3142084579261835,1.126817820419557,-0.4164396436786405,0.7329007309778315,0.8752811126039108,0.5797312522670727,-0.3673606887787363,-0.861091115847557,1.4513557724081396,0.6630535820931316,0.7888272878990351,0.9075978085068727,2.651832319907337,0.4966284721837151,0.7322123211920395,-0.19377105518417306,0.35214350264509225,1.3736232612817907,0.8965096175908546,-0.5185637758441993,1.9286387922189123,-1.0972040787144857,1.8923834767480208
TCGA-05-5428-01A,0.005343044402372467,0.12981550366067823,0.0,0.35600268760835785,0.0,0.0,0.03316662990373999,0.0,0.0,0.0,0.0,0.0,0.0,0.0,0.0,0.0,0.0,0.0,0.0902832940719362,0.0,0.0,0.0,0.0,0.00378611044970332,0.0,0.0,0.045253849194977054,0.0,0.0,0.0,0.0,0.08685577882255546,0.0,0.0,0.0,0.0,0.0,0.0,0.0,0.0,0.0,0.0,0.03616447975368107,0.0,0.0,0.0,0.0,0.0,0.0,0.0,0.0,0.0,0.0,0.0,0.014076144320877615,0.0,0.0,0.01722860993943106,0.006946975635076492,0.0,0.0,0.0,0.0,0.0,0.0,0.0,0.0,0.0,0.0,0.0,0.0,0.0,0.004006488984663443,0.05166785459918395,0.0,0.0,0.0,0.0,0.0,0.0,0.025757717462322444,0.0,0.0,0.041105082273762944,0.019669120868998875,0.0,0.0,0.0,0.0,0.03287062804768167,0.0,0.0,0.0,0.0,0.0,0.0,0.0,2.591064607026499,Lung Adenocarcinoma,1.8421574731303576,-0.13667268940617572,-0.4300696101689743,-1.5838115504239143,-1.4602695889557675,-0.1678662984304356,-0.26596385206612266,0.5068122459866702,0.8217387102485544,-0.15527391135115873,0.003637266270000031,2.1162243889825167,0.593637363702863,-0.4494193447596946,-1.1270376490710259,-0.3637170075745766,1.594256611574069,-0.12578499231397644,1.5123109648022932,-2.879231552639948,0.9746852084885295,0.32817468382058546,-0.3312660162126889,0.13909400047901882,0.00661003569073884,-0.3985632635815648,-0.283084908756495,-0.9720751063366595,-0.19437521718767015,-2.298407846463324,1.3485398965128144,1.6267939238629656,1.098572906442607,-1.8139900166765583,-0.8278875008824277,2.4632474530385813,-0.22665248219564868,-0.2584595944219655,1.6145746908355338,-1.1307098412487429,0.026239874537730204,1.5448753761631542,0.7624948093259494,-1.3661838518917442,-0.4586435895476008,0.7996595685140825,-1.8860329720953903,0.5948163882850097,-2.9224160664276027,1.3355363460365401
TCGA-05-5715-01A,0.050043029134586164,0.1783513030997155,0.0,0.0,0.0,0.0,0.07186196735418936,0.0,0.0,0.0,0.0,0.0,0.0,0.059026655634058824,0.0,0.0,0.0,0.0,0.32701440159344247,0.0,0.13779227988208267,0.0,0.0,0.0,0.0,0.0,0.0,0.0,0.0,0.0,0.0,0.031722933429290306,0.0,0.0,0.0,0.0,0.00037498440909045593,0.0,0.007163690240622466,0.0,0.0,0.0,0.0,0.0,0.0,0.0,0.08840583379374414,0.0,0.0,0.0,0.0,0.0,0.0,0.0,0.0,0.0,0.0,0.0,0.0,0.0,0.0,0.0,0.01838945662809244,0.0,0.0,0.0,0.0,0.0,0.0,0.0,0.0,0.0,0.0,0.0,0.0,0.013907091004870304,0.0,0.0,0.0,0.0,0.0,0.0,0.0,0.0057870239224198814,0.0,0.010159349873794998,0.0,0.0,0.0,0.0,0.0,0.0,0.0,0.0,0.0,0.0,0.0,2.0530784434834195,Lung Adenocarcinoma,0.8069012933454628,-0.14648562514993374,1.1504448840336725,0.23660959014600857,0.5295303219718439,0.04317932577786156,0.12985543091371743,0.7190976086632584,1.7548498530834813,2.000272035333595,1.0172317110853655,-0.11962850099809308,-0.6613618145019469,0.1445677737825269,0.1477785225694952,0.7717411713832781,0.7922171616867968,-0.8195696151157046,0.6192164607982186,-0.31393684932269567,0.9070479179566995,-0.436092801518419,0.1841693999485711,-0.18953373043323352,0.18539290760476226,-0.010997971150811988,-0.08455351567467004,0.2994712278909868,0.9922423343312321,-0.8984027335111526,0.26684702249250136,-0.5161821859446016,-0.2646025311925275,0.2399949195195936,0.8868865565147003,0.42909204203879553,0.3480275475037165,0.06093761002524436,1.8901232562668557,-0.39178561838426246,1.393568790394644,0.15883558942690462,-0.6458650442980284,-0.18736014724602132,-0.4994772780515228,-0.4275001137398634,-0.10657735478952358,-0.09582878061068839,-0.9692070183653269,0.9091670584539311
TCGA-06-5416-01A,0.03533021117319333,0.0,0.0,0.0,0.0,0.011156258914239547,0.02392895228176717,0.021500969932983026,0.0,0.0,0.0,0.0,0.14921843825355502,0.3646006502424529,0.0,0.0,0.0,0.0,0.0,0.07198423591534285,0.2448535196965616,0.0,0.0,0.0,0.0,0.0,0.0,0.009601192688829021,0.0,0.0,0.0,0.0,0.0,0.0,0.0,0.0,0.0,0.0,0.0,0.0,0.0,0.0,0.0,0.0,0.0,0.0,0.0,0.0,0.0,0.0,0.0,0.0,0.0,0.0,0.0,0.0,0.0,0.0,0.0,0.0,0.0,0.0,0.0,0.007459969355436909,0.0,0.0,0.0,0.0,0.004109225502230507,0.0,0.0,0.0,0.0,0.01093419772227928,0.0,0.0,0.0,0.0,0.0,0.0,0.0,0.0,0.0,0.0,0.0,0.0,0.0,0.0,0.0,0.0,0.0,0.0,0.042186843642115404,0.0031353346790133256,0.0,0.0,0.0,4.160708572292429,Glioblastoma Multiforme,0.214260361909755,-1.8862916062997732,-2.429144974896833,-1.4369548363187188,-1.0583306253600557,-1.7042885828598864,-1.5854743402056317,-1.7308389384511496,-0.6316482376100526,-1.8176223866398822,-2.0503189292466515,1.458748213303771,1.1309922597655246,-0.6310684318835753,-2.4659869594239137,-2.153033193471681,0.16379833886733855,0.8188562523060983,-0.3786402968014735,3.971423007874071,0.41780354115083423,-0.16709041242484932,-2.3602503914651964,-2.2452443118443783,-2.317253067752176,-2.383838688009088,-2.491696213911585,-2.0031122194142528,-1.0615290264516979,0.17518565850368642,0.2936403324861192,1.2415911983950563,0.1818097096171894,0.7763483176121415,0.21646210953824452,1.5835536462068662,-1.9685463575618718,0.5498918287458716,-0.9706310389407155,0.032865199859982167,-1.0520968671288173,-0.10945689604983837,2.5407122824622657,-1.6261802439345578,-1.7836576437194482,0.01741397535305972,-0.9311605199931462,0.9010473853248171,0.8054699312350349,-0.7219168531239335
TCGA-06-5858-01A,0.42738514436731195,0.0,0.0,0.0,0.0,0.0,0.0,0.0,0.0,0.0,0.0,0.0,0.0,0.04918343357254157,0.0,0.0,0.0,0.0,0.0,0.0,0.242151280313652,0.0,0.0026862843789148176,0.0,0.0,0.0,0.0,0.0,0.0,0.0,0.0,0.0,0.0,0.0,0.0,0.0,0.0,0.0,0.0,0.0,0.0,0.0,0.0,0.0,0.0,0.0,0.0,0.0,0.0,0.0,0.0,0.0,0.0,0.0,0.0,0.0,0.0,0.0026763420892912068,0.0,0.0,0.0,0.0,0.0,0.006049771159988791,0.0,0.0,0.0,0.0,0.0,0.0,0.0,0.0,0.0,0.22665556701769204,0.0,0.0,0.0,0.0,0.0,0.0,0.0,0.0,0.0,0.0,0.0,0.0,0.0,0.0,0.0,0.0,0.0,0.0,0.043212177100607686,0.0,0.0,0.0,0.0,2.27415784926368,Glioblastoma Multiforme,0.0869919123713185,-0.9048560644514152,-0.7964080968903674,0.06202896510419402,-0.15311111522400936,-1.306643228303229,-1.1586263864442026,0.8541603931044016,0.5401621165879412,-0.4013305357551319,-0.6683220622255587,-0.035482209706222526,0.6300780369053905,-0.22579810553577354,-2.1096179377321014,-2.53678725007329,-0.15120276481338774,0.5937458122268647,-0.05157125529968606,3.2806054568529945,0.8514412633372767,0.6560877518761938,-1.0602259420682403,-0.8571071732619497,-0.9074089533191713,-1.134635603408454,-1.3770489558202321,-0.5473528067059931,-0.3578909429698537,1.1623881118906865,0.6832619318787951,0.13834544963398518,-0.6087293731642867,1.197674224014397,0.8989887960332757,-0.22154103531223562,-1.577453528381729,-0.7984619172370913,-0.7931354315045139,-0.3169877178878432,0.04724762360871147,-1.0271235978088837,1.8522632946961135,-0.49670515721233083,-1.4465721250835688,-0.5298690059960712,0.5895060510542519,-0.12426660067665364,1.1267880129587977,-0.6783321903982458
TCGA-12-0775-01A,0.10852543389746218,0.016400675735433787,0.0,0.0,0.0,0.0,0.0,0.0,0.0,0.0,0.0,0.0,0.010448662684288451,0.0,0.0,0.015300045571472926,0.0,0.0,0.031239621556078383,0.0,0.0,0.015032404990030446,0.0,0.0,0.0,0.0,0.0,0.000992113339581841,0.0,0.0,0.04129027980354677,0.12129536055331917,0.0,0.0,0.0,0.0,0.14353424238220716,0.13404675599673652,0.257278032251686,0.0,0.0,0.0,0.0,0.0,0.0,0.0,0.0,0.0,0.0,0.0,0.0,0.0,0.014558672657878552,0.0,0.0,0.031355823285404975,0.0,0.0,0.0,0.0,0.014524129146150679,0.0,0.0,0.0,0.0,0.0,0.0,0.0,0.0,0.0,0.0,0.0,0.011470249493715083,0.0,0.014979025668264527,0.0,0.0,0.017728470986742455,0.0,0.0,0.0,0.0,0.0,0.0,0.0,0.0,0.0,0.0,0.0,0.0,0.0,0.0,0.0,0.0,0.0,0.0,0.0,2.0170333392987803,Glioblastoma Multiforme,-1.5568329976022146,-0.1911407525051259,-0.7688148402469555,1.182740157588498,0.4846516215230711,0.026815917435114172,-0.04458325070690959,1.0235989116232416,-1.6101248198946687,0.17019247739472804,0.5893368061131016,-2.9188957520507457,-1.3668896992669228,1.1434316650996292,-1.0600112572575022,-2.2109376827676646,-2.533692594671462,-0.862168920709644,-0.8063370228686967,4.0180193974527505,0.5017180028502912,2.2050300967654284,0.6746183456611685,0.3359665569937215,1.0798501544669734,-1.5597407378872143,-0.852575288895582,0.8195707541251683,1.3655616627552085,1.3499306714255073,-1.2989947693963293,-2.9228888601409313,-2.8180199656577076,1.9030726047074649,0.21953315797300654,-2.656336482890724,-0.3596185464407893,1.4722319197014828,-1.8020594164977648,-0.1313513950100597,-0.12791911510463597,-1.7643042118622365,0.6823208067776997,0.7800505510336528,1.2250003947964958,-2.6082635952107873,2.8864167981396145,-1.527863115543667,1.2748849149540735,-0.792153755897417
TCGA-12-0829-01A,0.08637550794605406,0.06594458978717023,0.0,0.0,0.0,0.012189037228019306,0.104092524589009,0.0,0.0,0.0,0.0,0.0,0.0,0.0566558498073432,0.0,0.0,0.0,0.0,0.0,0.0,0.08041249584106686,0.0,0.0,0.016810045947962628,0.03985651269852765,0.0,0.0,0.0,0.0,0.0,0.0,0.006479567827239163,0.0,0.0,0.0,0.0,0.0,0.07466337639750516,0.0,0.0,0.0,0.0,0.0,0.0,0.048741308398193336,0.0,0.0,0.0,0.0,0.0,0.0,0.09588375601298625,0.0,0.0,0.0,0.0,0.0,0.0,0.0,0.0,0.0,0.0,0.007038069423824075,0.029026110015173186,0.0022897817506980583,0.0,0.0,0.0,0.0,0.0,0.0,0.0,0.002134455464285206,0.056795522124609636,0.0,0.0,0.0,0.020831274121557837,0.0,0.0,0.0,0.0,0.0,0.14944559255563958,0.0,0.0,0.0,0.0,0.0,0.0,0.0,0.022636162388452365,0.0,0.0,0.0,0.0,0.02169845967468324,2.161368002234975,Glioblastoma Multiforme,-1.0649787736515262,-0.5765013635730944,-2.377257874001007,-0.22803282722615917,0.5392327792310956,-0.7572239087896279,-1.1598897376476298,1.0073470121798431,-1.1715010518732039,-0.2550757134125571,-0.03500840682593746,-1.7433782191975036,-2.2339656686590494,0.21105486118824487,-1.3561076212692416,-2.5553647590404,-1.7878849453582235,-1.9619649966283066,-1.2091812464914278,4.109540039724782,1.1328269517563874,1.553791979231618,-0.4849886186929984,0.055984589087620606,0.5173057151205351,-0.8222122844256279,-0.6360665795572871,0.9662498389793733,0.1896201387370092,0.09592938660423819,-1.6917672137734454,-3.532366958915742,-2.2592726807571473,2.2754417790920645,0.7794376239485024,-1.7912202788459626,-0.28356167500105295,-1.3738427205440127,-1.3685244963776244,-0.5603675282131989,-2.48066516752243,-1.1520823907141837,-0.3831084665433543,0.054658557796905385,-0.5813795994751167,-2.382636236429102,1.147257050668059,-0.6611695317135903,1.8361487950395718,-0.1143876345212994
TCGA-14-0871-01A,0.0,0.08571770518362662,0.0,0.0,0.0,0.0,0.0,0.0,0.0,0.0,0.09840313939061851,0.0,0.0,0.0,0.0,0.0,0.0,0.0,0.02445500584027725,0.0,0.0,0.0,0.02923853538074311,0.0,0.019488404503332828,0.0,0.0,0.0,0.0,0.0,0.0,0.0,0.0,0.0,0.0,0.007391125942970894,0.33229602774549183,0.0,0.0,0.0,0.0,0.0,0.0,0.0,0.0019038199222392018,0.0,0.10617585305528211,0.0,0.0,0.0,0.0,0.0,0.0,0.0,0.0,0.030426668886034444,0.0,0.0,0.0,0.0,0.017854003745416062,0.0,0.025497619977450026,0.0,0.0,0.0,0.0,0.0,0.04643710962475783,0.0,0.01268216371376139,0.0,0.0,0.0,0.0,0.0,0.0,0.0,0.0,0.0,0.0,0.0,0.0,0.027287387917189015,0.026370788330092213,0.031183810270526927,0.0,0.0,0.0,0.07719083057018969,0.0,0.0,0.0,0.0,0.0,0.0,0.0,2.0086001717619175,Glioblastoma Multiforme,-1.1833552483798124,-2.156332687447772,-1.9538665084840345,-1.1452909641531306,-1.8616092089619882,-0.7912441104959941,-2.456607680830718,-3.4817528210262827,-2.2772739817486123,-2.516875905817776,-2.950593474380692,0.9283679517663462,1.2123965282266642,0.10602333359407089,-3.37001046298159,-3.7091379479404485,-1.6493454556680158,1.3801468809264081,-0.834061098111246,2.7947944055544514,-3.3492515815298125,-1.3402906266065133,-2.199117240844251,-2.5001580114631414,-2.406847273849763,-1.9057033386714708,-2.5187834591378206,-1.2738388884753233,-1.9387792282926692,1.1187755725785273,-0.8305776396020803,1.8094621521529242,1.742689263003,-0.6962828132148731,0.5609865972246724,0.12558737597787298,-3.895722014285611,-0.861583541367582,-2.166508554101966,-1.7255586587204768,-1.431790996390688,-2.173123113557489,1.1307710568253326,0.16843107074459707,-2.60718723022998,0.4226295756869848,0.30941173383655357,-1.0818306430833122,2.639282276623646,-1.884342052592092
TCGA-14-1396-01A,0.10236009025946548,0.05308605956343659,0.0,0.0,0.0,0.0,0.007012082465528603,0.0,0.0,0.0,0.0,0.0,0.0,0.0,0.0,0.0,0.0,0.0,0.02506420255151354,0.007488768905547793,0.0,0.0,0.022676415687940512,0.0,0.0,0.05521762266933408,0.0,0.0,0.0,0.0,0.05259487974133682,0.0,0.0,0.0,0.008716585037391035,0.0,0.0,0.06676677478067991,0.13290395093199162,0.04551448044650836,0.0,0.0,0.0,0.0,0.0,0.0,0.0,0.0,0.0,0.0,0.0,0.0,0.0,0.0,0.0,0.0,0.0,0.0,0.0,0.03086638102145603,0.0,0.029361901431437566,0.0,0.0,0.0,0.015526099090485133,0.0,0.0,0.05491464101447752,0.0,0.0,0.0,0.0,0.0,0.022865840919194306,0.0,0.0,0.009313092994366874,0.0,0.0,0.0,0.0,0.0,0.2033880628733875,0.0,0.0,0.054362067614520684,0.0,0.0,0.0,0.0,0.0,0.0,0.0,0.0,0.0,0.0,2.2278867046136734,Glioblastoma Multiforme,-0.4512739458648528,-1.1189784081730951,-1.0542128659362715,0.5620714268602566,-0.44385912810485145,-0.3001228946730178,-0.6433654337430895,0.40843107588736094,-0.9090303724007123,-0.887938254209303,-0.8404803091166069,-1.0269654805171518,-0.4158618744629031,0.15103008945475366,-1.384345462798981,-3.0524071550155427,-1.268262457125507,-0.07114166903881995,0.4578162078955578,3.8348630997193314,0.8853214679273811,1.3749156043606428,-0.6688811825937644,-0.5129028662306699,-0.209428993231958,-1.0824246174338166,-1.1669853054407275,-2.269962392742914,-0.0769913565571294,1.4675951572860282,0.5923790775022255,-1.2279420658007167,-0.15262777878921202,1.644189907367492,0.0010537192278693768,-0.1207612716576016,-0.6989156781841152,-0.9230282575705402,-1.503379440963764,1.6745695152771265,-0.9385371183428828,0.05411704548928828,0.5316535876756924,-0.44849555649663214,-0.2655685654989298,0.0025926286809720206,1.0507711834504627,-0.583068208949105,0.7808762036572982,-1.0787658946950724
TCGA-14-1795-01A,0.10870471076184617,0.1927278163594539,0.0,0.0,0.0,0.00893774126254911,0.0,0.058398480145498456,0.0075037267485113125,0.0,0.0,0.0,0.0,0.0774270332262186,0.0,0.0,0.0437333860860215,0.0,0.0032979394543188067,0.0,0.0904715279286603,0.0,0.0,0.0,0.0,0.0223683233207825,0.019126453760641638,0.0,0.0,0.0,0.0,0.0,0.0,0.0,0.0,0.0,0.0,0.0,0.0,0.05129707859841751,0.0,0.0,0.0,0.0,0.0,0.0,0.0,0.0,0.0,0.0,0.0,0.0,0.0,0.0,0.0,0.0,0.0,0.0053607990231099014,0.00014841189092270677,0.0,0.0,0.0,0.0,0.0,0.0,0.0,0.0,0.13202577718081562,0.012893998477340646,0.0,0.0,0.0,0.0,0.004200982868150336,0.0,0.0,0.0,0.0,0.0,0.0,0.0,0.0,0.0,0.14366958312565697,0.00560422913394285,0.0,0.0,0.0,0.0,0.0,0.0,0.0,0.012102000647141144,0.0,0.0,0.0,0.0,2.2764618041732443,Glioblastoma Multiforme,-2.8886085236242005,-1.3208598249232888,-3.2713173073125517,0.4288226007300446,0.03841121758559598,-0.9153164737895638,-1.7007798338955433,-2.468747828730522,-2.699038973220766,-1.1074672774626908,-1.0027031916851743,-0.7736547598431792,0.026497109297890866,-0.29834363313287754,-2.4916399235039934,-4.130886362506923,-3.365219003053325,0.35031165254541313,-0.964599342780621,5.04616724783619,-1.4964334726806172,0.8589610666143613,-1.3989638458910856,-0.8960174885696924,-0.40237636739504107,-2.16009525523562,-1.9306214382667968,-1.2803343948434749,-0.16936151492325077,1.8045733271460693,-1.1264838488308562,-1.0409652704362033,-0.9505543378904409,1.322632701381145,-0.0056466181131213725,-1.8502620214387748,-1.5062587678830632,0.9417731060594796,-3.118544849150854,0.29906517112452274,-2.4661052653980655,-2.928464617378886,1.3825482881654254,-0.4686217310958442,-0.41871548244579226,-1.9614826925292028,1.3773304326302618,-1.2151846277053358,1.4405299770835385,-2.425315733733544
TCGA-19-0957-02A,0.20163819723320098,0.0,0.0,0.0031311942236109573,0.0,0.0,0.04098911986452866,0.0,0.017103707564526758,0.0,0.0,0.0,0.005498012052079982,0.0,0.0,0.0,0.32812768280101656,0.0,0.0,0.0035692684149512374,0.051253580484514026,0.0,0.02083678318985714,0.0,0.0,0.041294127683209426,0.0,0.0,0.0,0.0,0.0,0.0,0.0,0.0,0.0,0.0,0.0,0.0,0.0,0.057016122939192275,0.0,0.0,0.0,0.0,0.0,0.0,0.029044974943580913,0.0,0.0,0.0,0.0,0.0,0.00394575064699254,0.0,0.006063157647791014,0.01766695148247829,0.0,0.009046563371001152,0.0,0.0,0.0,0.0,0.0,0.013143173384344453,0.0,0.0,0.0,0.0,0.0,0.0,0.04362220779173922,0.0,0.0,0.0,0.0,0.0,0.0,0.0,0.0,0.0,0.030327025437899877,0.0,0.0,0.053442635345864596,0.0,0.0,0.0,0.0,0.0,0.0,0.0,0.0,0.02323976349761995,0.0,0.0,0.0,0.0,2.0644579892269186,Glioblastoma Multiforme,-0.01742082776576363,-1.0896246207080074,-1.393625358973867,-0.5573788021070089,-0.1184638820777034,-0.8927332971612373,-1.1943692001595414,1.2290956109577604,-0.5341498578020571,-1.0231787722379289,-0.6218629304131792,-0.8021998635719959,-0.5063676678853718,-0.5436448866300047,-1.5339735821170581,-1.9521148473787344,-0.2664072602297731,-0.3441765021607034,-0.9458485492214952,4.517873498855325,1.9873431437905835,0.8667199399859227,-1.2538238348584017,-1.236927933377274,-0.6419146285191777,-1.4023436514476693,-1.472237455643192,0.7249403458267452,-0.023537746506122843,0.6122869559342935,-0.3549364057193589,-0.8028477842980861,-1.240170739217399,2.2329522169482754,0.598509129110667,-0.33274211903745937,-0.9396198412387232,1.3475264559142441,-0.6304345528104252,-0.3048084984860385,-0.9328299131915821,-0.40552275432571244,1.1874618716531216,-1.310156998255141,-1.363314966845584,-1.72876915816248,0.5780403928483269,0.44390621298491106,1.6246760691863604,-0.4560273324844013
TCGA-19-1390-01A,0.20499066141684497,0.06539430429249667,0.0,0.07295352854580345,0.0,0.0,0.006525864468755404,0.0,0.0,0.0,0.0,0.0,0.002515970747679612,0.022913770339191085,0.0,0.0,0.0,0.0,0.003698205889519606,0.00827068242370171,0.04641920592713337,0.0030780619852621626,0.005700173520506546,0.01800568024968513,0.0,0.0612213595847043,0.03288329754829943,0.0,0.0,0.0,0.0,0.0,0.0,0.0,0.0,0.0,0.0,0.00929596074690788,0.06871510230658048,0.023490472156200228,0.0,0.0,0.0,0.0,0.0,0.0,0.0,0.0,0.0,0.0,0.0,0.0,0.0,0.0,0.01259840480998491,0.0,0.0,0.004357676736817001,0.0,0.0,0.0,0.0,0.0,0.010385694834557488,0.0,0.0,0.033640355736528765,0.0,0.0,0.0,0.0,0.0,0.050326703746086644,0.0,0.0,0.0,0.0,0.01699092404956114,0.0,0.0,0.0,0.0,0.0014840891173900739,0.0025623956193432432,0.0,0.0,0.0,0.12509744233510975,0.0,0.0,0.0,0.0,0.008236966439263234,0.0782470444260857,0.0,0.0,0.0,2.161368002234975,Glioblastoma Multiforme,-1.7922040818254483,-2.2402238321562993,-2.125075815938935,-1.4671183784013058,-0.5958591121516089,-1.3053614362498487,-3.1217016480198256,-1.7206741350047456,-0.6466711176512225,-2.7539915678932605,-2.391426002116322,0.14579755682192735,1.139575545134222,-1.8018092306935352,-2.8208571039842436,-3.4239738183598507,-1.4297726755396032,1.3457345618800198,-1.4965773731823715,3.7438775709556267,-1.0595098232771591,-1.2960280178395942,-2.598614246942223,-2.4291658696248892,-2.251019087327219,-2.5652613499131824,-2.9867320712173586,-0.40761524041985114,-1.591055503852693,1.7388087734987763,-0.8823625967109361,0.16684855126405654,0.35802144076673714,0.3896203291046617,1.612123330644243,-0.9770345851475783,-2.8356298212078728,-1.1566004060052362,-2.0734947704920343,-2.496193937800859,-2.867316262014942,-2.5116328117560602,1.7255542462729672,-2.36458531877972,-2.5168154998936765,-1.116924533611176,-1.2816168389641411,-0.7071055262590557,3.3917871227956122,-2.2668558585378933
TCGA-19-1787-01B,0.5120770481660317,0.0,0.0,0.0,0.0,0.01213679630833358,0.0,0.0,0.0,0.0,0.0,0.0,0.0,0.08295641590053252,0.0,0.0,0.0,0.0,0.0,0.0,0.1534116856040059,0.0,0.0,0.0,0.0,0.0,0.0,0.0,0.0,0.0,0.0,0.0,0.0,0.0,0.0,0.0,0.0,0.0,0.0,0.0,0.0,0.0,0.0,0.0,0.0,0.0,0.0,0.0,0.0,0.0,0.0,0.0,0.0,0.0,0.0,0.0,0.0,0.0,0.0,0.0,0.0,0.0,0.0,0.010690395220870792,0.0,0.0,0.0,0.0,0.0,0.0,0.0,0.0,0.0,0.1969176968860321,0.0,0.0,0.0,0.0,0.0,0.0,0.0,0.0,0.0,0.02326839018167088,0.0,0.0,0.0,0.0,0.0,0.0,0.0,0.0,0.008541571732522596,0.0,0.0,0.0,0.0,2.756636108245848,Glioblastoma Multiforme,-0.2585954839872141,-0.9112332650286556,-1.2751736605828912,-1.1553109223914746,-0.6689176605937653,-2.2021349419572016,-1.1138011053739718,0.9819473937335589,-0.49512304981407634,-0.9021715613309579,-0.5719587343578413,0.05897129462629294,1.39745436796427,-0.9097684614833661,-1.7580948199480628,-1.9986369516865004,-0.31484912513472446,1.2985723918318448,-1.4853178886720793,2.8797161358479797,-0.3191079057373211,-0.5652863741477248,-1.013721857865104,-0.9946752413104458,-0.7172021383779335,0.8886847429273329,0.028921078860290158,0.46289326184519164,-1.1428827783708257,2.380942932626807,-0.05281067229924133,-0.0035412551393920674,-0.6005529283022935,0.21170774238217663,0.042462201421109,0.4510997925669204,-1.6294339715235662,-1.2559037158432873,-1.1231063902265253,0.7835984985838392,-0.9049458046007517,-2.1178628664363504,2.4323370647568687,-2.2336550848722947,-1.50914098868322,-1.8805828002756528,0.2597343377713338,-0.4156409019240891,1.624109027911567,-1.0090082741270077
TCGA-19-2620-01A,0.30294312049109356,0.0,0.0,0.0,0.0,0.0,0.0,0.0,0.00027412315993057023,0.0032899866657228024,0.0,0.0,0.0,0.0,0.0,0.0,0.0,0.0,0.0052744432790180346,0.0,0.0,0.0,0.0,0.0,0.0,0.0,0.0,0.0,0.0027620450068183153,0.0,0.0,0.0,0.06235283559963013,0.0,0.0,0.012454450212570004,0.0,0.13156915764452495,0.028842419214094903,0.0,0.0,0.0,0.01974927140224552,0.12307449807949845,0.0,0.0,0.0,0.06407127977711413,0.0,0.0,0.0,0.0,0.0,0.05622074807922046,0.009951100877195787,0.0,0.0,0.0,0.0,0.0,0.0,0.04082945738309275,0.0,0.0,0.0,0.0,0.03828660259948746,0.02992985663648133,0.0,0.0,0.0,0.0,0.0,0.023928950737344547,0.0,0.0,0.0,0.0,0.0,0.0,0.0,0.0,0.0,0.0,0.0,0.03227423400426778,0.01192141915064859,0.0,0.0,0.0,0.0,0.0,0.0,0.0,0.0,0.0,0.0,2.0253058652647704,Glioblastoma Multiforme,0.7498009538261272,-1.4728924472479783,-1.3071066312601571,-0.3648693169530606,0.009534503698096003,-0.44841402545691694,-0.7099979864071543,2.711565290621219,-0.08103131551006384,-0.5157429332803521,-0.9491834299576211,-0.36120452029128136,-1.3985100495777205,-0.004539342367612957,-1.659594373826854,-2.233538340959061,0.06042070204732191,-1.5128854082820316,-1.3245584670965207,3.414025975924402,1.6165341368387478,0.7973891253114576,-0.8904713289471051,-1.1268921193535504,-0.8976646164622359,-1.6314889367963552,-1.7931032282600448,0.8133830620540878,-0.30268078471346743,-0.6146916589808558,-0.9941454639446133,-1.0694750970781113,-1.6830330497989416,2.2110933373133523,1.2931564473529618,0.5083816830492066,-0.6578334606913312,0.6888525592092639,-0.5834127220741133,-1.0537793015628314,-1.2069224917397172,-0.7332839122391613,0.1771429504661014,-0.32571856615002104,-0.7639331886870375,-2.7085144734554385,0.4175740664649911,0.9865869539887501,1.5774044504708677,0.002924208054297704
TCGA-19-5956-01A,0.11602467501920391,0.0,0.0,0.0,0.0,0.0,0.009627149257594402,0.005980261924658743,0.0,0.00540065734124906,0.0,0.0,0.21591984937377823,0.22586912138870996,0.0,0.0,0.044531653555687056,0.0,0.0,0.10596118787659745,0.1877091835219692,0.0,0.0014688158284633305,0.003609625312176845,0.0,0.0,0.0,0.005970876631725603,0.0,0.0,0.0,0.0,0.0,0.0,0.0,0.0,0.0,0.0,0.0,0.0,0.0,0.0,0.0,0.0,0.0,0.0,0.0,0.0,0.0,0.0,0.0,0.0,0.0,0.0,0.0,0.0,0.0,0.0,0.0,0.0,0.0,0.0,0.0,0.004942843187121422,0.0,0.0,0.0,0.0,0.0,0.0,0.0,0.0,0.0,0.0,0.0,0.0,0.0,0.0,0.0,0.0,0.0,0.0,0.0,0.0,0.006967959082346463,0.0,0.0,0.0,0.0,0.0,0.0,0.0,0.031351470957770265,0.028664669740947998,0.0,0.0,0.0,3.894094427322699,Glioblastoma Multiforme,-2.2476748048254884,-2.4017659436569776,-2.0805962731287124,-1.8541740985434563,-2.0094546705783425,-2.4736932341589535,-2.9690281568830597,-1.7684185032612583,-2.177278115454149,-3.130046883492225,-2.462303921054001,-0.08015416729094606,1.187083346138579,-1.7230204974698282,-2.878586357639716,-3.7473268102764274,-1.8693057761345226,1.573083135234195,-2.45042340972393,3.482525407502063,-1.3692204711539115,-1.537387832584217,-2.696405049154992,-2.796531756781498,-2.2612235173904005,-3.066187929284005,-3.42973957043114,-1.5131157814615408,-1.6592857830806538,2.1124306225990295,-1.3163986272010628,0.22705766640543243,-0.5807705878370505,-0.9394985995981552,-0.6671599015769357,-0.7836290644523649,-2.9954699110225573,0.12621825897636935,-2.5808275232765463,-0.273303116599111,-0.10573770658107777,-3.5854761715241446,2.4230753383537893,-1.4959112715646583,-2.301477047055777,-1.9472519956142391,0.04069974852497363,-1.6189728246371937,1.3703509867946218,-2.6970975491486615
TCGA-32-2616-01A,0.7120950437495075,0.0,0.0,0.0,0.0,0.0,0.002651722230056981,0.0,0.0,0.0,0.0,0.0,0.0,0.04882046699274584,0.0,0.0,0.0,0.0,0.0,0.0,0.18378147676714318,0.0,0.0,0.0,0.0,0.0,0.0,0.0,0.0,0.0,0.0,0.0,0.0,0.0,0.0,0.0,0.0,0.0,0.0,0.0,0.0,0.0,0.0,0.0,0.0,0.0,0.0,0.0,0.0,0.0,0.0,0.0,0.0,0.0,0.0,0.0,0.0,0.0,0.0,0.0,0.0,0.0,0.0,0.010720476677322476,0.0,0.0,0.0,0.0,0.0,0.0,0.0,0.0,0.0,0.015746840273402316,0.0,0.0,0.0,0.0,0.0,0.0,0.0,0.0,0.0,0.0002510820732943905,0.004115771110496102,0.0,0.0,0.0,0.0,0.0,0.0,0.0,0.02181712012603119,0.0,0.0,0.0,0.0,2.8129133566428557,Glioblastoma Multiforme,0.6111553719484342,-1.0741812257948666,-2.03559091194049,-0.927565208532565,-0.6128658074541896,-0.4158720954884624,-0.8004603421106214,1.3057391242704957,0.29721753898899,-0.8067039486130525,-1.1987507870002292,0.7986263182753168,0.6305156018948039,-0.9056234753292557,-1.8544901016444952,-2.5268041843396447,0.11331597755499105,0.3340836706549824,-0.10332595247299878,3.320843443769318,1.1901872778976084,0.6933539809408997,-1.4845558483102517,-1.1451527634571228,-1.0505250953831151,-0.076873601111452,-0.7386608419218362,-0.05074649406451494,-0.9259157611151231,0.5604146534153004,1.0389283564333496,0.22656457334490768,0.20643702001410388,1.1923728238223643,1.4532010895925118,0.9017608144960099,-0.5187684183998468,-0.8129098552986491,-0.3670979664180252,0.48238945230218944,-1.2411438191315967,-0.14931367055164144,1.6009395103609518,-2.041763276494381,-1.0170609532786126,-0.5179502046548166,-0.8098106678725742,1.0128378860639364,1.5890505531519583,-0.07325529508453198
TCGA-35-4122-01A,0.0,0.01095716756899848,0.0,0.0,0.0,0.0,0.037209683250138556,0.019960303006848246,0.0,0.0,0.01672226658452769,0.0,0.0,0.004797021897323853,0.0,0.012491301664701707,0.0,0.05414937869978293,0.052159536177349496,0.0,0.0,0.0,0.003529861229270971,0.0,0.14136145457639912,0.0,0.0,0.0,0.0,0.0,0.0,0.058240487730990706,0.0,0.0,0.0,0.0,0.009951328294537425,0.0018485721738125615,0.0,0.0,0.0,0.0,0.006832885621768189,0.0,0.0,0.03900872722933015,0.09237477597463119,0.0,0.0,0.0,0.0,0.0,0.0,0.0,0.0,0.0,0.0,0.0,0.010037595757054228,0.017835357704353044,0.0,0.008959336122880971,0.034571072986668935,0.04372252907065711,0.0,0.0,0.0,0.0,0.0,0.0,0.0,0.0,0.0,0.0017732129090395187,0.0,0.0,0.0,0.011498250196662287,0.0,0.0,0.025961509638062496,0.0,0.0,0.006018504230824776,0.027307576408904525,0.007104288345890677,0.0,0.04611957640977814,0.0,0.0,0.008639735807899309,0.0,0.0,0.0,0.0,0.0,0.18885670273091268,2.5010592622177517,Lung Adenocarcinoma,1.3180326923826748,1.8945801640590663,0.05256214772993755,0.19600046329767876,0.06952828757209502,-0.6190018174455806,1.441896206329896,0.4361249233060722,0.8977321068004392,0.845273566589268,1.7636735150287608,1.6534894025965183,0.5749924930216325,0.595610348512734,-0.9983962179776769,-0.0369868199466695,1.5337336601847742,0.050705666821980015,1.7200714271104913,-1.8571643493162253,0.01593884434819835,1.1491494514142988,1.820710407751257,1.7375854008579996,2.0356340883142114,1.4580639048083808,1.8069219571221156,-1.700755222132489,1.6617272030566659,-2.521707559872603,1.8608503869809618,1.5280004052088063,0.9400447427184161,-0.3039731171356367,-1.1517519652378538,1.9477487654313568,0.621299424772584,0.9061488515123994,1.450488113158978,0.6760145432996033,0.3829688313416866,1.0230926564247749,0.5644392515704352,-0.10322512234367281,1.6942999675711148,1.2897186977525301,-1.1674557275770117,2.2030659280029723,-3.0335434273793944,1.2185623927568738
TCGA-35-4123-01A,0.020408519331565816,0.0,0.0,0.43626715060238913,0.0,0.02982088144325067,0.0,0.0,0.0,0.0,0.0,0.002912635986134715,0.0,0.0,0.0,0.0,0.0,0.0,0.006401826420169153,0.0,0.0,0.0,0.0,0.0012565279126079735,0.0,0.005494506870246262,0.0,0.0,0.008119299576932703,0.0,0.0,0.1395432872903378,0.0,0.0,0.0,0.0,0.0,0.020628295301761163,0.0028804287449782215,0.0,0.0,0.0,0.0,0.0,0.0,0.0,0.13008132912151255,0.0,0.0,0.0,0.0,0.0,0.0,0.0,0.04856875738852637,0.0030375067358245416,0.0,0.009565243000816393,0.009585642068514788,0.0,0.0,0.0,0.03606791157070633,0.012231245416601581,0.0,0.0,0.002123976258740712,0.0,0.021188695016733008,0.0,0.0,0.0,0.0016028453690013294,0.0,0.0,0.0,0.0,0.015070241079811069,0.0,0.0,0.0,0.0,0.0,0.03256971062560269,0.0030539599824313235,0.0,0.0,0.0,0.0,0.0,0.0,0.0,0.0015195768848037703,0.0,0.0,0.0,0.0,2.4683473304121573,Lung Adenocarcinoma,0.733580921768685,2.099088580697628,-0.799245118602092,0.6669454579239151,0.4971267678881904,0.06736337984252294,2.0584209727819704,-0.3974973534734557,0.2619850389673148,0.8201313745381544,1.4039181759189618,1.666169852126949,0.39919268825740295,0.9340261622477862,-1.1122528259273183,-0.2590923025156262,0.3978571922328694,0.1432996743274383,1.4268047940283892,-0.9098224242541473,0.0022617039303676006,1.0915080856723902,1.7680765041367337,1.7448608326390227,1.820590103009347,1.638329132764766,1.8180535010583792,-1.911756263185496,1.0966548965705014,-1.3190728485963976,0.9474835830579532,0.9764999497905088,0.35370941113244214,-0.6462246966069989,-0.020777141958829667,1.2746126243886635,0.9594887342766854,-0.06534769849214636,0.829480454208384,1.2687067246700015,0.05045225099569391,0.9799476888919464,0.7986447320308904,1.0427809477189294,1.9224673191776631,0.2967977625358528,-0.2842193525438651,1.2681337813558964,-1.2798559566090888,0.10693940955879509
TCGA-35-5375-01A,0.03232807044209953,0.028627332298338613,0.0,0.3126455394048745,0.0,0.0,0.03271038918664467,0.0,0.0,0.0,0.0,0.0,0.0,0.0,0.0,0.0,0.0,0.0,0.023528995642627948,0.0,0.0,0.0,0.011961218903479842,0.004918722105445275,0.0,0.0,0.0,0.008641780171207536,0.0,0.0,0.0,0.1254958763564617,0.0,0.0,0.0,0.0,0.0,0.0,0.0,0.0,0.0,0.0,0.061995701441702536,0.0,0.0,0.0,0.09854641406827984,0.0,0.0,0.0,0.0,0.041872589870033505,0.0,0.033740235820147936,0.0,0.0,0.0,0.0,0.0,0.0,0.0,0.0,0.020899554886021254,0.028599253574056103,0.0,0.0,0.0,0.0,0.0,0.0,0.0,0.0,0.0,0.0,0.006073797068308208,0.0,0.0,0.0,0.0,0.0,0.0,0.0,0.0,0.0332574670620029,0.06096563141613925,0.004201814597942269,0.0,0.014807642473573798,0.0,0.00106020944625167,0.0,0.0,0.0024945094052733737,0.0,0.010627254359087816,0.0,0.0,2.6324572921847245,Lung Adenocarcinoma,0.5112347881432808,0.4586327413147495,-0.46725675264188554,-0.2651585864605721,-1.8974550147320266,-0.12336112136791853,-0.27658310027320454,0.40733358578371454,0.31936064335043013,-0.6189107161858382,0.018104362957830807,2.3645674937620695,1.2668999378285408,-0.006870756077299515,-1.9309493079731475,-0.6925633440900661,1.9938262683212118,0.4160240513659949,1.6470304372558942,-1.3608382690249876,-0.42215129312418054,0.5606745532625124,-0.5307227421439508,-0.11367859340266723,-0.13265149399314805,-0.15055690583831732,0.009664685317534122,-0.6430183993291835,-0.485642783519728,-2.252616161413017,1.794026651876002,1.7457843250088527,0.7264892150554925,-1.5616450879186654,0.138935922584821,2.391490034882791,0.5749910189602327,-0.9743905302097053,0.5031304143205015,-1.136570342724918,0.09785589224543731,0.9005337190151773,1.6254844118351004,-2.166289995085269,-0.5546405658007295,0.3717940781938666,-1.3328924766263703,0.480136545293699,-0.9437133196693366,1.4964583078174256
TCGA-38-4625-01A,0.019831190614507128,0.0846907006906439,0.0,0.6803403745011001,0.0,0.0,0.019650925469017175,0.0,0.0,0.0,0.0,0.0,0.0,0.0,0.0,0.0,0.0,0.0,0.06333844020548965,0.0,0.0,0.0,0.0,0.0025128675528035094,0.0,0.0,0.0,0.010763545901806393,0.0,0.0,0.002080699116097136,0.0,0.0,0.0,0.0,0.0,0.0012769185308362842,0.007200289883265719,0.0,0.0,0.0,0.0,0.0,0.0,0.0,0.0,0.0,0.0,0.0,0.0,0.0,0.04015623135455462,0.0,0.0,0.0,0.0,0.0,0.00041997601814427717,0.025166989422453632,0.0,0.0,0.0,0.0,0.0,0.0,0.0,0.0,0.0,0.0045883385427429035,0.006076181053587621,0.0,0.0,0.0,0.0,0.0,0.0,0.0,0.0,0.0,0.0,0.0,0.0,0.0,0.010771450361224755,0.02113488078172504,0.0,0.0,0.0,0.0,0.0,0.0,0.0,0.0,0.0,0.0,0.0,0.0,2.767897616018091,Lung Adenocarcinoma,1.2088487244844612,0.5856418650766652,-0.186113580710988,-0.8322307882922987,0.4172953849142552,-0.19753191901724096,0.6228688589649211,0.01931994711583961,0.41190068722846657,0.26030644535989594,0.33097162957752424,2.114744307460908,1.5949496781801273,-0.3042393292694709,-0.7706098227057397,-0.1937077376242908,1.0314209640269327,1.219315261523593,0.875812921723835,-0.7849623820518156,0.4099334231256944,0.04802367041809629,0.2648488386325276,0.738515411263635,0.9544295851697222,1.7234179686946955,1.3591161850802373,-2.100334475136932,0.14502889089244225,0.43309938131821124,1.6364962303417476,1.8838175310702499,2.0505098702902873,-0.9592296033843063,-0.9262562562696784,0.8875325115761563,-0.172443835399543,-0.568776468858446,0.8485405258151074,0.6038063596732451,0.6431243655728228,1.2849566747768388,0.8043157682210403,-1.64026769928651,0.6286849181327844,1.1740009196844672,-0.7642320795492388,1.486106864136176,-0.6492334729389517,0.6480985888191232
TCGA-38-4626-01A,0.0,0.0,0.0,0.21701343211927485,0.0,0.0,0.0,0.0,0.0,0.0,0.0,0.0,0.021393568762512347,0.0,0.0,0.0,0.0,0.0,0.015350280466563065,0.0,0.0,0.0,0.0004202523636536108,0.0029794380607784513,0.0,0.0,0.0,0.0,0.0,0.0,0.0,0.14250883367852268,0.0,0.0,0.0,0.0,0.0,0.0,0.0,0.0,0.0,0.0,0.18573530565529187,0.0,0.0,0.0,0.0,0.0,0.0,0.0,0.0,0.0,0.0,0.0,0.0,0.0,0.0,0.0023740724117434905,0.038250712932211835,0.09669901298923111,0.0,0.0,0.0,0.011600770332608508,0.0,0.0,0.0,0.0,0.0,0.0,0.0,0.0,0.0,0.0,0.0,0.0,0.0,0.0,0.0,0.0,0.0,0.0,0.0,0.047096741064245246,0.009789062952509938,0.0,0.18038090399823975,0.028407612212613273,0.0,0.0,0.0,0.0,0.0,0.0,0.0,0.0,0.0,2.278753600952829,Lung Adenocarcinoma,1.6761537640089281,0.8457914008453977,1.5910341336768252,1.5518112144158898,1.2147272907814668,0.5734048692123561,1.2427782498284277,1.7250034871821458,2.28255118468885,1.4623498766198237,1.7908275638448121,-1.169760569263941,-1.557397134192004,0.7450366896017024,0.36038744674562123,0.43550444910387837,1.154622265668156,-1.3741136080304401,-0.7414677087527769,-0.050797862868914544,1.9703145030465599,1.0694378374556264,1.876022125759175,1.8494160216346256,2.1354599420495157,0.5875344299671983,1.0309287691638966,0.07359412928642621,1.5014380442532251,-0.6590907328935174,0.13559650640440915,-1.3938169358493717,-1.1411801115740228,1.3469508053754946,0.1797768243093105,-0.2154155451576494,1.4665321993846026,1.0043676945890683,0.7858179533508598,0.4598647427440573,0.4542478505253191,0.6207825068370559,-1.183679976068989,0.9723523573315792,1.8503249057055497,-0.4746493968645648,1.3334908389048497,1.1563516627054315,0.0069235395073581184,1.4408613944687447
TCGA-38-4628-01A,0.11992927789155372,0.0007908701176273643,0.0,0.0,0.0,0.0,0.0728837571941984,0.0,0.0,0.0,0.0,0.0,0.06770845138145806,0.0,0.0,0.0,0.0,0.0,0.04686955899211844,0.02802932955193987,0.0,0.015588227426576968,0.0,0.0,0.0,0.0,0.0,0.029269514103767855,0.0247214398288432,0.0,0.0,0.10226162320566713,0.014986119738580675,0.0,0.0,0.0,0.0,0.0,0.0,0.05065954409904618,0.0,0.0,0.0,0.0,0.0,0.0,0.022900549832429062,0.0,0.0,0.0,0.0,0.0,0.0,0.0,0.0,0.0,0.0,0.007730249974810851,0.0,0.0,0.0,0.0,0.10021447694759224,0.0047581428770172235,0.0,0.0,0.029411758833189982,0.0,0.026855301089342407,0.009529156332960812,0.009536312110020624,0.0,0.0,0.0,0.0,0.0,0.0,0.0,0.0,0.0,0.0,0.0,0.0,0.047512051691735356,0.0,0.0,0.0,0.0,0.0,0.12323429538425529,0.0,0.0,0.0,0.0,0.0,0.0,0.04461999139526832,2.0530784434834195,Lung Adenocarcinoma,1.752739972253616,-0.43461828708071265,0.6002501064502322,0.5789618346218393,0.031752332527180155,-0.6659621415681197,0.0025729228012215427,1.7649547903062952,1.3979879123824182,0.8331233456873949,0.29896359216891577,1.5704378223367181,-0.039225369063104844,0.4263875665558382,-0.5110305654825602,0.2357563945090011,1.1486366159147128,-0.8272111959788729,0.40204931626340384,-1.0933813416319,0.807411078329599,-0.9700963863636395,-0.28330081310414645,-0.3975389665788728,-0.09675232038127782,-0.5592948996906746,-0.602645310032188,0.3826405594090993,0.1528961452125219,-2.0289809182922816,0.14292816270790434,0.6394199970580052,-0.10649326148278784,0.6363570572620384,0.5052253594972,1.8135097849717676,0.5389006839073452,-0.30406382727286285,1.7753389274826312,-0.15085142323118284,0.29880127338763435,0.13918328233354965,0.06394865172626728,-0.40160284565294624,-0.9625341891778594,-0.18659132229993863,-0.7828020566407776,0.7946872558022436,-1.7377940735380042,0.9325720552579568
TCGA-38-4629-01A,0.03247792935275868,0.021509833316167484,0.0,0.36891115257540896,0.0,0.042175197902806945,0.030550814636395883,0.0,0.0,0.0,0.0,0.0,0.007962344262461878,0.0044006780707117705,0.0,0.0,0.0,0.0,0.024321481643910656,0.0,0.0,0.0,0.014824162566657539,0.0018378941080322783,0.0,0.030807104841883405,0.0,0.0008380770278210981,0.015775215055108715,0.0,0.0,0.04363925394273184,0.0,0.0,0.0,0.0,0.0,0.04963154725077523,0.005087367259298362,0.0,0.0,0.0,0.016288904360407662,0.0,0.0,0.0,0.04405450408581232,0.0,0.0,0.0,0.0,0.0,0.0,0.0,0.0,0.0,0.0,0.005929255234665534,0.0,0.0,0.0,0.0,0.0,0.0,0.0,0.0,0.0,0.0,0.003264561223792424,0.0,0.0,0.0,0.0,0.0014760825440472986,0.0,0.17238934236271802,0.0,0.0,0.0,0.0,0.0,0.0,0.0,0.0,0.04733426411274659,0.0,0.0,0.01451303226287952,0.0,0.0,0.0,0.0,0.0,0.0,0.0,0.0,0.0,2.4456042032735974,Lung Adenocarcinoma,0.7465855000302845,1.4840677976982282,0.8934950899971263,1.518068390441757,1.592431473865792,0.9895168130042771,1.4742145197267877,0.07764673396064017,1.5519347727033055,1.3394920065733464,1.5485173024773078,0.9046868869532533,0.5108916863501505,1.5444787778478544,-0.32399745204174846,0.06861183092832933,1.1702325392651145,0.2587558686752355,2.2249835254827035,-0.006153246219554697,-0.14830022330585743,2.1090301405550007,1.4108553834361346,1.4408064094964292,1.8760322552679283,1.0516005264792345,1.4004435106608957,-2.541613009074779,1.8747438197890305,-0.39567467497059583,1.752696728277505,1.0137945932577235,0.5862892598002633,0.47533173846171733,0.12633093584360128,1.009225960661103,0.6642856479952428,1.0920121330651364,0.7740576929040672,0.40127498041436205,0.7873258141533459,0.9665785703463348,-0.6770478502809021,1.140806177729799,1.4902222825747142,0.8694469113451638,0.4721407801908515,1.014116275723627,-0.4763155673132256,1.0352416359129202
TCGA-38-4630-01A,0.12384242975679631,0.18805945144064296,0.0,0.0,0.0,0.0,0.0,0.0,0.0,0.0,0.0,0.0,0.011244264767442403,0.08498095675487446,0.0,0.0,0.0,0.0,0.16911010894536385,0.055780040468046514,0.019181971755551353,0.0,0.02620366510555147,0.008676480902883787,0.0,0.0,0.0,0.0,0.0,0.0,0.013034000803439505,0.0,0.0,0.0,0.0,0.0,0.002511699024875125,0.0,0.030251805257570596,0.0,0.0,0.0,0.01989230000038709,0.0,0.0,0.0,0.09230287199036755,0.0,0.0,0.0,0.0,0.0,0.0,0.0,0.0,0.0,0.011448691649541798,0.0,0.039773004556946795,0.0,0.0,0.0,0.0,0.0,0.0,0.0,0.0,0.0,0.0,0.0,0.0,0.0,0.030736931611053286,0.0019627381446561494,0.0,0.0,0.0,0.0,0.0,0.0,0.0,0.0,0.0,0.0442868753963326,0.0,0.0,0.0,0.0,0.0,0.02671971166767635,0.0,0.0,0.0,0.0,0.0,0.0,0.0,2.0863598306747484,Lung Adenocarcinoma,-1.1615562665638397,-1.1043633757708806,-2.5088124959383826,-0.9726377759341609,-1.1790716317877974,-1.139196555209855,-1.7600790832555828,-1.7779139892578637,0.04329399925883377,-1.8243075454548818,-2.0724742084274386,1.0639600934745341,1.7520022002715139,-0.17823931137030066,-1.9569410183088676,-2.042150011091486,-0.8412778141731772,1.503480175137672,-0.5105136674562656,0.5062313259387414,-1.499276197779177,-1.0192203156928712,-1.5152654768627154,-1.472068886178066,-1.272389764403096,-0.05941539391245958,-0.6713805997102498,0.6635776752808368,-1.6216771533880978,1.3922071935917684,0.7944479468401707,1.3179981201574011,1.6677344950277657,-0.6413835685221821,-0.9997804633482138,-0.14874742242720773,-2.3036955841988154,-1.1434078701070678,-0.828156767290927,-0.12751441946428452,-2.0343202538758853,-1.1081212064357158,1.5223421827802164,-1.7435897930117654,-1.7050436211562021,1.3531398843123617,-0.9974780625709784,-0.498328290886587,0.8970113338269815,-1.366573766983007
TCGA-38-4631-01A,0.0,0.00952681181470261,0.0,0.6092654043629598,0.0,0.0,0.0,0.025290933803817837,0.0,0.0,0.0,0.0,0.0,0.0,0.0,0.0,0.002158136510291535,0.0,0.022447194918388806,0.0,0.0,0.0,0.007242422780212415,0.0,0.0,0.0,0.0,0.001457258027215963,0.01290333632204451,0.0,0.0,0.1027923012356982,0.0,0.0,0.0,0.0,0.0,0.0,0.014001935693224254,0.0,0.001132194125487631,0.0,0.0,0.0,0.0,0.0,0.0,0.0,0.0,0.0,0.0,0.0056131638517448994,0.0,0.0,0.0,0.0,0.0,0.00719657154258607,0.016912948333340026,0.00016955601105878647,0.0,0.0,0.005936124396845943,4.5042093209116464e-05,0.0,0.0,0.0,0.0022705937302661726,0.0,0.0,0.0,0.0,0.0,0.0,0.0,0.0,0.0,0.013820648520303278,0.0,0.0,0.0,0.0,0.0,0.0,0.10970430610710286,0.0,0.0,0.030113115819499332,0.0,0.0,0.0,0.0,0.0,0.0,0.0,0.0,0.0,2.8432327780980096,Lung Adenocarcinoma,0.7649990393139059,-0.5223227656770464,-0.7733879777757279,-1.9712249567623075,-0.9209289816961821,-1.139149661961522,0.5841760274928498,-0.15487270851902502,1.1082748379764316,0.09009611121246539,0.35721817803189243,2.331911730701069,1.5225508371668852,-0.3716393314362443,-1.5999523126643322,-0.389976526791559,1.3436678584815807,0.9824394999929373,1.8588565729139837,-1.6752464986467974,-0.5882524501057097,-0.010735467859307957,-0.16737140211323762,-0.022198302230470195,0.06127858725643026,0.729180865873123,0.27768427698051135,-1.0446207414008302,-0.3412420935132299,-1.1391423907273268,1.9462446671233007,1.9115931155825003,1.382155310280965,-1.6176935354282493,-1.757696289331541,1.741167187631739,0.3272278429556616,-0.20628132779308767,1.0128743439700088,1.1838428138679271,0.3092969197686894,1.530188335089231,1.3202014729254616,-0.7794447749890938,0.7245686894886578,1.0169142974719145,-2.0831356706496633,2.077592756930729,-2.7444429884040975,1.480857847702998
TCGA-38-4632-01A,0.011126528650391205,0.0,0.0,0.4790543505102257,0.0,0.0,0.07523891602328638,0.0,0.0,0.014061569974602884,0.0,0.0,0.0073562595604109915,0.0,0.0,0.0,0.0,0.0,0.00999413893463518,0.0,0.0,0.0,0.0,0.0042855223435901415,0.0,0.0,0.0,0.0,0.0,0.0,0.0,0.06396664819954122,0.0,0.0,0.0,0.0,0.0,0.0,0.0,0.0,0.0,0.0,0.0,0.0,0.0,0.0,0.0,0.0,0.0,0.0,0.0,0.0,0.0,0.0,0.0,0.0003010011217240029,0.0,0.009785441491600825,0.020926145160687134,0.0,0.0,0.0,0.0,0.02835963314010017,0.0,0.0,0.0,0.0,0.019356021713421413,0.0,0.0,0.0,0.03336904089173524,0.0,0.0,0.0,0.0,0.0,0.0,0.0,0.0,0.0,0.0,0.03749535661498803,0.04001382940341942,0.002782352832024621,0.0,0.10281995702433226,0.0,0.0,0.0,0.0,0.0,0.0,0.0,0.0,0.039707286409283137,2.699837725867246,Lung Adenocarcinoma,1.6706378348100228,0.9052986940841246,0.12535154266606754,0.27023775574059916,0.3947297728699965,0.08099205908691921,1.0148952452086535,1.1405625984388816,1.455795929855315,1.243838862813029,0.7807035490003073,1.422932223662808,0.8881485513291993,0.23900480754465053,-0.12919074202531394,0.6771633694401,1.1074944155336466,0.5050195070396818,1.4512837083875334,-1.083200197434035,0.3673109607210144,0.43201646075862987,1.6442817348916228,1.3096293696143804,1.3945450349858175,0.24507887171142606,0.4443448408642848,-0.877757602627262,1.2104920621907893,-1.0148853379749134,1.502719230374331,1.2384619510134935,0.8425824169263533,-0.17262470420441853,-0.23313664020029248,1.7879870986867585,0.44684479663963605,0.10483540690588833,2.6384104589576776,0.1699488152502276,0.5852927438722667,1.0750903826723663,0.34673965083310365,-0.17812360652941361,1.202419329877405,1.4457783165465057,-0.8944757778067666,1.7067208918494003,-1.7126554693358351,1.0175561591659315
TCGA-3C-AALI-01A,0.012062919153631505,0.2692386680504821,0.0,0.0,0.0,0.0,0.013448206013502186,0.0,0.0,0.0,0.0,0.0,0.0,0.11564958243891532,0.0,0.0,0.0,0.0,0.39092548436587177,0.0,0.0,0.0,0.0,0.0,0.0,0.0,0.0027161919532466493,0.0,0.003492588043970262,0.0,0.0,0.0,0.0,0.0,0.0,0.0,0.0,0.0,0.0,0.0,0.0,0.0,0.0,0.0,0.0,0.004059199688898653,0.0,0.0,0.0,0.0,0.0,0.0,0.0,0.0,0.0,0.0,0.0,0.0,0.0,0.0,0.0,0.0,0.0,0.0015610252047163183,0.0,0.0,0.0,0.0,0.006038083862687761,0.0,0.0,0.0,0.007156649486557414,0.06465973232283319,0.0,0.0,0.0,0.0,0.0,0.0,0.0,0.0,0.0,0.013797630784822924,0.0,0.0,0.0,0.0,0.0,0.09519403862986398,0.0,0.0,0.0,0.0,0.0,0.0,0.0,2.7283537820212285,Breast Invasive Carcinoma,0.028430206566037095,-0.3791383112117517,-1.030124289236237,-0.5878782567289005,0.025367195314468204,0.8859820270113865,-0.5740786534897431,-0.3810568281944256,0.5291544751617434,-0.5592577959682731,-1.0045772026101663,0.9634888887275024,0.7162117022083628,0.12916786564157667,-0.8887315557261053,-0.6090672539349935,-0.5637690210040246,0.7737477179903861,-0.456361232002616,-0.4016455213826952,-1.7834249916481433,-0.8924527225815935,-1.0842220403775684,-0.6388203405195887,-1.1949882809227663,-0.03754396221897539,-0.16124745529951992,1.5201475062967706,-1.1597393984954731,0.6587105260747188,0.0998730861399216,-0.00883724387920941,-0.10909826129046314,0.14044422182860714,-1.5400396408388535,0.2298737101100342,-0.424046188339297,-1.5337347041934106,0.7430089753259366,0.25480191464739527,-1.7473410842805135,-0.4343225634859538,0.9626317109616052,-0.5908355914420671,-1.0919627525612905,-0.4632796563925367,-1.1473777130827434,-0.03685282072135863,-0.7452481877518351,-0.9532121060944093
TCGA-44-2655-01A,0.0,0.013510072256323759,0.0,0.43261443148193246,0.0,0.0,0.03949006392695623,0.0,0.0,0.0,0.0,0.0,0.0,0.0,0.0,0.0,0.0,0.0,0.020479230665646705,0.008679930631077953,0.0,0.003225544743754977,0.0,0.0029661805446629884,0.0,0.0,0.058827656606012704,0.010615914968004066,0.0,0.0,0.0,0.18217657858650083,0.0,0.0,0.0,0.0,0.0,0.0,0.000462583034849264,0.0,0.002184791120657029,0.008471314300261643,0.028091101179026252,0.0,0.0,0.0,0.0,0.0,0.0,0.0,0.0,0.0,0.0,0.0,0.053162193241572994,0.0,0.0,0.0,0.010789605590427558,0.0,0.0,0.0020656147491244837,0.0,0.003882214392897377,0.0,0.03288969451659346,0.0,0.0,0.00030397515704621783,0.0,0.0,0.0,0.00045980894428248925,0.03101941687050739,0.0030727329417514168,0.0,0.0,0.022711726045028434,0.0,0.0,0.0,0.0,0.0,0.007410358349664015,0.02043726515543737,0.0,0.0,0.0,0.0,0.0,0.0,0.0,0.0,0.0,0.0,0.0,0.0,2.2528530309798933,Lung Adenocarcinoma,1.7312014523784924,-0.006193797353924659,-0.04562121537374948,-0.7241942134711652,-0.18316137017964623,-0.8604301423803223,0.7606632138472088,1.4627930675518042,0.28383219202965,0.6365478953423326,0.4117805576434866,0.3923369450334243,-1.420773048949585,-0.5550531051081956,0.12978072796889537,0.6084543599379789,2.2961702776251567,-1.7905405917283908,-0.6042851591243775,-0.8113772928224667,2.3207541304845507,-0.5318516957732408,0.15689127450979448,0.15273010932876535,0.14821934011131854,0.016765469585175916,0.02109517928860979,0.7506604677916832,0.37122621767193276,-1.89081779456318,-0.4987626310487398,-0.12300135232021851,-0.7516150668863568,0.05303860327397882,-0.8758055228874393,1.0562097764864955,1.8569785454737797,0.17170850772243768,1.6972531148826266,-0.9853549215908133,0.7067661127104151,1.9206015346871688,-1.368964993939517,0.8087049591126761,0.3771953113818456,-0.8805709971047112,-0.09135395618366378,0.910860330706145,-0.6969289472204327,1.8634315364057616
TCGA-44-2656-01A,0.004118863331663191,0.0,0.0,0.5518318913791015,0.0,0.0,0.004370321105517436,0.013513086985617933,0.0,0.0,0.0,0.0,0.025404371701595353,0.0020905737982588324,0.0,0.0,0.0,0.0,0.001402656949252744,0.010001253970780468,0.0,0.0,0.0,0.0012675663977298318,0.0,0.010659333479789678,0.029315455929317658,0.0,0.0,0.0,0.0,0.10538895236667604,0.0,0.0,0.0,0.0,0.0,0.0,0.0,0.01079805417234669,0.0,0.0,0.05695329338982187,0.0,0.0,0.0,0.004120863226420445,0.0,0.0,0.0,0.0,0.0,0.0,0.0,0.0,0.0,0.0,0.003132456493410324,0.022023067273287955,0.019091214183305404,0.0,0.0,0.0,0.017388663378649732,0.0,0.0,0.0,0.0,0.0,0.0,0.0,0.0,0.013359874239196701,0.0069173523259303165,0.0,0.0,0.0,0.0,0.0,0.0,0.0005254878084945526,0.0,0.0,0.0313889750125516,0.0549363711012838,0.0,0.0,0.0,0.0,0.0,0.0,0.0,0.0,0.0,0.0,0.0,0.0,2.931966114728173,Lung Adenocarcinoma,0.5883416344318654,1.567450177327788,1.373559025390514,0.36033937429630214,0.5577549746512389,-0.19334842127015175,1.4052365359216645,0.7538857329294009,0.8091287552972647,0.7850173143643357,1.5268473265711673,-0.2986046842993336,-0.40561255809469615,0.04608872125880754,-0.10650574314856355,-0.11282439304144484,0.8555217683336941,-0.3399123410461705,0.6861391599310068,-0.9674427892055393,2.0285479063123733,0.8023395719808114,1.3440561197439003,1.2369012167357596,1.2945004079149875,1.2551167616715013,1.5250191018475967,-1.6187850349128394,1.2834964006798497,-0.5122656358012796,0.8568039401192784,-0.18991968953882216,-0.08904382854843937,-0.5794456395794947,0.077617708320507,0.11368708527284276,0.5739012015041509,0.3949850553381578,1.0147226707544916,1.323881464663642,1.209149450866355,1.2277075659874368,-0.9080942973913029,0.3337870426214883,1.0338629336929548,0.2555744335657923,0.44230382382725714,0.5304728893673151,-1.4274126454142593,0.9761051872631862
TCGA-44-2656-01B,0.0,0.0,0.0,0.5408041206799163,0.0,0.0,0.014614288039682134,0.0,0.0,0.0,0.0,0.0,0.027413424153906865,0.0,0.0,0.0,0.0,0.0,0.015022605536954295,0.02424823710825707,0.0,0.0,0.0,0.0,0.0,0.0,0.012424545139912313,0.0,0.0,0.0,0.0,0.09172014918919519,0.0,0.0,0.0,0.0,0.0,0.0,0.0,0.015203690591527996,0.0041298059672866105,0.0,0.07858496260005818,0.0,0.0,0.0,0.0,0.0,0.0,0.0,0.0,0.0,0.0,0.0,0.0,0.0,0.0,0.004623334718422365,0.020376765329669654,0.03970353864369556,0.0,0.0,0.0,0.016931877084435956,0.0,0.0,0.0,0.0,0.0,0.0,0.0,0.0,0.0,0.0,0.0,0.0,0.0,0.0,0.0,0.0,0.0,0.0,0.0,0.035633252240888424,0.05856540297619118,0.0,0.0,0.0,0.0,0.0,0.0,0.0,0.0,0.0,0.0,0.0,0.0,2.8573324964312685,Lung Adenocarcinoma,-3.551335931647466,0.7047351814907089,1.7839062538748414,-0.2604942578290518,-1.7195030036380223,-1.787764072587973,-1.0038333647377908,-0.8376684503448845,-3.1230719600451935,-1.6352753249760787,0.2816722685534472,-4.3156104424723,-1.0952421971316046,-0.922211291334767,-1.521290723179782,-3.112050031051222,-2.708764203789487,-0.6183841265658395,-2.884089933020131,-0.4119611344987349,-1.3254410583569465,-1.0148026605341074,0.38648291942270635,0.34360915170629536,0.5470615953030938,0.024555961732409228,0.6114384970018586,-1.525287391603961,0.8744199708895837,0.5682067914423484,-1.7973430747310484,-3.26691403974957,-3.304442249304632,-3.090523848548416,-0.8349013257603198,-3.893669791790568,-2.426346853588994,0.3341831107866878,-3.50520133694587,-1.3435945769087858,2.0037151705155063,-2.9004760299821357,0.16101371988096594,-0.05796790022055846,0.10906325031361619,-3.299388509465259,2.2956628216190187,-4.686555807130677,-1.771605346209832,-2.4678834532437013
TCGA-44-2657-01A,0.03693062550130213,0.027925112955596944,0.0,0.5424487435238434,0.0,0.0,0.006155484253835987,0.0,0.0,0.0035370843555813953,0.0,0.0,0.0,0.0,0.0,0.0,0.0,0.0,0.031252237073995943,0.0,0.0,0.0,0.0,0.0,0.0,0.0,0.0,0.0,0.0,0.0,0.0,0.015938746174721494,0.022330320062230447,0.0,0.0,0.0,0.08698005524761468,0.0,0.0,0.010400451444671945,0.0,0.0,0.0,0.0,0.0,0.0,0.02321681536751788,0.0,0.0,0.0,0.0,0.04987813868504735,0.0061501073222208534,0.0,0.025344575241933048,0.0,0.0,0.0007389305209230086,0.00560133337283121,0.0,0.0,0.0,0.03609646436074421,0.013061936584065797,0.0,0.0,0.0,0.0,0.0024639952613653643,0.0014921335346958508,0.0,0.0,0.04909614632356518,0.0,0.0,0.0,0.0,0.0,0.0,0.0,0.0,0.0,0.0,0.002960562831695979,0.0,0.0,0.0,0.0,0.0,0.0,0.0,0.0,0.0,0.0,0.0,0.0,0.0,2.5774917998372255,Lung Adenocarcinoma,0.08588726286564817,1.852617758413693,0.5171555194145875,-0.1098418288057846,0.5062627303780142,-0.48578574753258924,1.0745571290242188,0.4366175076514433,-0.6187302234928965,0.43183319026278694,1.134067393437971,-0.6316552598483957,-0.8669832138291801,0.1093022691311681,-0.41250951553004095,0.12796792478500915,0.32302802164569144,-0.9963385337044273,-0.4222461402173999,-0.13106359338589174,0.8150285795539398,0.01491043718237124,1.2320196488089918,1.349293114141828,0.9139215680509243,0.8625823767522101,1.3239544203647857,0.5045551854363896,1.1129111552087518,-1.0036500032213866,-0.7948148124552804,-0.7624127431979635,-1.155540538114147,0.27601572041330374,0.4070557601467379,-0.19857458149263524,0.6845449957043656,0.5822114156792266,0.07795245158786136,1.0252637986907214,-0.11399699224547112,0.26694906992467593,-1.0783627535214149,0.14229887490764603,0.08411019717173177,-0.4655918122761408,0.27583626548137796,0.49597020213623877,-0.7560633418487845,0.7206664089177334
TCGA-44-2662-01A,0.00968992243172869,0.23164826480378983,0.0,0.11705090988557425,0.0,0.0,0.021860999787491384,0.0,0.0,0.0023490577011649385,0.0,0.0,0.0,0.026722366216353533,0.0,0.0,0.0,0.0,0.31184773120877823,0.0,0.0,0.0,0.0021866771057840405,0.018317164211486006,0.0,0.03556893486981845,0.0008687112416987918,0.0071103087424271684,0.013597727746682506,0.0,0.0,0.07101153947405037,0.0,0.0,0.0,0.0,0.0,0.0,0.0,0.0,0.0,0.0,0.0,0.0,0.0,0.0,0.015502114443655507,0.0,0.0,0.0,0.0,0.0071965742965020675,0.0,0.004426453848139881,0.0,0.0,0.0,0.0,0.0,0.006282414712634896,0.0,0.0,0.0,0.023650745408980184,0.0,0.0,0.0,0.04860103228967385,0.0034018087629941137,0.0,0.0,0.0,0.018267575411689174,0.0,0.0,0.0,0.0,0.0,0.0,0.0,0.0,0.0,0.0,0.002346582861671221,0.00043980570463088135,0.0,0.0,5.457683259995337e-05,0.0,0.0,0.0,0.0,0.0,0.0,0.0,0.0,0.0,2.296665190261531,Lung Adenocarcinoma,0.04095074330606509,1.0379520848640527,0.6850485798358363,0.8183427864712534,1.1161128909098954,0.6409895979175174,1.1378783845854235,0.016948270858853885,1.598164506237033,0.6761472159965495,1.4230131378201873,0.28808077717391045,0.5697195183150844,0.9997064015709489,0.076256871442636,-0.5997601125667715,0.14840809865217078,0.5969993022719521,2.3902818763251514,0.2271181377108521,0.7844908858136757,2.2081345008124695,1.2190898790191609,1.4851298244454592,1.7103078418386555,-0.25774285364159866,0.2701169868434169,-1.312821778142648,1.4727416671649438,0.84878372144961,1.6556932087240417,0.21039912325422705,0.02847024502435943,0.0056810691450048904,1.0971209591066757,-0.3095422232494619,0.3622838980240917,-0.049922510458538585,0.6638529206433025,1.0439359747003603,1.003033895491623,0.7625182647806931,0.4505588935941752,0.15349952179444382,1.1731190954696404,0.4852484895498854,0.39067330710901765,0.6718376230109278,-0.548370007586311,0.9287736679951113
TCGA-44-2662-01B,0.015208962568311635,0.2602535676370489,0.0,0.08447726162511987,0.0,0.0,0.0,0.0,0.0,0.0,0.0,0.0,0.0004271641407475688,0.019495632475342445,0.0,0.0,0.011842174892806001,0.0,0.2824483283062937,0.004193681242753014,0.0,0.0,0.0,0.02060054478641797,0.0,0.022562094702698182,0.0,0.016065861843486882,0.01607593566653919,0.0,0.0,0.061313514789078184,0.0,0.0,0.0,0.0,0.0,0.0,0.0,0.0,0.0,0.0,0.00957750414172476,0.0,0.0,0.0,0.0450249447389929,0.0,0.0,0.0,0.0,0.0,0.0,0.0,0.0,0.0,0.0,0.0,0.0,0.0,0.0,0.0,0.0,0.01629654593815559,0.0,0.0,0.0,0.10230343547531237,0.0,0.0,0.0,0.0,0.011832845029170789,0.0,0.0,0.0,0.0,0.0,0.0,0.0,0.0,0.0,0.0,0.0,0.0,0.0,0.0,0.0,0.0,0.0,0.0,0.0,0.0,0.0,0.0,0.0,0.0,2.2624510897304293,Lung Adenocarcinoma,-3.9755188314118017,0.25165987143852653,1.658219344004379,0.47158481675018404,-1.6271095256120247,-1.6887001580786338,-1.0289687518772672,-1.4519292508949162,-2.70229882145582,-1.5869445754103129,0.4104407863081833,-4.306208942689356,-0.29413655464472316,0.38838862263774,-1.5454837899872245,-3.116370558813027,-3.13682422561972,0.2596048076138912,-1.4932166582233644,0.19158837786510305,-2.216040648611823,0.5131431138342777,0.5853040059826946,0.7498264571585785,1.243778295097557,-1.192729700127135,-0.33133984671252287,-1.0422550279988196,1.2403569140731348,1.4314449436260168,-0.9306737693105829,-2.864926762714174,-3.1003537058606723,-2.340303943741996,-0.36125738520340084,-4.198859337248025,-2.653119444706982,0.1340426136542786,-4.119479617840673,-0.9640921876061108,1.1257591073178137,-3.5971656017691895,1.3898218147226238,0.0170004836807684,0.8573055066362845,-2.72235954978065,2.487094981983123,-4.584306945818442,-1.480027379693109,-2.5360460503615454
TCGA-44-2668-01A,0.014901858521525197,0.0750298928294993,0.0,0.5404135643756977,0.0,0.0,0.02012837393215518,0.0,0.0,0.0,0.0,0.0,0.016117005850842598,0.0033489631145959993,0.0,0.0,0.0,0.0,0.054576702593824376,0.007812563263113295,0.0,0.0,0.0,0.0,0.0,0.0,0.025115100864645735,0.003536950152450535,0.002164688878951418,0.0,0.0,0.0,0.0,0.0,0.0,0.0,0.0016730267494973327,0.0,0.0,0.0,0.007283346828591858,0.0,0.0,0.0,0.0,0.0,0.022493880186421036,0.0,0.0,0.0,0.0,0.0,0.0,0.0,0.0006680611184102112,0.0,0.0,0.0,0.0,0.0,0.0,0.0,0.0,0.0,0.0,0.0,0.0,0.0,0.0,0.0070218998813678145,0.0,0.0,0.027863120163702324,0.0,0.0,0.0,0.0,0.0,0.0,0.0,0.0,0.0,0.0,0.04386280423276947,0.035576180160905295,0.010800322907260808,0.003024131373160254,0.07658756202061226,0.0,0.0,0.0,0.0,0.0,0.0,0.0,0.0,0.0,2.576341350205793,Lung Adenocarcinoma,-1.2674391871067698,1.3406168834115524,0.6223243314287222,1.149463369352261,0.9907287549045827,0.5230863506758383,1.6428799158099532,-1.0758158170426066,-0.9616558745443612,1.018712884988831,2.091959937858048,-0.8102229744846896,0.7796314987823892,1.3498879481108939,-0.6405437861506784,-0.7521538245254682,-1.29790560319053,1.2146431604251389,0.8338545282504042,0.10088940346112313,0.2586463492330977,1.8635832054671897,1.9467030487902734,2.4385685580161724,2.7121604526761462,1.2880479245100522,1.5707068238621997,-1.1625154534013853,2.0071912544764383,2.2637907838684583,0.7747856881004326,-0.02206468590487883,-0.350352005654388,-0.6733054887841651,-0.056658106407427855,-1.1494672859420945,0.4786201753168925,-0.04011310904989329,-1.168020443392396,2.5005386402068965,1.2530672916462802,-0.13322918592695232,0.5833114534012727,1.1078979482927864,2.5369395669493646,0.5241338234856965,1.0746294946923247,0.29466509422415516,-0.8509793842613553,-0.17267220346403384
TCGA-44-2668-01B,0.005178873401223231,0.052410938462958266,0.0,0.5499744471059619,0.0,0.0,0.02751172814443364,0.0,0.0,0.0048677271398345125,0.0,0.0,0.007077433622417183,0.00019995974851381605,0.0,0.0,0.0,0.0,0.052809967998054576,0.0,0.0,0.0,0.0,0.0,0.0,0.0,0.013482659820307396,0.007816055037317117,0.0,0.0,0.0,0.0,0.0,0.0,0.0,0.0,0.0,0.0,0.0,0.0,0.0010937608410158323,0.0,0.0,0.0,0.0,0.0,0.0,0.0,0.0,0.0,0.0,0.0,0.0,0.0,0.0,0.0,0.0,0.0,0.0,0.0,0.0,0.0,0.0,0.0,0.0,0.0,0.0,0.0,0.0,0.008386260623974545,0.0,0.0,0.04815070787348226,0.0,0.0,0.0,0.0,0.0,0.0,0.0,0.0,0.0,0.0,0.05035940336412463,0.01928351322603887,0.0,0.0,0.1513965635903422,0.0,0.0,0.0,0.0,0.0,0.0,0.0,0.0,0.0,2.3364597338485296,Lung Adenocarcinoma,-3.88435192438119,1.4664222392678679,0.8613136841435634,0.6955180537570564,0.01257023617353218,-0.6657039026588434,0.6269445896156477,-2.3520129527707745,-2.293000373275451,-0.4751298281006551,1.730611042672166,-3.6799080312297163,-0.3199354068927539,0.41564133159786554,-1.4021073589005446,-2.4061592704422967,-3.4344097958444797,0.5524283987587323,-1.5660662605382776,0.18543551438839032,-1.4476661904803088,0.8890467976285769,1.6654535303547555,2.4610435255500516,2.633868753235201,0.5645525372312532,1.3269835714114095,-1.193690240149806,1.7573223924331565,2.1302730240598398,-0.8283298872635317,-2.3145420673883965,-2.562848874826204,-1.4451737981030361,0.253377269878503,-3.890444667200214,-0.9105177120827105,0.3208860621391289,-3.8423901090587824,1.9757946671151558,0.9630835252067723,-2.4793700784257946,0.4299971240580787,0.9562815181341346,2.229979088014907,-1.8318002676426048,1.7938139879690287,-2.400626190764419,-0.5553840155920947,-2.0238504715040637
TCGA-44-3396-01A,0.0461950879826272,0.18615667629328375,0.0,0.02774081067204471,0.0,0.04622375272309745,0.016455348202488566,0.0,0.0,0.0,0.0,0.0,0.0,0.0,0.0,0.0,0.0,0.0,0.1616227369795184,0.0,0.0,0.0,0.0,0.0032050286597847953,0.0,0.0,0.0,0.005280157036422483,0.0014513526742192643,0.0,0.0,0.11524447292101803,0.0,0.0,0.0,0.0,0.0,0.0,0.0,0.0,0.0,0.0,0.0,0.0,0.0,0.0,0.11558477386502754,0.0,0.0,0.0,0.0,0.0,0.0,0.0,0.0007076231361154591,0.0,0.0,0.0123893153766614,0.0,0.0,0.0,0.0,0.03972258619641513,0.0,0.0,0.0,0.0,0.0,0.0,0.0,0.0,0.0,0.0,0.06025766561833677,0.0,0.0,0.0,0.001776333593095113,0.0,0.0,0.0,0.0,0.0,0.04456911071086394,0.03422640197846615,0.0,0.0,0.0811907653805138,0.0,0.0,0.0,0.0,0.0,0.0,0.0,0.0,0.0,2.247973266361807,Lung Adenocarcinoma,-0.017697464502447035,1.2881286221334047,0.09797093174596251,1.1328621594654777,1.097982802951396,0.9927296191621446,1.6346046492782549,0.921475298673356,-0.046654378842003644,1.2959398535773257,1.5625920916988587,0.4308713496135492,0.0697654753746089,1.4753694009340184,-0.6905312193447514,-0.7499535915468339,-0.2765013373950149,-0.22861516378365956,0.6598952389091204,0.2345380710476917,0.14782943894210684,1.3529703892273934,1.4079252372493105,2.0694918567575256,2.02305256998836,0.5272449633994833,1.1254574612119541,-1.4511494435710144,1.5255885614640783,-0.25263695931745606,0.49410618870890377,0.12341505572714422,-0.29046061245234356,0.09996343398174729,0.3653946496248619,-0.3793759140055403,0.6307532379908178,0.1862816992573213,0.003843203930429792,0.23397057565248622,0.06044271315723844,-0.2228740686730191,-0.7980818395647569,0.42748672788515085,2.255197448292152,-0.040596754749743835,0.1852312285898137,0.9415761775685058,-0.7773663085756446,0.08887480723841208
TCGA-44-3398-01A,0.0012932028427699682,0.13464623414260785,0.0,0.19164871318984006,0.0,0.01702915282956255,0.0,0.0,0.01842564541595401,0.0,0.026098428280655984,0.0,0.0,0.0,0.0,0.0,0.0,0.0,0.09156362064148003,0.0,0.07796629884882512,0.0,0.0,0.0,0.0,0.011975117386315811,0.0,0.028883770814441722,0.02252019937069779,0.0,0.0,0.0417608016537751,0.0,0.0,0.0,0.0,0.07704930253698479,0.0,0.0,0.0,0.0,0.0,0.03236714976415672,0.0,0.0,0.021912471823744346,0.06405490968734495,0.0,0.0,0.0,0.0,0.003087444271406876,0.0,0.0,0.0,0.0,0.0,0.0,0.0002760810931669583,0.0,0.0,0.0,0.025655106008603188,0.0,0.0,0.0,0.0,0.0,0.0,0.0,0.0,0.0,0.01578265775942318,0.0,0.0,0.007639326767815165,0.0,0.0,0.0,0.0,0.0,0.0,0.0,0.004762653478577814,0.0070714740700975704,0.0,0.0,0.05303782507146038,0.0,0.011865671190114377,0.0,0.0,0.011626741060177685,0.0,0.0,0.0,0.0,2.2227164711475833,Lung Adenocarcinoma,1.767254057702818,1.0412298281442243,0.06578813492090745,1.0766561692853867,0.8532364678434045,-0.15518317249877842,1.6459374716094546,0.994892790786533,0.25616046384685853,1.9411630255820165,1.9767627979406206,0.7584913423535338,-1.2856793392699946,1.6834621697820529,-0.5899547465291828,0.017243408784027154,1.4903182544579738,-1.6772509319927535,1.5519438306545588,-0.7562249718902304,1.4558756194438762,2.308850954170851,1.781959939442834,1.406547333102027,1.5632923561534038,0.10876106620918567,0.7118303587359123,-1.003542792259568,2.114906579995522,-2.6949620434047192,0.38316304170084226,-0.209017064054566,-1.6243832001667888,0.49757827011047295,0.6509931858645828,1.4550632943741555,1.5896189815591981,0.8542736089175329,0.8882505864897159,-0.4635235770958583,1.5976460048135275,0.8809671372422502,-1.4735735721350198,1.0435268019702837,1.1382883578741865,-0.29470223894674813,0.581251814066669,0.9330020207507991,-1.9160514059565095,1.6745677707931714
TCGA-44-3917-01A,0.0,0.02370045399815698,0.0,0.14528065791827816,0.0,0.0,0.0,0.040402567496785974,0.0,0.0,0.0,0.0,0.025714342268612907,0.0,0.0,0.0,0.0,0.0,0.05351991525061568,0.0,0.0,0.03815671743612191,0.0,0.0,0.0,0.0,0.0,0.0,0.0,0.0,0.025514500527052807,0.09383280781353172,0.0,0.0,0.0,0.0,0.0,0.0,0.0,0.0,0.0,0.0,0.025907651147498836,0.0,0.0,0.0,0.022758147697958146,0.0,0.0,0.0,0.0,0.0732194558091812,0.0,0.0,0.01066608386579608,0.0,0.0,0.0,0.005385648523197192,3.0237694796319374e-05,0.0,0.0,0.026985254657090788,0.0,0.0,0.0,0.0,0.0,0.0,0.008114955504064787,0.0,0.0,0.017747147856742494,0.06943845788703565,0.0,0.0,0.0,0.0,0.0,0.0,0.022407422845375724,0.0,0.0,0.041735079544110126,0.031917123970807176,0.0,0.19062080998416267,0.0,0.0,0.005510330179922665,0.0,0.0,0.0014342301231039646,0.0,0.0,0.0,0.0,2.3443922736851106,Lung Adenocarcinoma,-0.1746619535981178,0.0854427414848524,-0.6805485964979271,-1.4585192306498205,-2.383195957316167,-3.167556399849443,-1.5695757218558226,0.8000009618335556,-1.4764613176767707,-0.9009074731741332,-0.03024179979685143,0.5474321171906648,1.1318243724520496,-0.5527510560559278,-1.9707178898046016,-1.6164670943380013,0.2812066900916331,0.9901661324436654,-0.11172337289068396,-1.2366595321114993,-0.9824462484618852,-1.947404376239759,-0.8427768143396637,-0.39621422478229285,-0.11245328718476597,-0.45877056661045396,-0.10336210269473944,-1.2977769991416745,-0.5390926041557852,0.23431562534986086,0.8500028277173423,1.1545439108656759,0.17305144299291866,-2.193727394183005,-2.287663063842982,0.9917467671515037,-2.553145557462176,1.4939429329549496,0.34935776770516624,-0.7456372574430531,1.4238813287271246,0.11887753823617042,1.7027674670364574,-0.8829796243292328,-1.3072621380232796,0.36976504506507274,-0.6524001567331198,-1.2301572367398663,-2.899074836641864,-0.09598880774121413
TCGA-44-3917-01B,0.01776295248633429,0.02587693423056573,0.0,0.05237842321826886,0.0,0.0,0.0,0.004384570263551975,0.0,0.0,0.0,0.0,0.01800214433264296,0.0,0.0,0.0,0.0,0.0,0.05845892137014044,0.0,0.0,0.029485187814472156,0.0,0.0,0.0,0.0,0.0,0.0,0.0,0.0,0.005613014614116172,0.07216105759493488,0.0,0.0,0.0,0.0,0.0,0.020988267488520753,0.09305464010394864,0.0,0.0,0.0,0.0012265854315140472,0.0,0.0,0.0,0.0705619397589865,0.0,0.0,0.0,0.0,0.07642745217607472,0.0,0.0,0.007049933973666228,0.0,0.0,0.0,0.0,0.0,0.0,0.0,0.05037235144766675,0.0,0.0,0.0,0.0,0.0,0.0,0.0076025678947973414,0.0,0.0,0.002321419495599699,0.05162041471906291,0.0,0.0,0.0,0.0,0.0,0.0,0.0,0.0,0.0,0.026507036942338538,0.029808427582625592,0.0,0.27833575706017094,0.0,0.0,0.0,0.0,0.0,0.0,0.0,0.0,0.0,0.0,2.3560258571931225,Lung Adenocarcinoma,-3.682830588083123,-0.4102939342804219,-0.46353284112487175,-1.60405717844725,-3.0982477770267285,-3.670161448245221,-3.248073896650852,-1.121403326908334,-3.9980616288073088,-3.202662703751126,-1.2788983421970215,-3.4593487131681413,0.047866420581588895,-1.971764479817804,-2.310691244589787,-3.261018368931262,-2.841191940546777,0.5571030602237212,-3.1100016726316713,-0.2019562041554181,-2.133664810429715,-3.1142660470429715,-1.3547929996505583,-0.8121326670439385,-0.5536612316690955,-1.6859474543017634,-0.9411667562615665,-0.4421951278981431,-0.9900587929623103,0.8547387891446893,-1.247274454914939,-1.856196000581289,-2.3837423972162664,-3.564047534708735,-2.0920829933489102,-3.487815809653722,-4.515412392153896,2.108663211335733,-3.08119278953707,-1.2585063325240784,0.6330860701893988,-2.5670517874869287,1.2289115057135234,-0.7474475327743781,-1.5332299376629739,-2.5933784157739024,0.7244848246116289,-4.644154014640385,-1.3386808323724255,-2.5320004374748075
TCGA-44-3918-01A,0.007106604318466497,0.019749140359114185,0.0,0.5612934764781746,0.0,0.004722059429157377,0.005480870230548459,0.0,0.0,0.0,0.0,0.0,0.003332007711510086,0.0054738206727721365,0.0,0.0,0.0,0.0,0.03458751547317947,0.0,0.0,0.0,0.001927273252584571,0.0,0.0536157593224421,0.0010557524258637165,0.0,0.008514288679145481,0.0,0.0,0.0,0.08900222508885419,0.0,0.0,0.0,0.0,0.0,0.0291211927054718,0.0,0.0,0.0,0.0,0.0,0.0,0.0,0.0,0.003320708163851184,0.0,0.0,0.0,0.0,0.025416289319321522,0.0,0.0,0.06039752159268701,0.0,0.0,0.0014931362143274646,0.0015767437264920148,0.0,0.0,0.0,0.0,0.0,0.0,0.0,0.0,0.0,0.004299931661500803,0.0,0.0,0.0,0.03279489744888411,2.7626852059279005e-05,0.0,0.0,0.0,0.0,0.0,0.0,0.0,0.0,0.0,0.01975260447175984,0.020983680774878347,0.0,0.0,0.004954873626953755,0.0,0.0,0.0,0.0,0.0,0.0,0.0,0.0,0.0,2.9661417327390325,Lung Adenocarcinoma,-2.133166294456892,1.4169084445783209,0.9204636547588793,-0.11702853312486407,-1.7816981301077586,-1.7336406363525496,-0.1980023053329888,-0.6076624349927008,-2.2116389944815213,-0.2690471878858139,1.4108574359025199,-1.5901293338268674,-0.2770140391257211,0.36770368565770845,-1.790049131809517,-2.049002887193377,-1.243634324140892,-0.35204024422042596,-1.3928955935615535,-1.1555790196774045,-0.8496259284199084,-0.47798104611286,0.9743671880379855,0.7430223362670468,1.4929567628165132,0.733907011383399,1.1662561814224968,-1.8307121609016515,1.3883681451355971,-0.5635840943955269,-0.578319451641229,-0.40233343233468954,-2.257432910937719,-2.9054598065878126,-1.3482427492476254,-1.0328442652352963,-2.347766711597313,0.4258513626805275,-1.7108959512859048,-0.4872990041807956,2.5519255665010014,-2.398021290801083,1.5595966128044552,-0.7818999881855936,0.30537380292393435,-0.9294366028610437,1.0671764849105088,-2.8272991538550123,-3.612742460375215,-1.817230326103265
TCGA-44-3918-01B,0.0,0.014888543105275515,0.0,0.5045049990409034,0.0,0.0,0.006726931967751788,0.0,0.0,0.0,0.0,0.0,0.0,0.005554174624303137,0.0,0.0,0.0,0.0,0.03349991979353247,0.0,0.0,0.0,0.001971150834356381,0.0,0.07528817966573456,0.0,0.0,0.010023670757339898,0.0,0.0,0.0,0.1229790374779505,0.0,0.0,0.0,0.0,0.024902871528274792,0.042877859950009575,0.0,0.0,0.0,0.0,0.0,0.0,0.0,0.0,0.0,0.0,0.0,0.0,0.0,0.0,0.0,0.0,0.07134700415156892,0.0,0.0,0.0020060363044864553,0.0013399041918677411,0.0,0.0,0.0,0.0,0.0,0.0,0.0,0.0,0.0,0.0,0.0,0.0,0.0,0.04363837151233472,0.0,0.0,0.0,0.0,0.0,0.0,0.0,0.0,0.0,0.0,0.015554179144242857,0.00398457967331693,0.0,0.0,0.01891258627675036,0.0,0.0,0.0,0.0,0.0,0.0,0.0,0.0,0.0,2.9489017609702137,Lung Adenocarcinoma,-4.712169152254941,0.7415514410030465,0.3670307879853566,0.184809534549355,-1.5010192358682894,-1.3409894971051217,-0.7718595900860074,-1.7787167405685766,-3.770380296536631,-1.7412927191638847,0.4166410484113448,-4.5903743194037485,-1.5125166012937084,-0.34095289567007203,-1.5592412581093396,-2.8791987740217864,-4.198052512267267,-0.9037577985825972,-3.4994878672602105,-0.2103288629171555,-1.8758665099805976,-0.8783054534244921,0.7038341075327508,0.6894724115212862,1.0912627185618016,0.027840423826076897,0.6599274807095339,-0.7475535217792892,0.9437253141254981,0.167164918781981,-3.0329104714281017,-4.07560229352855,-4.603990504797748,-2.4360157319451137,0.19478947456380954,-4.955334899408571,-2.962673973329313,0.6076067175496039,-4.610834303380133,-0.6473867819986868,0.9098066779902838,-4.6051730616345825,0.6008700714476805,0.38687324403651147,0.686874171135997,-3.5838023580778047,2.3322983477350845,-4.374018451670994,-1.0184660595076727,-3.7288433234539604
TCGA-44-4112-01A,0.017478229402197048,0.00918244721228208,0.0,0.4739050713374159,0.0,0.0,0.0177857232536103,0.00020459602452287232,0.0012641640552106263,0.0,0.0,0.0,0.0,0.02394044532660507,0.0,0.0,0.000444934713522887,0.0,0.05556145801878665,0.026833059515176106,0.0,0.0,0.0031157291494926147,0.0,0.0,0.007838295712895267,0.05723671052923183,0.0,0.030878753338919505,0.0,0.0,0.06198602435034713,0.017962890712804463,0.0,0.0,0.0,0.0,0.0,0.0,0.0037731304008609017,0.0,0.0,0.0,0.0,0.0,0.0,0.0,0.0,0.0,0.0,0.0,0.03681021288867947,0.0,0.0,0.0,0.0,0.0,0.0009444841377654813,0.03642381033861001,0.032084076716283175,0.0,0.0,0.0,0.006962658556957881,0.0,0.0,0.0,0.0,0.005515177742165081,0.0,0.0,0.0,0.007818769508618451,0.0075008628277225846,0.0,0.0,0.0,0.0,0.0,0.0,0.0,0.0,0.0,0.006749217046588087,0.04979906718272863,0.0,0.0,0.0,0.0,0.0,0.0,0.0,0.0,0.0,0.0,0.0,0.0,2.690196080028514,Lung Adenocarcinoma,0.6473887284782079,-0.07412184692303397,0.23768234742928637,0.596806444518098,0.18234948159291847,-0.5264145200422481,0.8369412003450276,0.2446412710483631,0.1250973169928295,0.8570102876961779,-0.06351489272980966,0.7759283351280605,-0.19613793933109164,1.0211781722971642,-0.1746377187170951,-0.03565767800163472,0.21020667704362997,-0.3974066629230875,1.236711162460092,-0.1446714822104858,1.6691301942243988,1.3397446989452313,0.1948595102033909,-0.1855149853523235,0.5760438136772384,-0.25109262169026975,0.09749935567845298,-0.8437000819767473,0.6254631641167845,-1.3040409751702562,0.008977333792774336,0.44608694400800214,-0.27315610388656864,0.4803238093833593,0.2376510381438107,0.6339252999696072,0.841138900927174,0.4671996543151725,0.751172684803781,0.5595392714211255,1.2973891443605445,1.168482907438151,-0.2182395381792889,0.6846624203290291,0.6624840426682697,0.10550179932152035,0.20140888912780064,1.0322191847549071,-0.6996371128353657,0.2729247513858898
TCGA-44-4112-01B,0.011031806127274153,0.003967603885548895,0.0,0.4891046684662568,0.0,0.0,0.0,0.0,0.0026444308637760265,0.0,0.0,0.0,0.0,0.023699322191501074,0.0,0.0,0.0,0.0,0.0550558956589607,0.0,0.0,0.0,0.0,0.0,0.0,0.014130117307080433,0.07918838854329077,0.0,0.03773312956063607,0.0,0.0,0.05573723658962073,0.049275551558786566,0.0,0.0,0.0,0.0,0.0,0.0,0.006356334867682974,0.0,0.0,0.0,0.0,0.0,0.0,0.0,0.0,0.0,0.0,0.0,0.0010374818254926476,0.0,0.0,0.0,0.0,0.0,0.0031039794914305154,0.022081195912049854,0.06007257893104042,0.0,0.0,0.0,0.009347126113355078,0.0,0.0,0.0,0.0,0.01887950158654672,0.0,0.0,0.0,0.0049753853964390315,0.0,0.0,0.0,0.0,0.0,0.0,0.0,0.0,0.0,0.0,0.0,0.051967398256102255,0.0,0.0,0.0,0.0,0.0,0.0006108668671281474,0.0,0.0,0.0,0.0,0.0,0.0,2.534026106056135,Lung Adenocarcinoma,-3.616995612040023,-0.39486607341570373,1.4961081895699726,0.19312386280951688,-1.165048693397394,-1.2006858931985933,-1.1611575656618325,-0.43047870906917196,-3.547561926993075,-1.1682977602729236,-0.6517671684943335,-4.435110493336943,-1.5092804302537521,0.06678381847717015,-1.3842183114661166,-2.657089874954041,-3.6643313185338386,-0.923269392364266,-2.869138469451802,0.427527182260864,-0.9506685975882749,-0.46935699359889105,0.03316580239827074,-0.41006221930171866,0.341908542790845,-1.28563343386185,-0.5313580159956337,-0.23560648614522858,0.5756292515466491,0.23417203555708585,-2.913378598766856,-3.591255796425325,-3.7593003498904984,-1.4929450608918302,-0.022846996244114612,-4.5956224584237955,-2.2242781786877535,0.5939810430908853,-4.041139569336925,-0.8678797602999259,1.1815515333206585,-3.439868114744066,0.19204481102126292,0.2967856867347025,0.1505384112235616,-4.079422382076411,2.611675438355693,-4.372486136959828,-0.2560460062179967,-3.132733880125345
TCGA-44-5643-01A,0.0,0.049928247346952496,0.0,0.0,0.0,0.0608820499600429,0.0345321735453972,0.0,0.0,0.0,0.0,0.0,0.0,0.09782154442654109,0.0,0.0,0.0,0.0,0.051513893941391754,0.0,0.0,0.0,0.012926114400315263,0.0,0.013246196545996246,0.0,0.005600863074678518,0.0,0.008410732994889987,0.0,0.014317248940983181,0.08135103377662496,0.0,0.0,0.0,0.0,0.08988301908554633,0.0,0.0,0.0,0.0,0.0,0.018177048411885856,0.0,0.0,0.0,0.0,0.0,0.0,0.0,0.0,0.0,0.0,0.0,0.0,0.005796430648213214,0.0,0.0,0.021840273949804076,0.0,0.0,0.03720614283016165,0.003328905958277582,0.02626566750207037,0.00681592538510679,0.0,0.0,0.0,0.0,0.0,0.0,0.0,0.08610950476477609,0.1747958061901338,0.007536272084443806,0.0,0.01899328558039495,0.0,0.0,0.0,0.0,0.0,0.0,0.0727216186553718,0.0,0.0,0.0,0.0,0.0,0.0,0.0,0.0,0.0,0.0,0.0,0.0,0.0,2.123851640967086,Lung Adenocarcinoma,-0.5035591756245902,-0.11854531491023573,-0.44742547694140783,-1.7278935447200914,-0.5538551920535411,1.695443516240012,-0.46059853357492925,-0.4103230200395387,0.30402252541856295,-2.3681909046071707,-1.121888300252965,0.5022583425251453,1.1271758945499755,-2.042896933105592,0.20423197732434753,0.3728462689714221,-0.16824359086350837,1.1494009245640604,-0.2886081613496667,0.1970985262178399,-0.5368703236050678,-0.7141176100281169,-0.475851119644303,-0.606213899492643,-0.3563826517761914,0.2940257932391594,0.10630690833891004,2.524616569467234,-1.1667590126507603,0.8752884837438826,1.3591922741418105,1.5255442170188342,1.8094137020670924,-1.5958211763124177,0.19014937164579387,0.851132010352101,1.2485133264562422,-1.6102602099202084,-0.7831008229534037,2.814696547911064,-0.7403608826224498,0.051608142114421926,1.1849074732843974,-1.4267963814486846,-0.19885884932766937,0.8752900956046649,-0.9610618383151633,0.37946306608451463,1.8997752600737596,-0.823352889689801
TCGA-44-5644-01A,0.02131891246804818,0.020806229198091615,0.0,0.41982626437533715,0.0,0.0,0.0,0.009091860069102472,0.0,0.005730166776526709,0.0,0.0,0.0,0.004491416263502021,0.0,0.0,0.0,0.0,0.019693099053063507,0.0,0.0,0.0,0.004241072372208809,0.0,0.03830433029947255,0.0,0.0,0.0,0.0,0.0,0.0,0.15565441240259192,0.0,0.0,0.0,0.0,0.0,0.0,0.0008150030346198044,0.0,0.0,0.0,0.08134145749484459,0.0,0.0,0.0,0.0,0.0,0.0,0.0,0.0,0.0015005147485473087,0.0,0.0,0.01344614522015829,0.0,0.0,0.00039724343404537037,0.02600171160841419,0.0,0.0,0.0,0.005193745284301268,0.01756736055404258,0.0,0.0,0.0,0.0,0.0,0.0,0.0,0.0,0.015474905832172595,0.016185332033541177,0.0,0.0,0.0,0.0,0.0,0.0,0.0,0.0,0.0,0.011232465197503321,0.04454588719056381,0.0,0.0,0.05267787188548683,0.0144625932038139,0.0,0.0,0.0,0.0,0.0,0.0,0.0,0.0,2.9849771264154934,Lung Adenocarcinoma,-1.501461563353503,-1.645475848776604,-1.057489087522204,-1.0632570351849142,-1.9816589585835656,-1.9190543323364002,-1.2716215153380757,-2.273384047614275,-1.5930293495654946,-0.2913599162671055,-0.8726530743753238,0.21328611614907578,0.37367553134993825,-0.6870541939566696,-0.24448894065150298,-0.27736374955949983,-1.2723861482147056,0.26397192436506206,-0.19822716114050937,1.2567388318029633,-0.3785913614374642,0.3486586887740891,-1.3025758632789106,-1.4585865141452221,-1.3888292604809045,-1.9467323165242076,-2.09303745148512,-0.8608173064669138,-0.9263366897672786,-0.3544473954999552,0.2261367335804121,0.1210253487242189,0.5235447360018315,-0.9916548350884843,-1.7046467450394038,0.1526167994823085,-1.6545443968614562,3.497011950708917,-2.091166102207988,-0.6539978928338879,0.37834347220930303,-1.1722924209897123,0.9731085068004278,0.04919708762091467,-0.4395885799565914,1.3080487105524405,-1.0374692858192982,0.19784806760687962,-0.4866934309487909,-0.3501630772860999
TCGA-44-6145-01A,0.017025725126083475,0.0043476262673571775,0.0,0.6617038926084652,0.0,0.0,0.0,0.0,0.0,0.0036626547577921853,0.0,0.0,0.0,0.0,0.0,0.0,0.0,0.0,0.004936016062226581,0.0,0.0,0.0,0.014946261671386882,0.0054371053295736585,0.0,0.0,0.009520837953992755,0.0,0.0,0.0,0.0,0.03846198811943244,0.0,0.0,0.0,0.0,0.0,0.0,0.0,0.0,0.0,0.0,0.0,0.0,0.0,0.0,0.0,0.0,0.0,0.0,0.0,0.046336592571280505,0.0,0.0,0.0,0.0,0.0,0.0,0.005726425355048288,0.0317914734902498,0.0,0.0,0.0,0.021113479775606958,0.0,0.0,0.0,0.0,0.0,0.0,0.0,0.0,0.023309622307472033,0.0,0.0,0.0,0.0,0.0,0.0,0.0,0.0,0.0,0.0,0.053103058923483375,0.0551746204668739,0.0,0.003402619213674843,0.0,0.0,0.0,0.0,0.0,0.0,0.0,0.0,0.0,0.0,2.496929648073215,Lung Adenocarcinoma,-0.18224191415095806,1.2392292921048325,0.6410739545430817,-0.22952772789439252,0.821621329992263,0.8237006697885269,1.0172389747278312,0.6345324016019643,-0.42189342594160295,1.3598558039024589,1.8070078019705058,-0.4980514537442335,-0.279969652258224,0.7658303200341168,0.29113393690604744,0.605098305826644,0.13543806541547368,-0.254266401911752,0.32478698303873893,0.31972089545047094,1.4426974344789376,0.8911925339528142,1.0122322761193157,1.1255164949622478,1.001485011198363,0.8440488749912345,1.2174867419063364,-0.30835377478310855,1.4019612437717395,0.542460910112288,-0.04853839151982951,-0.720101992459342,-1.3999265439879567,0.054753615752212416,-1.0100414492081928,-0.9245366833570312,0.6814484902842863,0.43084439173204536,0.27709951491369994,1.6817583795673534,0.889563977049789,1.0836283338272812,-0.8435811705106637,0.9973705766076999,0.8540515574880332,-1.0641623297282832,0.9165511741145009,0.02526047441894184,-0.5362210095732568,1.4454770653517899
TCGA-44-6147-01A,0.03332606861046594,0.01687085178042308,0.0,0.402642902889796,0.0,0.0,0.06930800000410905,0.00808710748422474,0.006046759855873458,0.0,0.0,0.0,0.0005201114540318947,0.0,0.0,0.0,0.0,0.0,0.036025396488224344,0.0,0.011724013501832163,0.0,0.023099322182996505,0.0,0.0,0.0,0.0,0.0,0.0,0.0,0.0,0.13864649126599926,0.0,0.0,0.0,0.004039231088981967,0.0,0.0162994013548253,0.0,0.020888500413775258,0.0,0.0027733999109452825,0.0,0.01672731668099508,0.0,0.0,0.00283373641184831,0.0,0.0,0.0,0.001919741322938037,0.0,0.0,0.0,0.0334860074880246,0.004888380658897779,0.0,0.002824609856605552,0.0013639484495860624,0.0,0.0,0.0007984009859665624,0.02251826488529353,0.00648743444247838,0.009832001772297462,0.0,0.0,0.0,0.013918777974975306,0.0,0.0,0.0,0.0,0.0,0.005996451864706492,0.0,0.0,0.004501203730270965,0.0,0.0,0.0,0.0,0.002490703091212018,0.0280290615519241,0.03171541052590393,0.0,0.0,0.003963662947223775,0.0,0.003054901068985038,0.0,0.0,0.012352426003362855,0.0,0.0,0.0,0.0,2.0530784434834195,Lung Adenocarcinoma,-1.1687715441802784,-0.18079353605832943,2.504172510919472,0.7091852197985195,0.07175185268880023,-0.9231557156090006,-0.49980830337063936,1.468622549151611,-0.8749431459868536,-0.08603005503001562,0.22956346834663277,-2.0410852984911476,-1.2747482799895378,0.27255838236441277,0.06928141695280118,-0.5574468053222218,-1.2236799673432808,-1.1488279106839152,-1.2797654624341526,0.5850690324103721,0.39219417740892376,0.06648024870375333,0.5556358161093345,-0.30573746471819246,0.28083472510309504,0.2228684328530333,0.23709580377348133,1.2484545687782966,0.6611745252262585,0.38587623987546976,-1.5067072795244287,-1.7722401220944652,-1.4902073034740966,-0.2402722546107761,-0.06290290301120953,-1.7226386084397247,-0.25043108647084855,-0.2573115499555213,-0.06887150005553665,-0.6560586893886111,1.3010929348008367,-1.4186702992531375,0.0071076083314690315,0.8045310024179164,-0.2250438430378776,-0.9790302857334461,1.9906819330184073,-2.1588156232258444,-0.7130154416671242,-0.7726937288223213
TCGA-44-6147-01B,0.04434650698269779,0.0154891510590047,0.0,0.4332009109524937,0.0,0.0,0.05498791955274571,0.0,0.0,0.0,0.0,0.0,0.016842242268351935,0.0,0.0,0.0,0.0,0.0,0.0009268678884588351,0.0,0.0,0.0,0.0,0.0,0.0,0.0,0.0,0.0,0.0,0.0,0.0,0.04955083606070597,0.0,0.0,0.0,0.0034072561872514275,0.0,0.025107731691058302,0.0,0.030689052682663042,0.0,0.013536913820178137,0.0,0.02394253276748523,0.0,0.0,0.03345571465127224,0.0,0.0,0.0,0.014531638496652533,0.0,0.0,0.0,0.028011179720327205,0.0,0.0,0.0,0.0,0.0,0.0,0.0,0.031046672410943638,0.015197511230156224,0.023023370505241204,0.0,0.0,0.0,0.044303344654406905,0.0,0.0,0.0,0.0,0.0,0.0,0.0,0.0,0.016241740825092756,0.0,0.0,0.0,0.0,0.0,0.05032220339690994,0.01936572856853267,0.0,0.0,0.0,0.0,0.0,0.0,0.0,0.012472973627369698,0.0,0.0,0.0,0.0,2.167317334748176,Lung Adenocarcinoma,-4.181086317206918,-0.04981873290009965,1.975380168784736,0.021492591020290785,-2.0284073542182672,-1.1627918365062948,-1.8550997483335683,-0.8145439396535016,-3.2503978867086647,-1.8233208562295016,-0.4010410949823726,-5.154007085705728,-1.7378148494379289,-0.37825163219475105,-1.455317416231185,-3.118611219353337,-3.431021482487702,-1.3890107345086036,-4.10078917627788,0.45941364213277075,-2.130750980181793,-0.9004015068332399,0.46148318111068126,-0.23409306243958283,0.39060697146224915,-0.7707555296615001,-0.03173107467547251,-0.22670122529130124,0.7835599615985887,-0.5855139829709244,-3.2241989876016737,-4.240929357441124,-4.133368652836453,-2.1090905012527092,-1.3230078741500404,-4.548272768627766,-3.671146519860925,0.8310402286270603,-4.217776567426127,-2.018131188364315,1.2758705320370336,-4.602405914234595,-0.03668350603549268,-0.31966749506958525,-0.2514500506003374,-3.96841580983823,2.9475579681207056,-5.57714865831843,-1.7660323233588027,-3.2995269738973865
TCGA-44-6774-01A,0.0,0.0,0.0,0.30037913437639097,0.0,0.0,0.023102388360020817,0.0,0.0,0.0,0.0,0.0,0.0,0.0,0.0,0.0,0.0,0.0,0.0,0.0,0.0,0.0,0.0,0.0,0.0,0.0,0.0,0.0,0.01345795369456501,0.0,0.0,0.18624128273816168,0.0,0.0,0.0,0.0,0.16985783063955506,0.0,0.0,0.0,0.0,0.0,0.0,0.0,0.0,0.0,0.01926551616399005,0.0,0.0,0.0,0.0,0.0,0.0,0.0,0.0,0.0,0.0,0.012047763949100739,0.023981423114977644,0.0,0.0,0.0,0.0,0.013360935113167403,0.0,0.0,0.0,0.0,0.0,0.0,0.0,0.0,0.0,0.0,0.0007502797510416198,0.0,0.0,0.0,0.0,0.0,0.14306625428429015,0.0,0.0,0.024025196356170245,0.050869040535921416,0.0,0.0,0.019595000922647123,0.0,0.0,0.0,0.0,0.0,0.0,0.0,0.0,0.0,2.419955748489758,Lung Adenocarcinoma,-0.7104466991832392,0.49754426548217806,1.296378510334173,1.8637025542560555,2.3040565530531523,0.75171934037169,0.6098510453193856,-0.2512137194845167,-0.33514275126221615,1.191766649124789,0.7700214792961014,-1.4281902047694,-0.7474242462818532,2.5137537484385715,0.5530081975175133,0.09970212679232217,-0.8018311929625069,-0.5428307364677023,0.13595829457704117,1.1436229537352132,-0.371485581395846,1.1490991296422022,1.1961055177548063,0.8002111644892563,1.2081528521935219,-0.16518065594864503,0.2818919110787888,-0.12985377458961317,1.406287915914232,0.10670253214116986,-0.35567054229707945,-0.7546323443093946,-0.4490816207171625,1.9582730565708726,2.123257878651417,-1.128709449320125,-0.14756545585240893,1.2009879869292928,-0.5772953979818659,-0.9365425818613419,0.37678759815794527,-1.144675099597359,-0.7407004553577847,1.8291751332492991,1.0338309168517392,0.4003057472289887,1.6990416733211477,0.04773108932685869,1.7364737444448148,-0.026283618977330055
TCGA-44-6776-01A,0.004746809852456868,0.012508496305741466,0.0,0.3111455106190985,0.0,0.0,0.0,0.0,0.0,0.0,0.0,0.0,0.0,0.039442436930618406,0.0,0.0,0.0,0.0,0.00176212860205326,0.0,0.0,0.0,0.0,0.0009075291736198155,0.0,0.0,0.0443902828177852,0.003817069583564328,0.0,0.0,0.0,0.24548189536169732,0.0,0.0,0.0,0.0,0.0,0.03265413908442085,0.0,0.0,0.016346055361729502,0.0,0.0025306842636439136,0.0,0.0,0.0,0.0,0.0,0.0,0.0,0.0,0.0,0.0,0.012081726526717166,0.0,0.0,0.0,0.0,0.023037503812822848,0.0,0.0,0.0,0.0,0.011312595661329626,0.0,0.0,0.0,0.0,0.028633829628688053,0.0,0.0,0.0,0.029920626504805235,0.0,0.0,0.0,0.0,0.0,0.0,0.0,0.09355518726858258,0.0,0.0,0.029940284173408115,0.04654860642496764,0.0,0.0,0.0,0.0,0.0,0.0,0.0,0.009236602042249317,0.0,0.0,0.0,0.0,2.2528530309798933,Lung Adenocarcinoma,1.242360815252611,-1.2112431960372563,0.7002957817503134,-0.5531679979350075,-0.1424828168249024,-1.2779788072434397,-0.31615922485439185,1.3953376406447697,0.6128383803850501,-0.8125246083357488,-1.1894900531050898,-0.5503293622463228,-1.6285278019774687,-1.3030571963461248,0.5529772123473516,0.22906056768110716,1.936070299496019,-1.7654870215766518,-0.588067856492775,-0.0778973001116447,2.32524199545037,-0.9355499307282105,-0.9113668337630104,-1.0640395227646058,-0.9859268964167027,-1.4739291856100978,-1.5051600316969265,2.0797926501068615,-1.3023152656295527,-1.326809775583709,-1.000244151378491,-0.942124871986773,-0.7061601254763744,0.09890088720513229,0.6967002510841358,0.7649039179725823,0.7873370810177941,1.2066947413298605,1.7866427449481346,-0.6588734292792559,1.0235244015646834,0.9029944219108463,-1.4868430881452732,0.11416115952890843,-0.7321965820235881,-1.0710566479789283,0.08722923931198534,-0.13821821616804472,0.2507851929762462,1.1939041871592284
TCGA-44-6777-01A,0.01927858856210761,0.08397023186679861,0.00962116862887111,0.390385164361622,0.0,0.02678827614267658,0.0,0.0,0.0,0.027635487305739878,0.0,0.0,0.00467426937425676,0.023545874744114747,0.0,0.0,0.0,0.0,0.08412353558224876,0.0371533981778942,0.03202729238643722,0.0,0.0,0.0,0.0,0.0,0.0,0.0,0.0,0.0,0.0,0.0,0.0,0.0,0.0,0.0,0.0,0.0,0.019532025118529046,0.0,0.0,0.0,0.09418317291460142,0.0,0.0,0.0,0.0,0.0,0.0,0.0,0.0,0.0,0.0,0.0,0.0,0.0,0.0,0.01334389356938057,0.017648210591107896,0.0,0.0,0.0,0.0,0.016819417968134267,0.0,0.0,0.0,0.0,0.00439570122941115,0.0,0.0,0.0,0.0,0.0,0.0,0.0,0.0,0.0,0.0,0.0,0.0,0.0,0.0,0.02668408026907449,0.01660506697013295,0.004619028137254267,0.0,0.04696611609960633,0.0,0.0,0.0,0.0,0.0,0.0,0.0,0.0,0.0,2.530199698203082,Lung Adenocarcinoma,0.45990050097391005,1.658230721560024,1.7012421587193354,1.8705352183693391,1.8208390368421095,0.6052638387889288,1.1666277380018448,0.8520222808441653,0.3523338699944573,1.8551686736053712,1.877031860227448,-1.3322586474049702,-1.2395241879996444,1.6680844762007068,0.11789921152402268,-0.2785442923015061,0.18925458810415335,-1.089757320966712,0.6440828566279044,0.7636982064435461,1.6183830960976051,1.7582050839274543,2.0033146195540814,1.5597439880129134,1.7934893802772154,0.35605687544454384,0.938062512321088,-0.22686009534987414,2.2050177869758425,-0.22631041816094172,-0.10220085289986704,-1.3527283645053076,-1.5338718406904548,1.5129422242496267,1.7245562045466718,-0.699001809078208,0.19671832886980778,1.477576767389551,0.09758514485675776,-0.096495104283542,1.1471856610654696,0.5049539463070811,-1.1042595315662684,1.0412954052371703,0.840337373411581,-0.382447796084861,1.286618387936633,-0.07878746847507516,0.2423214811319601,0.7066982188897681
TCGA-44-6778-01A,0.016886337695080994,0.02005599946011215,0.0,0.3646980602205029,0.0,0.0,0.0,0.0,0.0,0.0,0.0,0.0,0.012235924663605721,0.007547233490742141,0.0,0.0,0.0,0.0,0.00853707953833218,0.017972509330286948,0.0,0.04044287358557979,0.007769418285614154,0.0009414827973009936,0.0,0.04035451378139783,0.012287566206446237,0.0,0.0,0.0,0.0,0.24094862131607217,0.0,0.0,0.0,0.0,0.0,0.0,0.0,0.0,0.0,0.0,0.048036191927353256,0.0,0.0,0.0,0.032096047788721015,0.0,0.0,0.0,0.0,0.0,0.0,0.0,0.0,0.0,0.0,0.010118118566067211,0.02155119888833677,0.0,0.0,0.0,0.0,0.015490772065268202,0.0,0.0,0.0,0.0,0.0,0.002261267946399982,0.0,0.0,0.0,0.003271625306393057,0.0,0.0,0.0,0.0,0.0,0.0,0.0,0.0,0.0,0.024285938272937225,0.043233881221740114,0.0,0.0,0.00897733764570904,0.0,0.0,0.0,0.0,0.0,0.0,0.0,0.0,0.0,2.597695185925512,Lung Adenocarcinoma,-0.5865229486887985,1.6229351125808007,0.6250437999885106,0.6291982690856084,0.1624351022926884,-0.6661896131533867,1.6817990257217377,0.10514657897159711,-0.23778107955521874,0.1809363033324983,1.6401469568564193,-1.0930786389078402,0.23667049127686124,-0.2897299158479217,-0.5492843563308153,-0.5871504225667437,-0.40663532963853133,0.5373752018529249,-1.8607778394029362,1.3151212285602898,1.0434789879181188,0.339279420700246,1.8252377451738866,1.6925973236604595,1.6445944375818655,0.2810508513579347,1.0698058036972014,-0.05278689391925154,1.358584336843762,0.8916935757189371,0.17425760288215777,-0.37904298591065977,-0.687795745474031,0.1902668006766754,-0.4798097575521069,-1.2309192484878793,0.0914851876881272,1.7036307451184252,-1.3807635323684568,0.993554019621561,0.5861963711896211,0.2814033845484534,0.6420417689597311,1.0366928851944248,1.552623168734994,-0.5533755979274927,1.0719753454566263,1.0052227099953042,0.83458247757536,0.2592620458674906
TCGA-44-7659-01A,0.0,0.018673789674833925,0.0,0.3574553695828848,0.0,0.0,0.03498146560399893,0.0,0.0,0.0,0.0,0.0,0.0,0.0,0.0,0.0,0.0,0.005192534648212826,0.0420180802114147,0.0,0.029846174619221906,0.02170686807463333,0.01814106120582081,0.004719561752613768,0.0,0.0,0.0,0.042148529426512614,0.0,0.0,0.0,0.13036359337957057,0.0,0.006042771062020346,0.0,0.0,0.0,0.0,0.027056285301856497,0.0,0.004345532570702166,0.0,0.0,0.006399649116194798,0.0,0.0,0.0,0.05135245334142945,0.0,0.0,0.0,0.09779490991081598,0.0,0.0,0.0041479639490662155,0.0,0.0,0.0,0.03935118903226125,0.0,0.0,0.0,0.0,0.01881178766382441,0.0,0.0,0.0,0.0,0.0,0.0,0.0,0.0,0.0,0.0,0.0,0.0,0.0,0.0,0.0,0.0,0.0,0.0,0.0,0.0,0.029000174841555818,0.0,0.0,0.0,0.0,0.0,0.0,0.0,0.010450255030554995,0.0,0.0,0.0,0.0,2.155336037465062,Lung Adenocarcinoma,-0.6507372077249962,-0.53820053083497,-0.28755940788640444,-1.235262040445991,-0.9343624803999295,-1.5928428170815858,0.09636929847189589,0.714617704607995,-0.054308755016678804,0.3293259662236181,-0.491790304224589,-0.32512690214355044,-1.555651577341363,-1.2644746283439952,0.11404654584880193,-0.29200708753396803,0.39814108325775516,-1.6135100819901083,-1.4124916057858012,-0.6176860583053875,0.9630662967450648,-1.1406346907995129,-0.3113262221000367,-0.27979664971879586,0.10707026778602834,0.45443332181012214,0.08768279347633187,0.6340511306706648,-0.4097176899370532,-1.2669089743617699,-1.7276354095812285,-1.055414212920129,-0.7670279339696071,-0.9560880983579171,1.462448295024821,-0.048397940762722705,1.1040570044551774,0.5692037350686396,0.34442005105746093,-0.9661635351862365,-0.030571099889411493,-0.2583819444515335,-1.4181070563647864,0.08558996965773666,0.39493473007172064,-0.6488749548269727,-0.06328002539611371,-0.05464325210357933,-1.0946661288922312,0.2167924578991406
TCGA-44-7660-01A,0.012555417651348847,0.0025328659634011276,0.0,0.28018835228024075,0.0,0.0,0.0,0.0,0.0,0.0,0.0,0.0,0.0,0.015627721874347245,0.0,0.0,0.01712621489285645,0.0,0.054034153756648336,0.0,0.0,0.0,0.013711414354434051,0.0,0.0,0.030660751330591773,0.01612500009844251,0.045664014653710845,0.0,0.0,0.0022030702748549813,0.015621742091811783,0.0,0.0,0.0,0.0,0.05216206451787434,0.0,0.0,0.04660139785244842,0.0,0.0,0.0,0.0,0.0,0.0,0.06744326426281944,0.0,0.0,0.0,0.0,0.0,0.0,0.0,0.0,0.014237486739590655,0.0,0.009453799157746887,0.02314159573699003,0.0,0.0,0.0,0.0053524718458552506,0.0,0.017367659640586144,0.0,0.0,0.0,0.004363033787820262,0.0,0.0,0.0,0.03729062875834453,0.0,0.0,0.0,0.0,0.0,0.0,0.0,0.0,0.0,0.0,0.03286175684844713,0.04485086918731034,0.0,0.0,0.1301069322830613,0.0,0.0,0.0,0.0,0.008716320158416573,0.0,0.0,0.0,0.0,2.5440680443502757,Lung Adenocarcinoma,-0.958869156255539,-0.7041182589126765,-0.5334933832409913,-0.39575686100147395,-0.8325980758132125,0.27759546020765086,-0.4355117807676589,-1.2659751084231041,-0.1864741684477789,-1.4333127540928252,-0.9838498725403119,1.1646747676357017,1.2828785919492116,-0.520089060612475,-0.44218228664370357,0.31183343462253865,-0.20227235385517872,1.1429953928903074,0.6026968840156823,0.23366674681585917,-0.5871016158961226,-0.43567918404289346,-0.8810568097976337,-0.8601203106359295,-1.364086880650507,-0.8966961224895754,-1.0641124201542438,1.9861800342110436,-0.9992897561241451,0.47576481907805934,1.2500516784997326,1.3358627617403545,1.3135548121902527,-0.05002467014010223,1.0856956010068946,0.20103189297851135,0.05065511639553192,-1.310936725674694,-1.0451048167850767,1.1971832753797682,-1.228482492023651,1.1465254257858024,1.3703145685796916,-0.6886028072422906,-1.2156747192604833,-0.085410865360576,-1.0871288686178548,-0.2869979967383036,0.8346036490645564,0.4405671774010338
TCGA-44-7661-01A,0.020951226061551833,0.04965581852033929,0.0,0.4292718125760394,0.0,0.005550092295095639,0.0,0.008388670981716091,0.0,0.0,0.0,0.0,0.0,0.010799459392704306,0.0,0.0,0.0,0.0,0.04403803901359916,0.0,0.0,0.0,0.0,0.0,0.0,0.03581144743523252,0.0,0.0,0.01603292290438077,0.0,0.0,0.030543779137630164,0.037879720241010315,0.0,0.0,0.0,0.0,0.0,0.0,0.0,0.016615365074630087,0.0,0.0,0.0,0.0,0.0,0.06923063818625269,0.0,0.0,0.0,0.0,0.04152494106999661,0.0,0.0,0.0,0.0,0.0,0.010240146820877575,0.01751829751948662,0.0006674606817796307,0.0,0.0,0.0,0.0,0.0,0.0,0.0,0.08747905021686851,0.02569372531797268,0.0,0.0,0.0,0.018151106448948504,0.0,0.0,0.0,0.0,0.0,0.0,0.0,0.0,0.0,0.0,0.0,0.02395628010388758,0.0,0.0,0.0,0.0,0.0,0.0,0.0,0.0,0.0,0.0,0.0,0.0,2.3820170425748683,Lung Adenocarcinoma,-0.04766413454960273,1.1835537584745015,0.6001471074653074,2.1207205356525334,2.2868206133261206,1.4990691713878461,1.9569470374799467,-0.892512504112908,0.21631192248961315,1.222074860899024,1.6373538580234448,-0.3795502759466856,0.5872088331415227,1.476129839669098,-0.04513991722841063,-0.05241516326818504,-0.3339524041046241,0.7192921142145833,1.0746480760192823,0.8873766888837847,0.22661665159974093,1.864643743682262,1.919020630524344,1.7311834759333289,1.8776392954117331,1.2235235774466988,1.306251164011555,-0.8563795888550071,2.2266598675551563,1.6546254891375658,0.6149252746125129,0.17401589551821012,0.1624310206108549,0.7481428594874047,1.4506811403649282,-1.1781049274193947,0.9635712050912703,1.3212266081058217,-1.1495566305748826,1.087869538500449,0.4763190996782638,0.1300494571815272,-0.3533079636595863,1.6875596140271767,1.790523989534818,-0.25550682123170804,1.424302079982099,0.043119335587538776,0.7679149172182842,0.08323392084150755
TCGA-44-7662-01A,0.0,0.038412917368270905,0.0,0.41301779134479827,0.0,0.0,0.03808551537314427,0.012125882824455625,0.0,0.00888965212343896,0.0,0.0,0.0008267908413616195,0.0,0.0,0.0,0.0,0.006730082753437892,0.034968772816350656,0.012568335542013982,0.0,0.0011151679715276565,0.004005941527022852,0.004474670862566933,0.0,0.0,0.0,0.0,0.011284907266726842,0.0,0.0,0.19127872883085403,0.0,0.0,0.0,0.0,0.0,0.0011949525099191002,0.01397751946811178,0.0,0.0,0.0,0.0,0.0,0.0,0.0,0.020635259156665805,0.0,0.0,0.0,0.0,0.0,0.0,0.0,0.0,0.0,0.0,0.008594316599844038,0.02195159608141013,0.0,0.0,0.0,0.03250324247555042,0.035305287533704405,0.0,0.0,0.0,0.0,0.0013988517790996012,0.0,0.0,0.0,0.03484611527035754,0.016862340789334518,1.0206848096634157e-05,0.0010296901273808715,0.0,0.0,0.0,0.0,0.0,0.0,0.0,0.002876928784263901,0.023827471561925682,0.0,0.0,0.007201063568365059,0.0,0.0,0.0,0.0,0.0,0.0,0.0,0.0,0.0,2.7528164311882715,Lung Adenocarcinoma,-0.8954004755790895,0.5495428652837787,0.04820939402441641,1.3054926578337858,1.9813345088367473,0.5620887252642758,1.002877707290056,-1.3896493060216775,0.8800464183600736,0.8578586627061606,0.8234782032211686,0.21598963491092757,0.6813312355105691,1.7188052081217835,-0.18965830827395783,-0.5038831590223014,-0.6832935544594608,0.7414373563851026,0.855454965144436,0.3700135125678006,-1.0560935517876535,0.6766879887387726,0.5538921357362327,0.7112869658490306,0.9767400089518884,0.9245590948162575,0.9463567397621963,-0.9884720015166067,0.9076509296637533,1.1572236311803443,0.6632971958387296,0.09949426501834857,0.19948245878669396,0.5752298141091563,2.2952785164162064,-0.5004863734862917,0.09144996691310779,0.49999191899041606,-0.8251639160610758,-0.46048091744409475,-0.21182436064267168,-0.1746372724997086,-0.16523125464017327,1.207873738806654,0.87795328119319,0.46517959840575673,0.7975413770996119,0.0915684350886971,0.6559912585933645,-0.16240320104941083
TCGA-44-7667-01A,0.037126113788066635,0.027442641680893873,0.0,0.4132233241252142,0.0,0.0,0.0,0.0,0.0,0.0,0.0,0.0,0.0,0.0,0.0,0.0,0.0,0.0,0.006002487692798938,0.0,0.0,0.0,0.0,0.008112606742306884,0.0,0.0,0.0,0.0,0.0,0.0,0.0,0.16407350257073097,0.0,0.0,0.0,0.0,0.0,0.0,0.04686622954036477,0.0,0.000927751446446732,0.0,0.0,0.0,0.0,0.0,0.047327715069588744,0.0,0.0,0.0,0.0,0.0,0.0,0.0,0.0,0.01820793964002176,0.0,0.0,0.009792926813954876,0.0,0.0,0.0,0.016321489642859656,0.009440748897786944,0.0,0.0,0.0,0.0,0.037365808359342535,0.004329112175640097,0.0,0.0,0.0,0.0,0.0,0.0,0.0,0.0233467455983485,0.0,0.0,0.0,0.0,0.0,0.036985267859738366,0.08514243311505541,0.0,0.0,0.0,0.0,0.0,0.007965155240840092,0.0,0.0,0.0,0.0,0.0,0.0,2.6748611407378116,Lung Adenocarcinoma,-0.8620866011094792,-1.1934693994401557,-2.609242836210977,-0.9289682380467745,-1.4205022092636883,-1.3346101582051793,-2.348208799946071,-1.7539492357462751,-0.5651746498433619,-1.9309224592751344,-1.816356992840376,1.8759746434772062,2.122389832574089,-0.7878966942504236,-1.4229667741434509,-0.8631083445403541,-0.36572241720108556,2.1005646931012616,-0.38872091016262367,-1.594048847895233,-1.3966067958555404,-1.5595807026384807,-1.9197014065789693,-1.5300465416669948,-1.477190285518467,-1.2599304819162356,-1.3018272280556578,-0.993222026733384,-1.5386278855644522,1.0154632664100602,1.3020536823925655,2.1001338822816304,2.5466307516770694,-0.21680464593751397,-0.5896276842939477,0.5711512765764009,-1.6217671585657458,1.4090143188348065,-0.6622052150625832,1.025480822669172,-1.4073202067141712,-0.5075403011978524,1.8332663485669298,-2.1353896113498063,-1.7285292545064272,0.9526906545852023,-1.8089879493955365,-0.029673353242875133,0.09320131299036656,-0.5071359436055516
TCGA-44-7669-01A,0.0037587228564629166,0.0,0.0,0.3639164211109029,0.0,0.004568413895661107,0.0,0.020126995426864455,0.0,0.0,0.0,0.0,0.0,0.0,0.0,0.0,0.0,0.0,0.015225211862487084,0.0,0.0,0.02503253282074805,0.005247338378531815,0.005703418561950222,0.0,0.0,0.0,0.0,0.025551938288243797,0.0,0.0,0.20345878924730543,0.0,0.014026734423186058,0.0,0.0,0.0,0.04675952069247191,0.005676402920801787,0.0,0.0,0.0,0.0,0.0,0.0,0.0,0.013649502460260579,0.0,0.0,0.0,0.0,0.01717261713213974,0.0,0.0,0.0,0.0,0.0,0.0019444138169086463,0.020202429320448516,0.010394493308065187,0.0,0.0,0.006583984764090408,0.03755869114708788,0.0,0.0,0.0,0.0,0.0,0.0,0.0,0.0,0.02377242071329922,0.04439723793300832,0.0,0.05469435696672744,0.0,0.009806187192293602,0.0,0.0,0.0,0.0,0.0,0.0,0.02077122476005288,0.0,0.0,0.0,0.0,0.0,0.0,0.0,0.0,0.0,0.0,0.0,0.0,2.6711728427150834,Lung Adenocarcinoma,-0.6815719899486989,-0.09333147473016123,-0.4160611437711532,0.16541005577297427,-0.7784309028360843,-1.6204363985386938,-0.03974293475206649,-0.6831558081719824,0.25220319043519657,-1.0575327018396354,-0.08637725067443279,0.35353298261527544,1.655543497837085,-0.47138045776757653,-0.36113259247371426,-0.5447248877544272,-0.34068966255489774,1.6434373891691125,-0.25887207626999803,0.9394688193633237,-0.15201797354057173,0.3886614539735246,0.11034106969008922,-0.30133523277668817,-0.18621781333571638,0.11927269399851026,0.07571049823810545,-0.08755371613175056,-0.21099947747915399,1.5903023327323405,1.7713565213485718,1.1091845686595114,0.9517590821795375,-0.6798972646631689,-0.521486490433989,-0.20724848515056007,-0.9881555714855393,-0.21877654087878848,-1.142704891822054,1.6150974190041651,0.5433718190645831,0.36066318663010966,1.522079454066002,-0.029570919752281155,-0.16552467003153767,0.7454609231659647,0.2897585379941155,0.425342545599902,0.21021466246532278,-0.3561769491921216
TCGA-44-7670-01A,0.013167320481659547,0.04533000865100081,0.012303199951454591,0.5067475752999069,0.0,0.0,0.026030173917566644,0.0,0.0,0.0,0.0,0.0,0.002181234428894735,0.015054102522885072,0.0,0.0,0.0,0.0,0.06279438266461956,0.0,0.0,0.0,0.0039901359957524845,0.0061329928464422135,0.0,0.0,0.009622610423375626,0.0,0.0,0.0,0.0,0.13468642739407782,0.0,0.0,0.0,0.0,0.0,0.0,0.0,0.0,0.0,0.0,0.0,0.0,0.0,0.0,0.00920057485402138,0.0,0.0,0.0,0.0,0.02840489797804776,0.0,0.0,0.059661088084396734,0.0,0.0,0.005531271198761918,0.0,0.0,0.0,0.0,0.0,0.0009068589441384909,0.0,0.0,0.0,0.0,0.0,0.0007888085079484426,0.0,0.0,0.0,0.0,0.0,0.0,0.0,0.0,0.0,0.0,0.0,0.0,0.0,0.030860937337110324,0.02635524599705982,0.0002501525208790603,0.0,0.0,0.0,0.0,0.0,0.0,0.0,0.0,0.0,0.0,0.0,3.0068937079479006,Lung Adenocarcinoma,-0.6386905676907031,-0.7973986081022539,0.2857426860450106,0.32982651136146446,0.36122726864781834,0.16570191311126317,0.3895327125812188,-0.019152106041560576,0.4893795826354352,-0.21458205243936537,0.004747667094963325,0.5062702590097089,1.0356998243367062,-0.4198732785271482,0.13061452230474158,0.1783223786910044,-0.4584188767114724,1.1621932823825032,0.39390745953392453,0.49353773758452446,0.8227645871720398,0.3202323421403278,0.12932050636972378,-0.4758544006418952,-0.25397519180481953,-0.5249447223979709,-0.7038856726232436,0.8602174477100033,-0.5325029087637401,1.3546883661855578,1.3366183552560846,0.7165161047783609,1.0374483224835638,-0.23174517417564028,0.19821475494002164,-0.44563856573120547,0.8664862569696937,0.27787123143538944,-0.09186350947138741,0.8620031381151125,-0.15667939444850393,0.4773458377338454,1.4919672826012524,0.5243753811022127,0.7462285714434168,0.6903896488430703,-0.7203133879532707,1.6238066173187018,1.139732127431162,0.8154043982056773
TCGA-44-7671-01A,0.0,0.0,0.0,0.06836144014767014,0.0,0.0,0.0,0.0016131595413941943,0.0,0.0,0.0,0.0,0.0,0.029476176850209642,0.0,0.0,0.0,0.0,0.019548759812845852,0.0,0.018853621951721314,0.0016101697709426483,0.0,0.0,0.041324388516566855,0.0,0.07757445243072926,0.0,0.04042880951790365,0.0,0.0,0.1724800957666815,0.07691135150409767,0.0,0.0,0.0,0.08105836465646789,0.03149789327359165,0.07807071476585672,0.0,0.0,0.007087129671943085,0.0,0.0,0.0,0.0,0.0856157933835374,0.0,0.0,0.0,0.0,0.0,0.0,0.0,0.03784515858363085,0.0,0.0,0.012281899836178448,0.010472083008570778,0.0,0.0,0.0,0.0,0.015235262128573958,0.017462186466593994,0.0,0.0,0.0,0.0,0.004936624786818456,0.0,0.0,0.0,0.0,0.0,0.0,0.0021678685270331076,0.0,0.0,0.0,0.0,0.0,0.0,0.0325484259542461,0.035538169146194676,0.0,0.0,0.0,0.0,0.0,0.0,0.0,0.0,0.0,0.0,0.0,0.0,2.3710678622717363,Lung Adenocarcinoma,1.4269322659858075,-1.050085567684712,1.0717730441191438,0.9046260435477929,0.5588852704170343,-0.7486549079512717,-0.12891505298728967,2.114837250294103,0.18414096668227553,1.128291508685803,-0.1346687394344323,-0.4167986866821478,-1.282578786436804,0.2817208517726692,0.9176402629082134,1.0420955594505845,1.5450438960570652,-1.2736835781434155,0.37026835659705304,0.4746450834236487,1.8463860485704953,0.1541342313458083,-0.4019801700943182,-1.0777576992464093,-0.6020866078716351,-0.8782699642117908,-0.95988839941412,1.1598558318666718,-0.12749678866629935,-0.6811441030265338,-0.3313287258750174,-0.6372738093920737,-0.14338347505347163,0.8643556641984097,0.8358640389630114,0.14721444013359553,1.464960442560629,1.8434250606153768,1.2276389021965404,-1.3660621469172167,0.9074194826566766,1.5899861015500678,-0.9254178336125284,0.9228167755051532,0.05938374133316099,-0.3982419455379212,0.6565275793838208,-0.14103541816512338,1.5286170926554465,1.8691362630973143
TCGA-44-7672-01A,0.0,0.0,0.0,0.346971610727538,0.0,0.0,0.010125460229113948,0.0,0.0,0.0,0.0,0.0,0.0,0.03341916959884443,0.0,0.0,0.0,0.0,0.00479205328175347,0.0,0.0,0.0,0.0,0.0,0.0,0.0,0.0,0.0,0.017352313664047075,0.0,0.0,0.1902482981928016,0.0,0.0,0.0,0.0,0.04830391088228218,0.0,0.0,0.0,0.0,0.0,0.0,0.0,0.0,0.0,0.0,0.0,0.0,0.0,0.0,0.0,0.0,0.0,0.0,0.0,0.0,0.014534185413615518,0.0,0.0,0.0,0.0,0.0,0.019922020069766844,0.0,0.0,0.0,0.0,0.00017826518842885248,0.0,0.0,0.0,0.018533568320821356,0.0,0.0,0.0,0.0,0.0,0.0,0.0,0.0,0.0,0.0,0.05914118964066096,0.049690144656906673,0.0,0.0,0.186787810133419,0.0,0.0,0.0,0.0,0.0,0.0,0.0,0.0,0.0,2.1789769472931693,Lung Adenocarcinoma,-0.056885288366329556,1.6216945291402858,0.7478785261107367,1.3575117051432344,1.171527842607793,0.7722541721836093,1.3576357763265692,-0.1535971862828369,1.4959359303560824,1.6770641939826334,1.6241572651652165,-0.23573943783704826,-0.1741642387697246,1.2627017567192187,0.19835042099065475,0.17114691383390376,-0.17528626513423634,-0.12899666393181264,0.5163067650858864,0.34345353062631745,0.31642704560263346,0.622612346778117,1.542503095531037,1.3998241080294596,1.4967498989000458,0.9611419032372954,1.3119502030044945,-0.3202591840838358,1.6591241330332138,0.07378740114913145,0.26487608724720935,-0.33661379438558264,-0.5102737909481516,0.6995351570204913,0.8524910262033701,-0.30173918341376194,0.2101236240308444,1.215477279320422,-0.09800249166218433,0.3771324595021845,-0.22108034318382372,0.6357936633309681,-0.8197540545656602,0.5523014613996188,0.9084510066839108,0.052083716359267215,0.27968012079173965,0.039038409427555126,-0.12274080341170415,0.35635242231174624
TCGA-44-8117-01A,0.029095660321797476,0.02175253283839758,0.0,0.6372408513190359,0.0,0.0,0.0038695574566443864,0.0,0.0,0.0,0.0,0.0,0.0,0.0,0.0,0.0,0.0,0.013720762842857824,0.020681172429262974,0.005800321344935169,0.0,0.0,0.0,0.0,0.0,0.0,0.0,0.0,0.0,0.0,0.0,0.06982668953940425,0.0,0.0,0.0,0.0,0.0,0.0,0.0,0.0,0.0,0.0,0.0071077008092609705,0.0,0.0,0.0,0.0012254638862864192,0.0,0.0,0.0,0.0,0.05084047462171699,0.0,0.0,0.013587253699938037,0.008097449152038095,0.0,0.0029400198391186195,0.018749875966111797,0.0,0.0,0.0,0.0,0.011605081084597402,0.0,0.0,0.0,0.0,0.0,0.0,0.0,0.0,0.009123094743452704,0.0,0.0,0.0,0.0,0.0,0.0,0.0,0.0,0.0,0.0,0.011873992923581385,0.05974402889732031,0.0,0.0,0.0,0.0,0.0,0.0,0.0,0.003118016284241765,0.0,0.0,0.0,0.0,2.870403905279027,Lung Adenocarcinoma,-0.1962105907359644,-0.43885266373677295,-0.09928736711640952,0.16065314799060737,0.9727433090392222,-0.35162649064150986,0.10126935147328893,-0.42661197567729064,0.28454111340532856,0.708493786994359,-0.12696953483616608,-0.5866822283099372,-0.6584650575352443,0.3576072491633784,-0.19723901579440328,-0.8212168864821121,-0.07886136813453873,-0.5670220059701151,0.12301968395560182,-0.09192845497661128,-0.26894067156624296,0.16049374009320233,-0.6092514612093012,0.028587353987503533,-0.15169300674841762,-1.5234466712957557,-1.0397197853033344,-1.2048331777877634,-0.20891812603117668,0.20750026948735067,-0.8467410084552344,-0.8713031539101369,-0.5256014166767918,0.5462967768038064,0.976589522978203,-0.3791319013584076,-0.6230081182326233,-1.1784183108066402,-0.3545059432088112,-0.7881459560913552,1.0452208442497866,-0.36418797020227484,-0.48843110016071495,1.3326372883815536,-0.009672962776566336,-0.8002176060523523,0.5730872679461325,-0.7264120471503321,-1.2399089513015025,0.13759165972200407
TCGA-44-8119-01A,0.0,0.010122079831243923,0.0,0.4807154540420344,0.0,0.059583555065572696,0.020063030597660788,0.0,0.0,0.005424147365224491,0.0,0.0,0.0,0.003752089228521845,0.0,0.0,0.0,0.0,0.005476801797660915,0.004920711237561648,0.0,0.0,0.0,0.0,0.0,0.0,0.0,0.01259529090325267,0.004308016117630098,0.0,0.0,0.10126687445085777,0.0,0.0,0.0,0.0,0.0,0.0,0.0,0.007790604962644829,0.0007815416541534071,0.002731015645736058,0.0360023034091121,0.021861922358621756,0.0,0.0,0.034375777060864955,0.0,0.0,0.0,0.0,0.0,0.0,0.0,0.0,0.01670521641754434,0.0,0.0034968655654528634,0.0,0.0,0.0,0.0,0.0,0.0075308869242427,0.00201113946936534,0.0,0.0,0.0,0.017595652604804387,0.0,0.0,0.0,0.015648642537009635,0.026967246193281308,0.0,0.0,0.0,0.015157778624480919,0.0,0.0,0.0,0.0,0.004862426349531805,0.024304589378706692,0.03617837739235086,0.0,0.0,0.0,0.0,0.0,0.0,0.0,0.017769962814874696,0.0,0.0,0.0,0.0,2.8095597146352675,Lung Adenocarcinoma,-0.7000690851027087,0.2099684197282421,0.8480649704142239,1.228005682264089,0.10769749957991633,0.3559930123102869,0.876789110844335,-0.3702268406603085,0.8075293768662396,0.8927181317030097,0.4041422542731686,-0.1551287775691033,0.3175015829895066,1.6182392702546755,0.13801695996091146,0.739746345973665,-0.6743505304362669,0.4790652267341351,0.47321559850300376,0.9361530669605708,-0.9538292041436036,1.9258543400134298,1.1171427025353564,0.3004702651574067,0.5623740596899327,-0.9576782068322012,-0.3072043194364939,-0.8181615072648899,1.0693059848189277,0.356646180373167,0.7120938492760748,0.08028259488909939,-0.339670721268494,0.8144965683901002,1.5345583428528393,-0.2620425267312554,-0.016552227523741938,0.23560308985749603,-0.5438544557001228,0.6573518430396661,0.8325794004448843,-0.4020500478378542,0.279830324366773,2.346697674827188,1.2049988090413548,0.3831743814845245,1.4729710180934943,0.9091514137523794,1.136670112087678,-0.42313316156409064
TCGA-44-8120-01A,0.0,0.023969465359062928,0.0,0.45747637378681744,0.0,0.010135671469672739,0.0,0.0,0.0,0.0,0.0,0.0,0.0,0.0,0.0,0.0,0.0,0.0,0.004658487338356641,0.0,0.0,0.0,0.0,0.0,0.0,0.03312064727438481,0.0048030006328663236,0.0006265601533024485,0.001843236444408768,0.0,0.0,0.143250637824989,0.0,0.0,0.0,0.0,0.0,0.0,0.0,0.0,0.0009547740357738454,0.0,0.0,0.0,0.0,0.0,0.04912705530423219,0.0,0.0,0.0,0.0,0.0,0.0,0.0,0.035574973390493994,0.0,0.0,0.0042915936411332765,0.05394031375257412,0.0,0.0,0.0,0.0,0.01923889427008363,0.005071185128255995,0.0,0.0,0.0,0.0012045966085738272,0.0,0.0,0.0,0.015218657845807716,0.04572249028862725,0.0,0.0,0.0,0.0,0.0,0.0,0.0,0.0,0.0,0.045194550481036655,0.03916427533786974,0.0,0.0,0.0,0.0,0.0,0.0,0.0,0.005412559631676536,0.0,0.0,0.0,0.0,2.7895807121644256,Lung Adenocarcinoma,0.33710836766671815,-0.3167683245845618,0.45369773894176046,0.7676159285899945,1.479625254385873,-0.34037995825887074,0.5558702983126337,0.9429984423395413,1.0734468285266745,0.9953461914057268,0.08868876450149321,-0.7875813190732127,-1.4503094463364834,0.925913795492534,0.10604841950830406,-0.1402827074204341,0.20830574550273293,-1.4668116282287207,-0.3261767774232271,1.1157360950483413,0.24418279608428703,0.08088839730611735,-0.2772605159123229,-0.17639246742949383,0.17993524574276262,-0.9949043925880712,-0.8112787463464871,-0.2684776551105579,0.4010971714063846,-0.6970513064774578,-0.9434675476979992,-1.1361456511655996,-1.088550362848337,1.1404174090136543,1.2762573773282258,-0.22785599277498533,0.30939854018979074,0.5964799444434659,0.9109628451838054,-0.5448529382213945,-0.14206246316350452,0.03489576159939364,-1.0902173365481402,1.3972925384565045,0.5672164750882317,-1.1118434533767285,1.2614854892013612,0.12779365995094458,0.9351764168895924,0.3934478621147668
TCGA-44-A479-01A,0.009849096412464155,0.03952866772967759,0.0,0.4439471700433091,0.0,0.0,0.0,0.0,0.0,0.0,0.0,0.0,0.0,0.0,0.0,0.0,0.0,0.0,0.021891329654962346,0.0,0.0,0.0,0.003569738798579793,0.0,0.0,0.0,0.1310843750891738,0.0,0.0,0.0,0.0,0.12808817473521877,0.0,0.0,0.0,0.0,0.0,0.0,0.0,0.0,0.005549021943828627,0.0,0.0,0.0,0.0,0.0,0.0,0.0,0.0,0.0,0.0,0.0,0.0,0.0,0.0411143350499507,0.0,0.0,0.0077842182718176455,0.0,0.09918398833041535,0.0,0.0,0.0,0.0,0.0,0.0,0.0,0.0,0.010887377266117654,0.0,0.0,0.0,0.0,0.0,0.0,0.0,0.0,0.0022496328584602552,0.0,0.0,0.0,0.0,0.0,0.0027129901737246646,0.038189528251364936,0.0,0.0,0.0,0.0,0.0,0.0,0.0,0.01437035539093472,0.0,0.0,0.0,0.0,2.428134794028789,Lung Adenocarcinoma,-1.2450420629583268,1.4869295875447508,0.757857056465384,0.32071335170091914,-0.3608450639415928,-0.6256272400849091,0.5077867868645602,-0.0661690975742184,-0.7284938685268437,0.51503886342147,1.1577892870079516,-1.230231862165487,-0.3356514381180922,0.4588362752592538,-0.7050556286123666,-0.3430383969143012,-0.4666375578726702,-0.2516316534892016,-1.1038410799898137,-0.16110985080580406,-0.45030807538073536,-0.5627174583560404,0.9181294590721288,1.2574082683100631,0.7139027384662661,0.7454946641341668,1.1685741807933845,-1.2204920811755124,0.9798027757027445,0.04035221005992019,-0.036701721276622724,-0.40262311794670086,-1.1356439224343793,-0.5172368788087718,-0.4774586226827383,-0.9266369253795649,-1.0869548368423365,1.1687154145145153,-1.118832748822066,0.5848736649085378,1.1150482747166846,-0.18845862508718764,-0.1567438934210404,0.7097268222428358,0.0240182237721195,-0.17804128546085396,0.24662667601617497,-1.042163696217858,-0.5808421399075225,-0.0941816413230557
TCGA-44-A47A-01A,0.028258621161807482,0.027844737164415594,0.0,0.0,0.0,0.0,0.024896940049169966,0.0069116902031149995,0.0,0.0,0.0,0.0,0.0,0.03999584715390739,0.0,0.0,0.0004852209780755796,0.0,0.20081595497129803,0.0,0.0,0.0,0.0020521152032051495,0.0,0.0,0.0,0.0,0.0,0.04520566187312419,0.0,0.0,0.12517842166422768,0.0,0.0,0.0,0.0,0.0,0.11782359976027507,0.0,0.0,0.001866511914326203,0.0,0.0,0.0,0.0,0.03902920296631022,0.0,0.0,0.0,0.0,0.0,0.0,0.0,0.0,0.0,0.0,0.0,0.003948368508116003,0.020680461993135203,0.0,0.04566061905990757,0.0,0.02085450958294658,0.0,0.0,0.0,0.0,0.0,0.0177070080578863,0.0,0.0,0.0,0.0189169696039974,0.07626239892235517,0.0,0.0,0.0,0.0,0.0,0.0,0.0,0.0,0.0,0.0,0.013888636820178912,0.0,0.0032950911384446195,0.06942824329084525,0.0,0.048993167958929475,0.0,0.0,0.0,0.0,0.0,0.0,0.0,2.3010299956639813,Lung Adenocarcinoma,0.09758432835780143,0.5717235705943938,-0.24525575028253185,-0.014186209122540433,0.08821398238684705,-1.0952015474161458,0.6899049570216861,1.02287465894849,0.09836057546570987,0.27731980167405157,0.38047029789788794,0.07528856536029553,-0.3960116817307287,-0.7849198744168352,-0.4122003678813237,0.07741910077076712,0.1416863793141934,-0.2727195248602201,-0.3558266191498879,0.6103392676858416,0.9092046507320033,-0.6833911516556335,1.0486963096249122,0.4793747840567507,0.1585381446770764,1.2193748469939962,0.7518912678180956,-0.1465738709335379,-0.12952471550431965,-0.28605037362182384,-0.009649528164239031,-0.3552633703660878,0.3600346086521762,-0.36429292871821367,-0.12659393413969466,-0.2531972368746525,0.710083238901773,0.1832124576673351,0.6414955578739348,0.42982237898894593,-0.5886505600079376,0.6693040234433856,-0.6966723114320494,-1.1633060350983133,-0.40443180475367096,0.3564900531377825,-1.3321777219048887,-0.0960911236198752,0.3377404654610698,0.650641142559143
TCGA-44-A4SS-01A,0.009306620461239623,0.022974372153379125,0.0,0.4075868890679914,0.0,0.0,0.005218037182106747,0.022532594863434566,0.0,0.0,0.0,0.0,0.0,0.0013745636004291086,0.0,0.0,0.0,0.0,0.04943226542543975,0.0,0.0,0.0,0.0024032779413677304,0.0031445558734837656,0.0,0.02500844239758022,0.03778545065397946,0.020454562841626285,0.001445971077155353,0.0,0.0,0.04179103127060839,0.0,0.0,0.0,0.0001362443107111634,0.0,0.008956487927605835,0.036440630850446326,0.0,0.0022852669910661404,0.0,0.0,0.0,0.0,0.0,0.10145493025267835,0.0,0.0,0.0,0.0,0.0,0.0,0.0,0.0,0.0,0.0,0.004411090287790385,0.026876629295486832,0.0003254852699200047,0.031035734904572506,0.0,0.0,0.007750682284718842,0.0,0.0,0.0,0.004564961356896354,0.003682232068849809,0.0,0.0,0.0,0.0,0.03882855675902033,0.0,0.0,0.0,0.0,0.0,0.0,0.0,0.0,0.0,0.014358753123190047,0.0233258844741491,0.0,0.0,0.04510779503307667,0.0,0.0,0.0,0.0,0.0,0.0,0.0,0.0,0.0,2.6711728427150834,Lung Adenocarcinoma,-0.054305038268503254,0.9449302756491678,-0.4209480627594071,0.7881217610524571,1.402673492568456,1.5865884956442171,0.9938042732150772,1.1614981124897759,0.21166679722679937,1.0632948602670342,1.1596325346234673,-0.9707767596111553,-0.5529271338463274,0.578624766321018,0.12334815159261782,0.26374436396860385,0.524635260300142,-0.4858122761961832,0.09788594199040043,0.8692450420917284,0.24918505028626936,0.1109969169981615,0.5778894954733428,1.2318758454541832,1.1809339963767163,0.8376584472045315,1.052222940583336,-0.6348355484480231,1.358107010558598,0.6879709925653497,0.24965716739972033,-0.8300742917027654,-0.6116442635419832,-0.021584974243564967,0.07674920235742703,-0.9440678509973486,1.3727947594780947,-0.06115590091804819,1.03500663928862,1.3124001029509096,1.3305873767759087,1.0375363867548144,-0.7912905665373116,0.8778262495402918,1.3368175262000552,-1.457512819637788,0.7765649701879291,0.27172748957300286,-0.26859028616641767,1.6986329759753762
TCGA-44-A4SU-01A,0.0,0.0,0.0,0.056331777453710895,0.0,0.010670272301260457,0.0,0.0,0.0,0.0,0.0,0.0,0.006686919460782426,0.015180551634396905,0.0,0.0,0.03527007476409131,0.0,0.016291937058764562,0.0,0.08392486039704565,0.020011900577977332,0.0,0.0035450090495494357,0.0,0.0,0.0,0.0,0.027256550191207683,0.0,0.0,0.30115669968163555,0.0,0.0,0.0,0.0,0.0,0.0,0.0,0.035967041156159875,0.0,0.0,0.03271739664583664,0.0,0.0,0.050791126375452564,0.02259988387688557,0.0,0.0,0.0,0.0,0.0,0.0,0.0,0.0,0.0,0.0,0.0,0.008461429995066256,0.06518466243390005,0.0,0.0,0.0,0.047517257952967046,0.0,0.0,0.0,0.03918228840133376,0.0,0.0,0.0,0.0,0.0,0.028630212522116963,0.0,0.0,0.0,0.0,0.0,0.0,0.0,0.0,0.0,0.05942902442399565,0.004963581752653517,0.0009774901316281814,0.003024222700303648,0.024227829061278204,0.0,0.0,0.0,0.0,0.0,0.0,0.0,0.0,0.0,2.1072099696478683,Lung Adenocarcinoma,-1.2854450651054723,-0.19652031934567707,0.4019618957621145,0.278882514048289,0.6990428365424796,-0.12661104982569424,-0.2961038341467829,-0.6980730460139307,-0.35179247231298943,0.610939209063047,-0.392816411725121,-0.8778392279715637,-1.3559352885697975,0.19595843422100356,-0.4072876510201629,-0.48361404556806986,-0.29557877718498116,-1.4277185541741735,0.9563910845205412,0.6750479524048179,0.656698150394542,-0.07145582708976167,-0.252572935701078,0.13032020385881143,-0.0006557805188236187,-0.29409828929831894,-0.1373076743931363,0.623311528507006,-0.017996718714603736,-0.8484472826861326,-1.3329828908410895,-1.308753769229883,-0.8398264103127198,0.1104193249813759,1.0377783580714166,-1.3925044259726405,-0.010987547480619933,-0.847845438049076,-0.16023501012511066,-1.688443378767786,-0.8100826627756047,-0.6418110389303694,-1.4571613698699715,-0.10449259815423363,-0.3072804158988587,-1.471031431260098,-0.009590841413415385,-0.4236222436909516,0.33559752567314166,-0.6875035841160004
TCGA-49-4486-01A,0.0,0.1308841531450102,0.0,0.0,0.0,0.0,0.11058659102993537,0.0164515606050252,0.0,0.0,0.0,0.0,0.0,0.008224521768347126,0.0,0.0,0.0,0.0,0.21190743036358325,0.0,0.0,0.0,0.00644272719981659,0.006620966049807969,0.0,0.0,0.000754203392206147,0.0,0.0,0.0,0.0,0.1618895535955751,0.0,0.0,0.0,0.0,0.0,0.042492816059973675,0.0,0.0,0.0,0.0,0.0,0.0,0.0,0.0,0.0,0.0,0.0,0.0,0.0,0.0,0.0,0.0,0.02448635754671763,0.0,0.0,0.0,0.0,0.033929401779210853,0.0,0.0,0.0,0.009568377713694213,0.0,0.0,0.0,0.11051674922220646,0.020757199751909226,0.0,0.0,0.0,0.0,0.10448739077698109,0.0,0.0,0.0,0.0,0.0,0.0,0.0,0.0,0.0,0.0,0.0,0.0,0.0,0.0,0.0,0.0,0.0,0.0,0.0,0.0,0.0,0.0,0.0,2.164352855784437,Lung Adenocarcinoma,2.0601002475752055,-1.2187247593697959,-0.3136563692517151,-2.7239024201939808,-2.573387506461511,-2.229751141104302,-1.094992940328397,2.207120292829333,1.2968137247429135,-0.6837809292685918,-1.1960599387020368,1.4040681637978907,-1.3180194338543352,-3.0198749337824027,0.1535122649491493,0.526689814602709,3.383885063811113,-1.9502104321712301,-0.7013714850738831,-1.7039583119149655,1.5953335461246816,-1.2652145443805054,-1.7383694781646155,-1.4886071041702633,-1.3574646514483182,-0.9500121819641646,-1.2460763685058562,0.5110997562691004,-1.9343448876244707,-3.0931233742970847,-0.7763392138272437,0.2850957372037672,0.41041631160668735,-1.29659505771585,-1.3208353649264646,2.5235050987384695,1.5597877595438692,1.759235423693731,1.7651497974226664,-1.6113946272269462,-0.349748020577493,1.6326295477474932,-1.2722192134287684,-1.460570144767502,-0.9941354666817627,-0.9409103752171911,-1.6204254033566976,0.6251386731960012,-0.7838765694728174,1.580680497790962
TCGA-49-4487-01A,0.0,0.04010825754692159,0.0,0.2841284096902851,0.0,0.0,0.016042959691346424,0.0,0.0042412629226682656,0.0,0.0,0.0,0.0,0.021154889929169002,0.0,0.0,0.0,0.0,0.06451113588205162,0.0,0.0,0.003862214556836665,0.001846252066083723,0.0,0.0,0.0,0.0,0.019162946436077154,0.0,0.0,0.0,0.16211887298295619,0.0,0.0,0.0,0.0,0.003425561906520371,0.0,0.0,0.0,0.0,0.0,0.08250300053809048,0.0,0.0,0.0,0.06545363917103053,0.0,0.0,0.0,0.0,0.0,0.0,0.0,0.057337002924347985,0.0,0.0,0.007680345840961517,0.004436201711085046,0.0,0.0,0.0,0.0,0.012083666568267686,0.0,0.0,0.0,0.0,0.009114878209772219,0.0,0.0,0.0,0.07501164202029333,0.0,0.0,0.0,0.0,0.0,0.0,0.0,0.0,0.0,0.0,0.039269099692518385,0.02650775971271681,0.0,0.0,0.0,0.0,0.0,0.0,0.0,0.0,0.0,0.0,0.0,0.0,2.530199698203082,Lung Adenocarcinoma,-0.3510275906870601,1.3950334590206328,-0.04670398356851329,1.0442086158969388,0.36520257489673086,0.27578109871167916,0.733614911390773,-0.9541838576522144,1.6033273174290503,0.8035322657815979,0.8789065360679785,0.21516300994604426,0.8818358963230262,0.8727353959784101,-0.2212652997098018,0.6067407043622454,-0.2810560423174548,0.8652080885626843,-0.07294346838986528,-0.21684153077442087,-0.2273779502564078,0.9314127862016194,1.7381795089827181,1.0116959561488812,0.8992182618619562,0.10463711005726767,0.5725700702406611,-0.0640505181604467,1.0250490297489883,0.7432205672982065,0.2664849126983627,0.6119837201301479,0.45731324897619524,0.07575601642581434,-1.1562409913178309,0.29298854369304755,0.2850510365956967,0.8859306832517694,-0.2375244712803701,1.7721641737044527,-0.9236725899373319,0.42000691348454355,0.41373222654808345,1.197763512954985,0.9083869215817142,0.07777130232494253,0.6321863049496339,0.5343317856556644,0.7169792870896844,-0.40355082079000604
TCGA-49-4488-01A,0.009426993447728953,0.05574649736884589,0.0,0.5624596291373901,0.0,0.0,0.0,0.0,0.02318788890187524,0.0,0.0,0.0,0.0,0.0,0.0,0.0,0.0,0.0,0.03947312169768403,0.0,0.009973811133372795,0.0,0.02292793444924409,0.0,0.0,0.0,0.0,0.01964568704673673,0.0,0.0,0.0,0.08731568591726112,0.0,0.0,0.0,0.0038098473607355897,0.0,0.0,0.0,0.0,0.0,0.0,0.0,0.007815676188603087,0.0,0.0,0.0,0.0,0.0,0.0,0.0,0.0,0.0,0.0,0.0,0.0,0.0,0.0,0.0415744982498373,0.0,0.0,0.0,0.0,0.006786810225569211,0.005861810911418708,0.0,0.0,0.0,0.0,0.0,0.0,0.0,0.0,0.0,0.0,0.0,0.0,0.0,0.0,0.0,0.0,0.0,0.0,0.026119841736088292,0.0,0.0,0.04033595662200325,0.035058254314882485,0.0,0.0,0.0,0.0,0.0024800552907232524,0.0,0.0,0.0,0.0,2.424881636631067,Lung Adenocarcinoma,0.8319038186066389,0.6420940941892046,-0.26411649669372084,-0.8651690856431608,-0.18512973479565076,-1.5570743584919502,0.5544367856026281,0.9671461416997602,0.36519263337649394,0.17318868821293376,0.26223718980229443,0.9166402069119493,-0.11222705108068927,-0.35580713228584293,-0.40973705487303186,0.27339739448410477,0.8585287532344943,-0.2794812439267605,1.0850917835813907,-1.0210237315480835,1.3349448505342816,0.1699688794327709,0.3070096394977847,0.2842698149169463,0.665244592745427,0.25006506489893515,0.3576199156736772,-0.015994256521077305,0.0232915762804465,-1.6548580731750866,0.6886805909064667,0.7223887366129593,0.5795417887260867,-0.34473336782730185,0.20128832158987078,1.0676979146337626,1.077023959068486,0.4176875070715561,2.2594808817231016,-0.4554722377506311,0.3020342462068222,1.781135601220505,-0.08317614883501602,-0.32820160758946837,0.5550649317670859,0.96884296192071,-1.1261555596561985,1.818459443754096,-1.7185983843729273,0.765471595693462
TCGA-49-4494-01A,0.0427214053333684,0.019345094851365662,0.0,0.4618118788351394,0.0,0.0,0.0,0.0,0.0,0.0,0.0,0.0,0.0,0.0,0.0,0.0,0.0,0.0,0.021701362645039208,0.0,0.009402384691883483,0.0,0.0,0.0,0.05618060509858749,0.0,0.0,0.0,0.0,0.0,0.0,0.08525048265492279,0.0,0.0,0.0,0.0,0.06596866160855577,0.012261042883480192,0.024081182406194303,0.0,0.0,0.0,0.0,0.0,0.0,0.0,0.019959749139527503,0.0,0.0,0.0,0.0,0.05265036206184081,0.0,0.0,0.0,0.0,0.0,0.0,0.0073378847592585296,0.0,0.0,0.0,0.0,0.0,0.0,0.0,0.0,0.0,0.0,0.0,0.0,0.0,0.0,0.0,0.0,0.0,0.0,0.0,0.0,0.0,0.0,0.0,0.0,0.04994149911743004,0.023892419216472283,0.0,0.0,0.04298865241625594,0.0,0.0,0.0,0.0,0.004505332280678255,0.0,0.0,0.0,0.0,2.2810333672477277,Lung Adenocarcinoma,1.1657213246588092,0.20856978378340976,-0.11829826167012093,0.11407335312345615,-0.26232237918079876,-0.19662038130891352,1.0022874330554923,0.0885109814804073,2.0609548393514427,1.2701983411362623,0.8139328873297443,1.5056172894465343,0.40916054123643664,-0.2817664345939942,-0.048347471352778996,0.5915663524750666,1.0694947223521831,0.055542925231663244,2.039948427569521,-0.8559295268329526,0.4425082051924285,0.7101183257634336,0.5124895209545277,0.521151829214675,0.7244515784239832,1.4575872411505968,1.026470867993815,0.46648109750745786,0.22081159384277646,-1.5810675402055272,1.6384311644056362,0.9380164163679573,0.6493379072052616,-0.6964727371213029,0.7862499376005617,1.3533500020287068,1.29939447205348,-0.291211746441503,1.3086232889263194,0.09730673278431134,-0.2775415728358545,1.3972395240701614,-0.17408848796559243,-0.215128963026305,0.42301152550332366,0.7308239347378931,-1.369570618762438,1.0440283463842224,-0.8359630738067568,0.9255373438993805
TCGA-49-4505-01A,0.08684482018479281,0.035316020687770705,0.0,0.13540658059550717,0.0,0.0,0.0,0.0,0.0,2.9241572214756603e-06,0.09251399918558871,0.0,0.0,0.016884962486829542,0.0,0.0,0.0,0.0,0.028808188192889703,0.0,0.0,0.01097947513671577,0.012027384038087856,0.0,0.0,0.0,0.0,0.0,0.0,0.0,0.0,0.23339091292699277,0.0,0.0,0.0,0.0,0.0,0.0,0.014055002360209077,0.0,0.0,0.0,0.0355333550526162,0.0,0.0,0.0,0.0,0.0,0.0,0.0,0.0,0.022339893447845198,0.0,0.0,0.0,0.0,0.0,0.0,0.026386469483915535,0.0027680029357668875,0.0,0.02682223749810416,0.03828510381040988,0.01406292674479821,0.0,0.0,0.0,0.0,0.0,0.0,0.0,0.0,0.0,0.0,0.0,0.0,0.0,0.0,0.0,0.0,0.0,0.0,0.0,0.0,0.020715185852506583,0.0,0.07590743000409776,0.05292442244588352,0.0,0.0,0.0,0.0,0.0,0.0,0.0,0.0,0.018024702771450633,2.3242824552976926,Lung Adenocarcinoma,0.872841649004127,0.9979863868578638,0.8428705309467015,0.38972025843279584,0.4509128612729719,0.14612686698977212,1.5149193164619108,-0.15069661146757302,0.11934176645122595,1.7508861373806712,1.442339639332885,-0.0072017329251585945,-1.4959581631157317,0.4086372945116841,-0.14775563738362038,0.13497554559935163,0.301402830276554,-1.6656509746905348,1.2431418723043883,-0.5758096508608217,2.155205442479187,1.0761174245965677,1.5546121841231184,1.1965206286620065,1.4063883901010394,0.9281787766200738,1.1930341997055562,0.34210443379715477,1.5727831936069825,-2.1165764407606025,-0.5159856188264913,-0.7733180702981306,-0.7305057406708099,0.5290695472235635,0.49857133135427073,0.40603704552175224,1.1838854458211785,0.9499726545020295,0.6936467227839674,-0.2375108019588726,0.19130569675621747,0.7058365434087057,-1.531906244175493,1.2496441138298608,1.6774716563493814,0.03789156386998603,0.6214687016295775,1.3486620993512919,-0.878233992690348,0.46081736905672915
TCGA-49-4506-01A,0.0,0.0358824338230414,0.0,0.2553314144354062,0.0,0.0,0.0,0.0,0.0,0.0,0.0,0.0,0.0,0.024528929568111608,0.0,0.0,0.0,0.0,0.0,0.0,0.05913549752783513,0.0,0.0056566940695284545,0.0,0.0,0.0,0.0,0.0,0.059177054511649854,0.0,0.0,0.043708893032545396,0.0,0.0,0.0,0.0,0.0,0.0,0.0,0.0,0.0,0.0,0.0,0.0,0.0,0.0,0.0,0.0,0.0,0.0,0.0,0.05785725448036911,0.0,0.0,0.0097013700657233,0.0,0.0,0.025902278360658226,0.03453594377385068,0.0,0.0,0.0,0.003444302147607324,0.11142086596561822,0.0,0.0,0.0,0.0,0.0,0.0,0.0,0.0,0.01943296526210907,0.0,0.0,0.0,0.0,0.0,0.0,0.0,0.16316769555940808,0.0,0.0,0.024916106116444077,0.03202536563403299,0.0,0.0,0.011431179971482752,0.0,0.009127267781652319,0.0,0.0,0.01361648791292588,0.0,0.0,0.0,0.0,2.037426497940624,Lung Adenocarcinoma,1.4513688292446145,0.7028209454436909,-1.2453297439037088,-0.040024743337278144,-1.5639116887959779,-0.6510443781784787,0.1496777107554504,-0.016186705697031085,-0.6743372903781264,-0.49419897288817316,0.32469357111667235,1.8987558893140788,0.3602050475285597,-0.5624816669694064,-0.49683503788644034,0.17394620318499113,1.021686668629321,-0.003722040467105307,1.6395461715291157,-1.522823262146524,-1.1748371665147044,0.40258696439817543,-0.2817508655766321,0.22705278307822951,0.40402289022135696,0.24712070301720238,0.4423051622891647,-2.4753965143061953,-0.1710345493680876,-1.7346641182125306,1.2894894789841096,1.6356636196369614,1.5690150876733329,-1.5656483880098746,-1.8047613185663935,2.4412149326248307,1.416272625047105,-0.6612678502498088,0.8864889056210058,-0.09410069253121613,0.10348056153765854,2.83777018351856,-0.3897317887093725,-1.0214541170204174,0.7797657815741144,2.1599133307382323,-1.9211199373698162,1.394943034615793,-1.0668845987365982,1.5986449539370673
TCGA-49-4507-01A,0.050577134405481,0.04923189435170368,0.1687911567160346,0.08337152251669473,0.0,0.0,0.066740875142943,0.0,0.0,0.0,0.0,0.0,0.014176879894426394,0.05016461093580236,0.0,0.0,0.0,0.0,0.08393605378248367,0.0,0.0,0.0,0.013606573476163267,0.008522953439598543,0.0,0.0,0.0,0.0,0.04218754473932738,0.0,0.0,0.18195570482020607,0.0,0.0,0.0,0.0,0.0,0.0,0.0,0.0,0.0,0.0,0.0,0.0,0.0,0.0,0.0,0.0,0.0,0.0,0.0,0.0,0.0,0.0,0.0,0.0,0.0,0.001656538151736762,0.03448930006234111,0.0,0.0,0.0,0.02236077503199872,0.003426199982288276,0.0,0.0,0.0,0.0,0.011094353895657012,0.0,0.0,0.0,0.0,0.05885507019456349,0.0,0.0,0.0,0.0,0.0,0.0,0.0,0.0,0.0,0.010619413473067352,0.035451427916838994,0.0,0.0,0.0087840170706437,0.0,0.0,0.0,0.0,0.0,0.0,0.0,0.0,0.0,2.294466226161593,Lung Adenocarcinoma,0.6882693489713972,1.1825895023615935,-0.9364375326344038,-0.08143635327655367,-0.48045361968507666,0.5130701223485391,1.004803397325494,-0.5150950075320211,-0.7500637497667758,0.8049225217843292,0.9591135498000792,1.592406571372219,0.7856487171915314,-0.017386431911991483,0.05063817066608545,1.4405208192272634,0.4049682651545931,0.588882114077772,0.7332536607350038,-2.0388018233176477,-0.825503578271845,0.42086231818585923,0.34907971506206126,0.46309398053301004,0.5679390894667294,0.8396571709261412,0.8960734929343477,-0.9732434953175463,0.1237489294616028,-1.1478560499309487,0.8704969137194476,1.152330369965998,1.0720469856826675,-0.5197965720863119,-1.062318647939883,1.4600065455573745,0.7694476067471392,-1.4861140808755973,0.08092459909124994,1.2962968980432976,-1.479281274166627,1.7678063589681237,0.08146370936669271,0.6129537460946346,1.0595298381692793,0.8636476603937507,-1.1259579209013038,1.3269322521103282,0.1129935821497224,1.2925168571620398
TCGA-49-4514-01A,0.023194470276673863,0.09806703205212694,0.0,0.2702388122807686,0.0,0.0,0.07875853562930497,0.0,0.0,0.0,0.0,0.0,0.0,0.05796650835299131,0.0,0.0,0.0,0.0,0.12703683841666347,0.005109714207724228,0.0,0.0,0.0,0.0,0.0,0.0,0.00967160350237192,0.0,0.017176743977467,0.0,0.0,0.13813822664450023,0.0,0.0,0.0,0.0,0.0,0.0,0.0,0.0,0.0,0.0,0.0,0.0,0.0,0.0,0.025583130824526647,0.0,0.0,0.0,0.0,0.0,0.0,0.0,0.019465541954973565,0.0,0.0,0.018345072322495676,0.0,0.0,0.0,0.0,0.0,0.048924035653203066,0.0,0.0,0.0,0.0,0.0,0.0,0.0,0.0,0.021837834077239385,0.023222481999288648,0.0,0.0,0.0,0.0,0.0,0.0,0.0,0.0,0.0,0.010400925319547253,0.0,0.0,0.0,0.006862492508133215,0.0,0.0,0.0,0.0,0.0,0.0,0.0,0.0,0.0,2.4955443375464483,Lung Adenocarcinoma,1.4894627453803233,0.23350206682681726,-1.1378525473425471,-1.1751219782291586,-0.6501802235367398,-0.27655436511839776,-0.3479363020387244,-0.21419121712414638,-0.9146092889119181,0.24200084995546622,0.08741745973246262,1.1772234118541869,0.869361887295596,-1.3007307545355533,-0.12370303724132646,0.7511508618087022,2.2122417738061495,0.4516467289824881,0.6451230136451309,-1.4109587161181416,0.19791183652564445,-0.8341398945784451,-0.05482843753330892,-0.01696229310783308,-0.5169479609984288,-0.14373815947855426,-0.32116578462379863,-0.2751337831585711,-0.37287413348977333,-0.7088230029324061,0.5754511532921388,1.2323300536558477,1.6861566794504597,-0.5295550492756086,0.39634358463899466,1.7544256388161792,0.6268614009320119,-0.08794677774521603,1.06204071519686,0.5932588260729358,-1.1343760079323173,1.9829794469135642,0.36475626270573813,-1.5635161736002752,-0.5961963581257476,1.1458950919710744,-1.7767248903261854,1.5789178480063568,-0.33880942860855584,2.1352359677667274
TCGA-49-6742-01A,0.030570107987725123,0.20202676721308468,0.0,0.0,0.0,0.03172405277671938,0.007370030445482904,0.04449958957829198,0.0,0.0020426919906161582,0.0,0.0,0.0,0.06164246164708234,0.0,0.0,0.0,0.0,0.17862512535057565,0.0,0.0,0.0,0.01886738437005633,0.05757988791526787,0.0,0.0,0.0,0.0,0.0,0.0,0.0,0.07456985434734341,0.0,0.0,0.0,0.0,0.0,0.0,0.0,0.0,0.0,0.0,0.0,0.0,0.0,0.0,0.007650762459087281,0.0,0.0,0.0,0.0,0.05012974914649208,0.0,0.0,0.04316337165913339,0.0,0.0,0.0,0.0010846411006043646,0.04986087399521663,0.0,0.0160254674685219,0.0,0.024724494303682377,0.0,0.0,0.0,0.0028576023427001438,0.01818277572621758,0.0,0.0,0.0,0.0030923404794092977,0.007301748050816963,0.0,0.0,0.0,0.0,0.0,0.0,0.0,0.0,0.0,0.033902853432276246,0.032505366213595926,0.0,0.0,0.0,0.0,0.0,0.0,0.0,0.0,0.0,0.0,0.0,0.0,2.444044795918076,Lung Adenocarcinoma,1.1669267715958915,-1.0379244701591646,0.540250611462031,-1.4749463569464698,-0.7010174329172071,-0.5795652280595972,0.5560519646136369,0.4659392563376215,0.20823341737378906,0.5879672226264462,0.024080136606377044,0.6490685967178281,0.3531523436502811,-1.1311714227549754,0.5936810792642245,1.2726456491118519,1.6644811440375784,0.5068256561182911,1.049740326303423,-0.9842218697548988,0.7093862482797638,-0.012351645190107775,-0.22391970500763914,-0.645340451522837,-0.4923678672533636,0.8012546474075298,0.08229365261702519,1.0681129874807265,-0.5194746852206045,0.38973495948323444,0.07950824692149519,0.6510147205563298,0.6688997138085645,-0.0939731471233646,0.05204084093489276,0.45496090650439225,0.8192648704226153,-0.03212426826725652,1.2633167415991373,-0.22255189440918277,0.5820849282607026,1.0693694809984144,0.27713152551211784,0.4724540311255462,0.284234243633386,-0.027752747341953952,-0.13165173622622203,1.0820035134676251,0.10939938323259878,1.7823022325370341
TCGA-49-6743-01A,0.010642621431732903,0.10657715709522075,0.0,0.268205954997063,0.0,0.0,0.033082769917657136,0.0,0.0,0.0,0.0,0.0,0.0,0.01189748446110208,0.0,0.0,0.0,0.0,0.10049389975673419,0.0,0.0,0.0,0.017942510075518617,0.0,0.0,0.017984255883860812,0.0,0.006259113525673254,0.0,0.0,0.0,0.05458343898760343,0.0,0.0,0.0,0.0,0.0,0.0,0.0,0.01765087687067632,0.0,0.0,0.05328040955903722,0.0,0.0,0.0,0.0,0.0,0.0,0.0,0.0,0.008405781395941952,0.0,0.0,0.016364911316946493,0.0,0.0,0.0,0.026293486795484336,0.0,0.0,0.0,0.0,0.015147411249396434,0.0,0.0,0.0,0.0062581547033896045,0.0,0.0,0.0,0.0,0.024949519835110963,0.04775575005117047,0.0,0.0,0.0,0.0,0.0,0.0,0.0,0.0,0.0,0.03820422159289813,0.0,0.0,0.0,0.11802027049778208,0.0,0.0,0.0,0.0,0.0,0.0,0.0,0.0,0.0,2.8692317197309762,Lung Adenocarcinoma,-0.15070111984026452,0.03242918787055033,1.087785041570665,-0.486896560101841,0.5145835009625342,-0.5585689859703458,0.3340575107555066,0.5451185269524964,1.2288118032708262,0.5382093055309459,0.36250777078474483,-0.2602511842017692,0.7120635476676384,0.7391231330660187,-0.11165313535705855,0.10481672073925209,-0.16423217237056925,0.8216617249147752,1.0336805801428872,-0.5233883333334464,1.1128169499697287,0.7697358372777902,0.27153216822459153,0.4136273188486732,0.6174663878054933,-0.5866027213444516,-0.0908340927192464,0.5237170247328106,0.7658948940465127,1.0408567063164895,1.149757737664192,0.03603145975179694,-0.3027648694841088,0.697176865476172,0.3600456511843995,-0.9111637049453843,-0.17323983332819926,-1.0257163437121284,0.5600799414954469,1.0758745514411303,0.7730854045564789,0.7674337633035202,0.7794898595204784,0.8644897557046922,0.5184144003635703,0.32563451170555485,0.46859503900513677,-0.34378419252292297,-0.4533162017917096,1.3243608459472962
TCGA-49-6744-01A,0.0,0.0,0.0,0.39021604239797025,0.0,0.0,0.02267551790436575,0.019264675885844525,0.0,0.0,0.0,0.0,0.0017544498610414102,0.0007021988623037137,0.0,0.0,0.0,0.0,0.02268184348580238,0.0,0.0,0.0,0.0021449602996834005,0.0,0.0,0.0,0.0,0.0,0.020720686889962307,0.0,0.0,0.21119843538948038,0.0,0.0,0.0,0.0,0.0,0.003249338773314581,0.0,0.0,0.0,0.0,0.0,0.0,0.0,0.0,0.0,0.0,0.0,0.0,0.0,0.0,0.0,0.0,0.010776469722015625,0.0,0.0,0.0,0.02964199500330465,0.0,0.0,0.0,0.04069047487823387,0.00567052470021891,0.0,0.0,0.0,0.0,0.0,0.009555451345591406,0.0,0.0,0.025500374473604308,0.022038690403600538,0.0,0.0,0.0,0.018523351816364338,0.0,0.0,0.0,0.0,0.0,0.03984419996581427,0.0,0.02119713011044111,0.0,0.08195318783104236,0.0,0.0,0.0,0.0,0.0,0.0,0.0,0.0,0.0,2.292256071356476,Lung Adenocarcinoma,0.6271711019343875,1.2447309177398183,1.4274906237808416,1.2114194962588314,1.5409484131316746,0.6357839064509168,1.0192072597127158,-0.040102155730342565,-0.07007350155191489,1.513625072403556,1.4679011943626172,-0.9296634826826609,-1.0185388016438814,1.199930301536763,0.2397963264216034,0.3600477841817493,0.19126235710972267,-1.130376785009643,-0.028253681589088787,0.2523356234786622,1.6628989869511195,0.7763312721421463,1.512225004686338,1.3683493990406497,1.4055152910092723,1.0928765761992172,1.2662182903671688,0.3929845250209308,1.4257476414025863,-0.28645940306130446,-0.6050138010095977,-0.8374465633404643,-0.5009100617898664,0.6628889475910139,0.8954362432131449,-0.3780342558369183,0.5654552399227881,1.0400454010502589,0.09661541283380673,0.05414032499362204,0.9106260728710723,0.8892572008797062,-0.945220703755664,0.8705663732496742,0.9654881606627088,-0.43254857486742976,1.428266173564146,0.5289463256206897,0.15530540990761363,0.9413073197777538
TCGA-49-6745-01A,0.060434060376270735,0.1595971576658141,0.0,0.0,0.0,0.0,0.15064415287184277,0.0,0.0,0.0,0.0,0.0,0.002847474599155715,0.0,0.0,0.0,0.0,0.0,0.1892530375463942,0.0,0.14119760203579088,0.0,0.0,0.0,0.0,0.0,0.0,0.025751643159987937,0.0,0.0,0.0,0.0,0.0,0.0,0.0,0.0,0.0,0.0,0.0,0.0,0.0,0.0,0.0,0.0,0.0,0.0,0.08247980412554883,0.0,0.0,0.0,0.0,0.0,0.0,0.0,0.0,0.0,0.0,0.004354584928175476,0.0015643411406429512,0.032884818399012285,0.0,0.0,0.0,0.0,0.0,0.0,0.0,0.11914422670791971,0.0,0.0,0.0,0.0,0.005878099685298675,0.0,0.0,0.0,0.0,0.0,0.0,0.0,0.0,0.0,0.0,0.023939127341484342,0.0,2.986941666130258e-05,0.0,0.0,0.0,0.0,0.0,0.0,0.0,0.0,0.0,0.0,0.0,2.103803720955957,Lung Adenocarcinoma,0.4583493441298055,1.057753124890842,0.8291096514488072,1.6226380248978503,1.414688512347554,1.1803386200813477,1.6714221705097025,-0.28969752340891036,-0.5780888513839101,1.148623098745998,1.3298487837540132,-0.5771341622843491,0.13065384765769225,0.9449203240977835,0.49806406631238764,0.591428510216352,-0.2414455139484745,0.1991740280263961,0.7613978298334003,0.4462840824724492,0.7343500012878044,0.6761770259292287,1.6415275427518887,0.9538275074570881,1.4843074668528133,1.07898177181119,1.2217016497366096,-0.332392362535578,1.628477116577704,0.9135656775158156,0.34792010208930907,0.0005241437722987275,0.14105229497289914,0.40635052462534804,1.2083390206594788,-0.7056257245819084,1.2996213163564174,0.33448834129459776,0.44068858486422563,1.0671942377173878,0.9301456534553877,0.040587122858748784,-0.4220278780207309,0.9291582600454762,1.016449925575406,-0.6072100290993298,1.2831118060523647,-0.10246262162471863,0.4894419009588381,0.4296067587448341
TCGA-49-6761-01A,0.03465991480162781,0.1889818730798149,0.0,0.03921272515182317,0.0,0.0,0.0,0.013040065612826644,0.0,0.002133850523694425,0.0,0.0,0.0,0.0,0.0,0.0,0.0,0.0,0.1455621848593446,0.0,0.01712274280429068,0.0,0.0,0.013869662973008665,0.0,0.0,0.05795967370762381,0.0,0.0,0.0,0.0,0.07683296254304832,0.0,0.0,0.0,0.0,0.0,0.0,0.0,0.0,0.0,0.0,0.12385687071905668,0.0,0.0,0.0,0.0,0.0,0.0,0.0,0.0,0.045389021829985644,0.0,0.0,0.0,0.0,0.0,0.0,0.016633804254040555,0.008407461756033614,0.0,0.0,0.0,0.0,0.0,0.0,0.0,0.0,0.0,0.0,0.0,0.0,0.012792812683627143,0.0023940932067412304,0.0,0.0,0.0,0.0,0.0,0.0,0.0,0.0,0.0,0.07640871761268861,0.021544397413609764,0.0,0.0,0.10319716446711363,0.0,0.0,0.0,0.0,0.0,0.0,0.0,0.0,0.0,2.247973266361807,Lung Adenocarcinoma,-0.7617993970541379,0.8553036218428697,-1.2853949279073875,0.9794394651238899,0.12363760080931102,-0.1676750627700104,0.4413849328836099,-1.7528195596634308,-0.8239882617392558,0.46539995930935846,0.7678083260013449,0.5449409931544293,0.004097318025382394,0.12061676474138401,-0.048370980484991964,-0.19360068923689136,-1.2308055438190704,0.13367164282973687,0.5261198539966215,-0.4035187556199202,-0.8561160608516929,1.015517153618432,0.7034696089292544,0.7006266837683292,0.8543281661568017,0.5618346748198921,0.8722987702667332,0.40046884411113237,0.7624830481745816,-0.24020515247784963,-0.08478066876328164,0.6033262153142801,1.172010587500729,0.6967692169649071,-0.4826966577191857,-0.2579030132413574,1.0657186150854314,0.22003647613964156,-0.5527060169235367,0.7154485974130522,0.11248414461775956,-0.16564821198751165,-0.441798897268182,0.49895941663394533,1.4535074708115956,1.5336952289453918,-0.3943553398506657,0.8189388677500421,0.17047523710594512,-0.7208491681325923
TCGA-49-6767-01A,0.009671747603160835,0.02654545561505358,0.0,0.45739391858238765,0.0,0.0,0.003932754581438769,0.0,0.0,0.0,0.0,0.0,0.0,0.0039068342497939005,0.0,0.0,0.0,0.0,0.01583306822031706,0.0,0.0,0.0,0.0,0.0,0.0,0.0,0.011365218429318084,0.0,0.011363375751809632,0.0,0.0,0.08789316427941686,0.0,0.0,0.0,0.0,0.0,0.0,0.0,0.0,0.0,0.0,0.0,0.0,0.0,0.0,0.0,0.0,0.0,0.0,0.0,0.0467149973913237,0.0,0.0,0.028655779543274668,0.0,0.0,0.0005053901825196335,0.025019804546214823,0.0,0.0,0.0,0.0,0.029343889173184996,0.0,0.0,0.0,0.0,0.019766567578256997,0.0,0.0,0.0,0.05808094425931127,0.0,0.0,0.0,0.0,0.0,0.0,0.0,0.02348190766565639,0.0,0.0,0.03536962148409813,0.04986410520993089,0.0,0.0,0.034436955530118156,0.0,0.0,0.0,0.0,0.020854500123413916,0.0,0.0,0.0,0.0,2.6570558528571038,Lung Adenocarcinoma,-0.23712026189092816,0.75191140112575,-1.1652783014590185,-0.5681565690199395,1.015971857785119,0.7901664174265912,0.5941261403152188,-1.93682841414196,-0.4218162875364242,0.1648007689514476,0.30665836671177193,0.9298590332860633,0.8177397084692439,0.012673237790955609,-0.5929535853198368,-0.6852127829978512,-0.33280178205686073,1.0169881344441973,0.07316441718854419,-0.06777966984889439,-0.7951719966244246,-0.482709295759502,0.3888441827283031,0.3967326446244013,0.5393272855520258,0.4021384934712588,0.4852433454990763,-2.1974386044121266,0.06113030391555364,0.9373781494445003,0.5726950885288136,1.0929848354936276,0.7938243728011449,-0.7526752594368425,-0.41705977503650804,0.21625552169702733,-0.45801946737349813,-0.5336343479721662,-0.6291400314259248,0.5851441396146608,0.1866264465567484,0.14537222950192394,0.27383585998067583,0.5248317005636116,0.37879748526071577,0.0250178813942915,-0.2537998379704646,0.14786667464116637,-0.7440606670683404,-0.34219367365947395
TCGA-49-AAR0-01A,0.021596211033030686,0.00526829682755762,0.0,0.10762826320034174,0.0,0.0,0.06735543150369787,0.0,0.0,0.0,0.0,0.0,0.0,0.07238457126425529,0.0,0.0,0.0,0.0,0.05223360844475145,0.0,0.0398417084995854,0.0,0.025300710095167576,0.020226297682326092,0.0,0.0,0.012582847503336016,0.0,0.11143177357966184,0.0,0.0,0.19894265622526022,0.0,0.0,0.0,0.0,0.0,0.0,0.0,0.0,0.007133844893125186,0.0,0.0,0.0,0.0,0.0,0.07460506329339674,0.0,0.0,0.0,0.0,0.0,0.015513453476128003,0.0,0.0,0.0,0.0,0.03884155055852822,0.05199611668705849,0.0,0.0,0.0,0.0,0.01708024281969311,0.0,0.0,0.0,0.0,0.0,0.0012840276776930255,0.0,0.0,0.0,0.021665586933460945,0.0,0.0,0.0,0.0,0.0,0.0,0.0,0.0,0.0,0.0,0.03190278413395006,0.0,0.0,0.005184953667994376,0.0,0.0,0.0,0.0,0.0,0.0,0.0,0.0,0.0,2.123851640967086,Lung Adenocarcinoma,0.7458968053836592,0.25819940986345746,-0.9264176397158366,-0.06341107736037636,0.3453020036466175,-0.36468019254006084,0.6045140894069599,0.6008874541649136,1.2001433818070661,0.4055986696680504,0.07572233283459441,0.812452978919943,-0.10365848729027576,-0.302626817309087,0.08087692830026581,0.9849418709812258,1.071937509823233,-0.31926071149460056,-0.13666275992071755,0.45942424318831415,0.6804941263199253,0.16109118133806283,-0.0051792785340314396,0.3860027848195302,-0.01553746199725981,-0.1319319265659097,-0.11357485772072709,0.5938325510507432,-0.3901470326592526,-0.9742310126834175,0.3122047490479633,0.23813296183437574,0.6018302788013861,1.1484257385893952,1.0059048696809778,0.7373244982172139,1.227257530770293,2.198066345866825,0.5177392209112932,-0.3953884902669994,-1.702999448040516,2.409654287786994,-0.19383222101936404,0.05233201771009872,0.3886598708249604,-0.29519655434740527,-0.4067652520584705,2.1982974473540833,0.9696201302818171,1.5414685301386082
TCGA-49-AAR2-01A,0.0,0.002399124287603975,0.0,0.33874369074384525,0.0,0.0,0.0,0.02355966780500056,0.0,0.0,0.0,0.0,0.0,0.0,0.0,0.0,0.0,0.0,0.015471718195668215,0.0,0.0,0.014678224067205032,0.0,0.0,0.0,0.0,0.0,0.0,0.02197737398679128,0.0,0.0,0.23531970058628582,0.0,0.0,0.0,0.0,0.02871464150598972,0.0,0.03896435519309448,0.0,0.0010288981353088495,0.0,0.0,0.0,0.0,0.0,0.0,0.0,0.0,0.0,0.0,0.0,0.0,0.0,0.09013164662880883,0.0,0.0,0.0,0.0,0.0,0.0,0.05695572258813377,0.0052638503270475675,0.0,0.0,0.0,0.0,0.0,0.0,0.0,0.0,0.0,0.0,0.05195118877998526,0.0,0.0,0.0,0.0,0.0,0.0,0.058849867943232874,0.0,0.0,0.012491500140751866,0.0,0.0,0.0,0.003498829085246474,0.0,0.0,0.0,0.0,0.0,0.0,0.0,0.0,0.0,2.60422605308447,Lung Adenocarcinoma,-0.18118430311614767,-0.37205887784504094,-3.5652386415712214,-1.5307023585708657,-1.500582242474613,-1.7982235959834965,-1.2870217867828757,-0.12029804621643538,-0.559834545854505,-0.07901505801773791,-1.093326264402545,0.8816426081537564,-0.025744651264518897,-1.6064235096620365,-1.892452282625109,-1.1285600995308345,0.4725986885691244,-0.19537088327313623,-1.46159600777347,-2.15608301045573,-1.078516547297297,-1.6114866436553192,-1.2748115190564981,-0.3553198262493173,-1.2128928233936982,0.8409749599386759,0.11590877610752137,-0.23308775485292266,-1.629286744951488,-1.252013425789021,-1.351365197832784,-0.5921073465876106,0.34537827912726593,-0.4473727939849362,-1.9133909554411026,0.8412347616507195,0.2552111387617417,-0.9424164897728282,-0.8399808916255836,-1.867367535202797,-4.249064495070424,0.9188614008902003,-0.35311587903350655,-2.675061317295475,-1.496016156342565,-1.4954825963329637,-2.6039728496414205,-0.45552702385561616,0.3439210540579854,0.3472048735434851
TCGA-49-AAR3-01A,0.0,0.06931997520842971,0.0,0.18643098528535013,0.0,0.0,0.0,0.0,0.0,0.0006066195145908219,0.0,0.0,0.010863021201656777,0.0,0.0,0.0,0.0,0.00995971934665074,0.014781701315619726,0.0,0.0,0.05779407668798889,0.0029960699661240823,0.0,0.0,0.0,0.0,0.012083716750010933,0.0,0.0,0.0,0.11063277932197711,0.1557938444454471,0.0,0.0,0.0,0.0,0.0,0.0,0.0,0.0,0.0,0.0,0.0,0.0,0.0,0.0,0.0,0.0,0.0,0.0,0.10692181277492381,0.0,0.0,0.023484832424059684,0.0,0.0,0.0,0.018786894599676716,0.0,0.0,0.0,0.0,0.0,0.0015549798638185008,0.0,0.0,0.0,0.0,0.0,0.0,0.0,0.01884864535084159,0.0,0.0050748575200464585,0.0,0.0,0.0,0.0,0.0,0.0,0.0,0.0,0.03128030181835643,0.07397383612562147,0.0,0.0,0.04325443013267018,0.0,0.04555690034613908,0.0,0.0,0.0,0.0,0.0,0.0,0.0,2.060697840353612,Lung Adenocarcinoma,-1.042479591354246,1.8973458101265257,-0.9278793639294577,1.2995691520787938,1.4448983657662884,1.4522362887085745,1.5472614119123682,-1.491779266667893,-0.5022902569153367,0.812089018893699,1.7047889010952118,0.525952888261115,0.8118617708233803,1.1621500237358384,-1.1850040835817177,-1.1947153677609035,-0.46693446784536075,0.6881070560841588,-0.24715350197731234,-0.29893074035378875,-1.2000081431538099,-0.5428383275706529,1.1984605174962555,1.9213992078552458,1.5904919333249212,1.4233716278650543,1.7056887962249667,-1.4672328871261515,1.0149413091398418,0.6502280298788486,0.48776017711618697,0.5411401239036436,0.7819849686822243,0.12891316377439768,-0.1859948814085846,-0.35386453195680906,0.6430150577368219,-0.16168373620261536,-1.2651224297550208,0.6848345448329649,-1.0850877384574245,1.1627865339128445,-0.7499541416721295,0.43877690177558015,1.2837181093773877,-0.28270877030767766,-0.33558416791285967,-0.11892072569141462,0.29332339065918656,0.34587742296531515
TCGA-49-AAR4-01A,0.0,0.07847407255826253,0.011093183076044339,0.49087347656283814,0.0,0.0,0.0,0.07526372661501225,0.0,0.0,0.0,0.0,0.0,0.0,0.0,0.0,0.0,0.004167202270449367,0.05903628234913073,0.0,0.0,0.011823716073482215,0.0,0.0,0.03522882461670387,0.0,0.0,0.0,0.0,0.0,0.0,0.04777894000251375,0.0,0.0,0.0,0.0,0.046345807081488985,0.0,0.0,0.0,5.467710554489496e-05,0.0,0.0,0.0,0.0,0.0,0.022142973066568202,0.0,0.0,0.0,0.0,0.0,0.0,0.0,0.0,0.012237769664834532,0.0,0.0065811436509968044,0.017931795001266203,0.0,0.0,0.0,0.0,0.00784888504483386,0.0,0.0,0.0,0.0,0.015090214402734918,0.0011851520289055222,0.0,0.0,0.0031163510301540124,0.03629505290297981,0.0,0.0,0.0,0.0,0.0,0.0,0.0,0.0,0.0,5.756907586382643e-05,0.0,0.0,0.0,0.017373185819391457,0.0,0.0,0.0,0.0,0.0,0.0,0.0,0.0,0.0,2.73559889969818,Lung Adenocarcinoma,-1.226583883770552,1.2549035400470485,-0.9341130290095656,0.5907922490092176,1.055764692873915,0.8709014310047327,1.3852058027546366,-0.6149883502139787,0.7833153952842201,1.0397623764810053,0.7849056595712011,-0.2263594399083022,-0.3733144925549694,0.48359139803650286,-0.3538809041138693,-0.27172555274344373,-1.0954012195070304,-0.2977824350577317,-0.39323981896636756,-0.7194079566965216,-0.3474139012176416,0.0005684674760933617,0.6380729873113672,0.49200445101897267,0.6192825313217319,0.7721158701892413,0.8595009013739174,0.12074899323785064,0.6154320598419185,0.18775521747275953,-0.6801369827885422,-0.7645114624742076,-0.7294739637813148,0.47331634237635645,0.7316469364458028,-0.7546906029847893,0.7431601270847131,-0.4627021014215066,-0.5700159135649376,-0.32756552123689614,-1.8725118920576318,-0.022946476291033666,-0.298808636610254,0.0913263129814588,0.6490018296964855,-1.1676037577196337,-0.29561406849114774,0.3073677562318988,0.02495705191086434,-0.6358605947753986
TCGA-49-AAR9-01A,0.019860842769403173,0.0,0.0,0.5321064146232239,0.0,0.0,0.008767572426343302,0.01598355790701749,0.0,0.0,0.0,0.0,0.0,0.014409692625857144,0.0,0.0,0.0,0.0,0.004423737654285955,0.0,0.0,0.0,0.0,0.0,0.0,0.0,0.0,0.0,0.002820763980126836,0.0,0.0,0.18233101101668103,0.0,0.0,0.0,0.0,0.0,0.002290816700072456,0.0,0.0,0.0,0.0,0.0,0.0,0.0,0.0,0.013138500107300324,0.0,0.0,0.0,0.0,0.0,0.0,0.0,0.0,0.0,0.0,0.00818028365190172,0.03981690854547137,0.0,0.0,0.0,0.0,0.0,0.005539223846059837,0.0,0.0,0.0,0.0,0.0,0.0,0.0,0.0,0.0,0.0,0.0,0.0,0.0,0.0,0.0,0.0,0.0,0.0,0.042508470969675236,0.056480919649331746,0.0,0.0,0.05134128352724849,0.0,0.0,0.0,0.0,0.0,0.0,0.0,0.0,0.0,2.815577748324267,Lung Adenocarcinoma,-0.06587342654399753,-0.816826424445182,-0.48884513998530976,-0.10185533981792186,0.7945494187757212,0.36535174065479376,0.2236187024732551,-1.133909505586992,2.0852674842677366,-0.370845691052394,-0.5307643311793016,0.6953055135481007,0.7649277463286352,-0.11143037157355402,-0.5348872475185901,-0.46152636439024364,-0.4719912338690594,0.9157996803755208,1.588904709087544,0.06956318468604515,-1.465840291498485,0.28942408986836815,-0.7428722776053193,-0.4669691272515685,-0.704402608388728,-0.6295654983810335,-0.7919623338869434,-0.6926902621035181,-0.17696913035227638,1.2985733321616737,1.0130096699315876,0.6241649670925117,0.19763667991503164,-1.2812568936520168,1.024643668573418,0.16638242458946004,1.8236934860687632,-1.0589005322433824,0.6193408552339345,1.357771904135674,-0.3423943502721825,0.2613323905264469,1.1150246538565147,1.4041303389944533,0.2189366033234069,-0.4160990655684443,-0.30806151859938513,-0.6338559239355864,0.198079842840321,0.1183190410248744
TCGA-49-AARE-01A,0.0,0.031633449759645486,0.0,0.5027654627993786,0.0,0.013936106134298604,0.011742363657974928,0.0,0.0,0.0,0.0,0.0,0.011470692570588165,0.0,0.0,0.0,0.0,0.0,0.01759029119345619,0.0,0.0019259655542253075,0.0021722469719747894,0.0008840072861522424,0.0,0.0,0.02101573954952048,0.0,0.00442742194101785,0.0,0.0,0.0,0.07893093007721158,0.0,0.0,0.0,0.0,0.0,0.0,0.004513599539745376,0.0,0.001322083891440417,0.0,0.0,0.0,0.0,0.0,0.02995601749447513,0.0,0.0,0.0,0.0,0.00379752509768356,0.0,0.0,0.028146403624978365,0.0,0.0,0.002520356557886343,0.028517429866502665,0.0,0.0,0.0,0.0,0.013785948012881848,0.004634784547088857,0.0,0.0,0.0,0.01984273942765672,0.0,0.0,0.0,0.0,0.0,0.0,0.0,0.0,0.0,0.0,0.0,0.11406182183295009,0.0,0.0,0.008170370422590218,0.04060890546669966,0.0,0.0,0.0,0.0,0.0,0.0,0.0,0.0016273367219766261,0.0,0.0,0.0,0.0,3.0546130545568877,Lung Adenocarcinoma,-0.02393560693272013,-0.38085682573701124,-1.0300335662586926,-1.1383909398073568,-0.2595067341135846,-0.3977608373073249,-0.044731943553688605,-0.3828715260246185,1.3866998195149343,0.049574805618763165,-0.6296745083435445,0.7728412973892899,0.3071919140777445,-0.03931718108061412,-0.7074335471693076,-0.43858804776285587,-0.5349146463298102,0.13959878762717726,0.6757015477411263,-1.4503956127756128,-0.41024773746588383,-0.2363667883354348,-0.4406839928157112,-0.15511896768036193,-0.7572722261906433,-0.11182255247668861,-0.21086461963981337,0.5364743096402078,-0.6725091394955425,-0.08017257328858315,1.1262390256313024,0.5181535607218598,0.8686764318513096,0.2146881904483807,-0.4922429964425944,0.14376496403843605,0.32736088314972506,-1.8899913938182005,0.11296422524893286,-0.5791484331792387,-1.5204675060282555,1.0029655892068081,-0.19051821096110838,-1.128298729667875,-0.4513727640032574,0.975426314688667,-1.8444785679343947,-0.06222510062045068,-1.0504477880379082,0.40219926141855816
TCGA-49-AARN-01A,0.0,0.13942380392082493,0.0,0.07491879498988002,0.0,0.0,8.776987219517728e-05,0.023019475311421275,0.01405061947564691,0.0,0.0,0.0,0.0,0.0,0.0,0.007574480529103813,0.0,0.0,0.0,0.0,0.0,0.0,0.05798587192799371,0.11117420136259994,0.0,0.0,0.0,0.0,0.026402670842467044,0.0,0.0,0.11141029899343673,0.0322746005470985,0.0,0.0,0.06421830484259983,0.0,0.0,0.0,0.0,0.013524939174085926,0.0,0.014050566390141442,0.0,0.0,0.0,0.0,0.0,0.0,0.0,0.0,0.0,0.0,0.0,0.0370553402378407,0.02403358739116883,0.0,0.0,0.011302084907817339,0.04166901403222639,0.0,0.010716073777801148,0.008533652421238,0.0,0.0,0.0,0.0,0.0,0.001538763447853252,0.0,0.0,0.0,0.0,0.0,0.0,0.0,0.0,0.0,0.0,0.0,0.04770066885969833,0.0,0.0053253189652208936,0.032549465626110934,0.02601551972107793,0.0,0.0,0.05518171443099489,0.0,0.0,0.008262398001456218,0.0,0.0,0.0,0.0,0.0,0.0,2.8573324964312685,Lung Adenocarcinoma,-0.3402742057992216,0.003509760548218415,-0.7041772558893412,-0.11847935519262631,0.8867555715022183,0.1718112491345464,0.6208589088788622,-0.5358941359701137,-0.17144144174439865,1.1302167852555451,0.16818964178929746,-0.12859706861499937,-0.8918025505899193,0.21724660934945123,0.35185198350107455,0.6207207493106099,-0.074564561527962,-0.9020012720679991,0.17339026369005645,0.57344278976018,1.0716607533790696,-0.43108534575787416,0.13922537950484387,0.14709359992791793,-0.02943485098493409,1.319737628910646,0.8747633489993591,0.673162459696284,0.5493333680011925,-0.7845503693912892,-0.9622585859520243,-0.5724230553764796,-0.32750668238553693,0.07559907981776409,1.6946519578907155,-0.2910164159002447,1.2635403275667836,0.7805573734480232,0.274766890836848,-0.6130020189606411,-0.410761801851298,-0.022877510851664225,-1.319665834673934,0.3567585264005343,0.08494821477286729,-0.46167093558458233,-0.08644237964097731,0.15091333998864462,0.6122754381882596,0.4069773101232705
TCGA-49-AARO-01A,0.0,0.008310579280431347,0.0,0.6827676795103853,0.0,0.0,0.0037954670909798767,0.0032961787091727594,0.0,0.0,0.0,0.0,0.0,0.003842668178517122,0.0,0.0,0.0,0.0,0.026632999723980016,0.0,0.0,0.0,0.00305112988378682,0.0,0.0,0.0,0.01858281155894282,0.0,0.0,0.0,0.0,0.1261925560849542,0.0,0.0,0.0,0.0,0.0,0.0,0.0,0.0,0.0001921426255386298,0.0,0.0,0.057187010870878505,0.0,0.0,0.0,0.0,0.0,0.0,0.0,0.0,0.0,0.0,0.0,0.0,0.0,0.006493010742228594,0.013576631931739953,0.0,0.0,0.0,0.0,0.0,0.010251830064402126,0.0,0.0,0.0,0.0,0.0,0.0,0.0,0.003505243397311094,0.0,0.0,0.0,0.0,0.0,0.0,0.0,0.0,0.0,0.0,0.03087740376665554,0.0014446565800953642,0.0,0.0,0.0,0.0,0.0,0.0,0.0,0.0,0.0,0.0,0.0,0.0,2.754348335711019,Lung Adenocarcinoma,-0.27001131117407823,1.0487949852255882,-1.0392300114419413,1.3807655630557663,1.8370010192021653,1.0771710387856352,1.430099384485407,-1.0345687116556008,-0.40281093394510986,1.4028416576457787,1.1518772774002783,-0.5192159934213696,-0.7801117583127832,1.1810677142493897,-0.3930171701420917,-0.41067516390850384,-0.5926715024714211,-0.8080152128352482,0.3124152315944801,0.03281980185303764,-0.3231131671822865,1.1744118500814897,1.2116481252863829,1.2861533477478255,1.2645868388250083,0.5605521345329849,0.6940528413011472,-0.14344935431466083,1.4001359800945565,-0.3173378652800477,-0.7564681028484787,-1.0964169984024612,-0.9560306312558441,0.7402472965120255,0.7368304631153356,-0.970649035549986,0.9612692358608805,0.027943961680450154,-0.5124233728333445,-0.5658399391559635,-1.2692603190708396,0.08721587324603197,-0.8007427312199665,1.3652481602201272,1.2334849139555764,-1.1493971323831333,0.22314795322209827,0.04267592987149877,1.005564254728644,-0.05569012136712679
TCGA-49-AARQ-01A,0.0,0.029954934476887282,0.0,0.5147678698297027,0.0,0.0,0.041769530121385755,0.0,0.0,0.00047580712388894155,0.0,0.0,0.0,0.0,0.0,0.0,0.0,0.006863808883919905,0.051038398470563844,0.0,0.0,0.0,0.0,0.0,0.0,0.0,0.0,0.0,0.0,0.0,0.0,0.1733574886431509,0.0,0.0,0.0,0.0,0.0,0.0,0.0,0.0,0.0018099986981103603,0.0,0.0,0.0,0.0,0.0,0.0,0.0,0.0,0.0,0.0,0.0,0.0,0.0,0.02063377972765129,0.0,0.0,0.0,0.013895927537266796,0.0,0.0,0.0,0.0413205660568532,0.0,0.0,0.0,0.0,0.0,0.0,0.0,0.0,0.0,0.0,0.04266524572992236,0.0,0.0,0.0,0.0,0.0,0.0,0.0,0.0,0.0,0.03500711207159955,0.02643953262909715,0.0,0.0,0.0,0.0,0.0,0.0,0.0,0.0,0.0,0.0,0.0,0.0,2.8432327780980096,Lung Adenocarcinoma,-1.0443388251221413,0.10707498579122011,-2.848319739255628,-2.2191208346953486,-1.5484647533022564,-0.30369391180299765,-0.982982125495568,-0.787514743006608,0.6215530383338366,-1.9902851001410398,-1.1078784107371116,1.0981318439377086,0.883347679215858,-1.7671093153546602,-1.560339376016092,-0.7130185793699919,0.22774883386833802,0.5421134572930975,-0.07348441921315854,-0.7536240527785464,-0.8713773798783544,-1.3222696448653606,-0.9292509381128292,-0.0690255639784113,-1.026053203516905,0.8701165751371825,0.4687319600176731,0.1805073586885164,-1.3394194859850548,-0.4796217761211717,0.8809934051896019,-0.2828792695287587,-0.02329661633677519,-0.6997649313679144,-2.5606348053071133,0.5846531180331954,0.3034005697621845,-0.16232352554254842,-0.6139032104822,0.5020383988776186,-3.0516822558971333,0.12351844605819304,1.0928738297716394,-3.4475176427366896,-1.1783547885653984,-1.0988910660709414,-2.2554597358924533,0.7724312812143057,-1.406386492152653,-0.19081501511958113
TCGA-4B-A93V-01A,0.026865556964898656,0.02967589149932729,0.0,0.20546923482789634,0.0,0.0,0.033869856631049536,0.014192785623897145,0.0,0.0,0.0,0.0,0.0,0.018568942418878444,0.0,0.0,0.0,0.0,0.0,0.06942406320366254,0.0,0.0037581193694807215,0.0005610650205236606,0.0,0.0,0.007541999659654531,0.0,0.0,0.0,0.0,0.0,0.1437760981799137,0.0,0.0,0.0,0.0,0.08236356207053504,0.0,0.0,0.0,0.0,0.0,0.06883181151110294,0.0,0.0,0.0,0.045904257841110976,0.0,0.0,0.0,0.0,0.0,0.0,0.0,0.0,0.0,0.0,0.0,0.0019447596158062334,0.03687395054474881,0.0,0.01826788684197846,0.03349600325553976,0.03778725651010295,0.0061170770410909625,0.0,0.0,0.0,0.0,0.00032202877089574863,0.0,0.0,0.0,0.006793680144442382,0.0,0.0,0.0,0.019854141891025384,0.020978440599668826,0.0,0.0,0.0,0.02040349120575746,0.0084921573771812,0.0007592212949617074,0.0,0.0,0.03710666008486855,0.0,0.0,0.0,0.0,0.0,0.0,0.0,0.0,0.0,2.1398790864012365,Lung Adenocarcinoma,-0.468821716504955,-0.3591461686903011,-1.4987081449063917,0.3596896422279096,-2.3538422730196302,-1.9179055905781761,-0.9444174787368358,0.3767845972708624,0.7308562397219449,-0.9769948730221574,-0.7012472338585393,1.2077179257679378,0.0491171771159207,-1.1671143229204846,-0.3924956279252514,-0.7185168485074419,0.4439955747206231,-0.12603926084928047,0.7088127150033361,0.22892735401518563,-0.39370853462871896,1.1337673116024243,-0.1886096611562993,-0.59725763075326,-0.7383525438739367,-1.6009652553363618,-0.9100382514435553,-1.6023304623622427,-1.0959179052187413,-1.220092265838461,0.7703086084974757,0.7883712833974859,1.5297046405736694,-0.5797013716099877,-0.5145780972431907,1.1299467912836398,0.48963498085041973,-0.6669002851014001,-0.006746099606787917,-1.6642338572864868,-2.3503592489260434,1.6349848716545161,-0.2513263606888115,-0.3514876053960094,0.425160127172747,1.014866059841161,-1.6653506279238455,0.9830367409637507,0.032930326933975546,0.49637612081583576
TCGA-50-5044-01A,0.017617877685762035,0.23874237066208728,0.0,0.0,0.0,0.004520341833992923,0.044224712960171754,0.04982444260281683,0.0,0.0,0.0,0.0,0.0,0.03629318264688636,0.0,0.0,0.0,0.0,0.36690447219571554,0.0,0.0,0.0,0.0,0.0,0.0,0.0,0.01321216258823564,0.0,0.0,0.0,0.0,0.0,0.0,0.0,0.0,0.0,0.0,0.0,0.0,0.0,0.0,0.0,0.0,0.0,0.0,0.0,0.020098567510213074,0.0,0.0,0.0,0.0,0.0,0.0,0.0,0.0,0.0,0.0,0.0,0.0,0.0,0.0,0.0,0.0,0.006034437107622435,0.0,0.0,0.0,0.11585559685606181,0.0,0.0,0.0,0.0,0.028709199983842935,0.002634791045992173,0.0,0.0,0.0,0.0,0.0,0.0,0.0,0.0,0.0,0.002884310879331918,0.0,0.05244353344126731,0.0,0.0,0.0,0.0,0.0,0.0,0.0,0.0,0.0,0.0,0.0,2.1072099696478683,Lung Adenocarcinoma,0.43658011351931275,0.5205297360426393,-0.984431527670323,1.1951577283021593,1.2768819642653757,0.37243905745208766,1.4908622401035767,-0.9585622156344544,-0.4113617608873738,1.0735799694028656,0.5623550218946831,1.2843585444942562,0.3041991104424485,1.37310528894154,-0.6653458246222328,0.05473936459788957,-0.21166886053836984,0.2977264808566637,1.1340659677354104,0.3228534477144126,-0.09995311929670005,1.3901810201483853,0.7878435756696203,0.86028117536834,0.2559709784795737,0.9756878413260192,0.6624722994069809,-1.5028667371369526,0.7345793289423251,-0.2129598067322163,0.34812070899141767,0.7919380966576124,0.6900870129500013,0.487695326906573,0.5098154070252733,0.7946421139690605,2.575173801865965,0.7983964608849067,-0.1682065055947734,-0.5923128086157874,-1.139569066206921,1.1168587061102973,-0.6533090267647572,1.5807379838098585,0.720321795223578,0.7921369537443956,0.20786131934496457,1.218711867477052,0.7453060819973008,0.13984112688994263
TCGA-50-5045-01A,0.01723388072671178,0.02185065736505466,0.0,0.5563988285724236,0.0,0.0,0.0,0.0,0.0,0.0024549156922108782,0.0,0.0,0.0,0.0,0.0,0.0,0.0,0.0,0.03196241555450843,0.0,0.0,0.0,0.0,0.0,0.0,0.0037331033151291933,0.0,0.0,0.018401659468780734,0.0,0.0,0.05442312205777367,0.0,0.0,0.0,0.0,0.0,0.0,0.0,0.0,0.006562961039418781,0.0,0.0,0.0,0.0,0.0,0.0,0.0,0.0,0.0,0.0,0.0,0.0,0.0,0.12334588503416133,0.0,0.0,0.023783477091304146,0.008552262604996315,0.0,0.0,0.0,0.0,0.00016942715315809543,0.0027868874906153292,0.0,0.0,0.0,0.013930432948871262,0.00030987833338264265,0.0414936186496111,0.0,0.0,0.0,0.0,0.0,0.0,0.0,0.0,0.0,0.0,0.0,0.0,0.017124115548283976,0.012673392686955593,0.0,0.0,0.042809078666648556,0.0,0.0,0.0,0.0,0.0,0.0,0.0,0.0,0.0,2.4345689040341987,Lung Adenocarcinoma,1.3206365878485782,1.868788042546517,0.14686515653706197,1.3479843769708995,0.9171414668477832,0.21482851013025717,1.9937354934843763,0.34221910265616806,0.7168705943507407,1.8244760191123641,2.1931801668222737,0.9568833217574876,-0.553398703183248,1.5583120439820117,-0.7214111712458625,0.1356374273421709,0.9120805583267988,-0.967087413542019,0.644674494980661,-1.017411751281851,1.0208234606181663,1.0328193430467842,2.2394589150020745,1.9739271653513146,1.799358828365799,1.1073209018762171,1.5160890636224877,-0.21579445447789897,2.093681795398703,-1.7648736368103177,0.3957045473205471,0.22837640583272745,-0.3917795727689921,1.1387490315698292,1.0646547321496842,1.1967826349663786,1.1908054747193493,0.6187700582528184,1.2672004385068392,-0.02195563855482349,-0.2224169665421672,1.1425417430864113,-1.0168360761667214,1.1716169573387607,1.8768824868516216,0.18089577544868035,-0.0003420727217574864,1.470642024901882,-0.38666011393610433,0.8143644848626045
TCGA-50-5049-01A,0.0,0.007710331245394797,0.0,0.48540822464548333,0.0,0.0,0.009507063285994839,0.008126362907548949,0.0014002975794844912,0.003967272093527321,0.0,0.0,0.0016689726871195146,0.0,0.0,0.0,0.015383227266996074,0.0,0.0,0.03411093550124694,0.0,0.0003829317280956236,0.009711838454955138,0.0,0.0,0.0,0.023771988737796734,0.007468977455080159,0.010863371170671002,0.0,0.0,0.0973383278095415,0.0,0.0,0.0,0.0,0.0,0.0,0.0,0.0,0.0,0.0,0.011519119353719633,0.0,0.0,0.0,0.12398037163399898,0.0,0.0,0.0,0.0,0.0,0.0,0.0,0.06873367914850721,0.0,0.0,0.015569894257307247,0.0,0.0,0.0,0.0,0.0,0.00833650829712057,0.0,0.0,0.0,0.0,0.0,0.0,0.0,0.0,0.0043483857887414235,0.0,0.0,0.0,0.0,0.0,0.0,0.0,0.0,0.0,0.0,0.0209223086130079,0.011730709772882326,0.0,0.0,0.01803890056577826,0.0,0.0,0.0,0.0,0.0,0.0,0.0,0.0,0.0,2.8819549713396007,Lung Adenocarcinoma,0.3343740823662082,2.27655161309858,0.495278937724928,0.9531084372899942,0.9055425382482245,0.29239747187562604,1.6487679936481225,0.13492239810180304,0.23639477068352402,1.2506213016532826,1.9165895922841651,0.1493999240333759,-0.24742314462793427,1.3851639009955081,-0.5972061113567259,-0.11972688323288154,0.15732226317798853,-0.4758006380619368,0.04858863097185143,-0.21819474158815552,0.2651312331118237,0.9611241217360003,1.7472367890009313,1.8215406708045205,1.75927246365635,0.9833920231363753,1.6233852496861283,-0.8926526499347746,1.7352031086642847,-0.8269404306564556,0.3391291476260867,0.3124787267075724,-0.29890015181045104,0.10525956262929999,-0.19723661352239438,0.5897402460347592,0.241670534744555,0.7988012465710497,0.32121486219803735,0.9466495044610932,0.24701596139628895,0.6979337342989315,-0.7253172604737604,0.4228201813010257,1.263007914131209,0.08474141618765213,0.3854744176497821,0.7674755136032934,-0.4785976456267203,0.581412078967898
TCGA-50-5051-01A,0.0,0.004841821942362734,0.0,0.11812419838479454,0.0,0.0,0.0,0.0,0.0,0.0,0.037948713326410914,0.0,0.0,0.0,0.0,0.0,0.0,0.0,0.0498567569102061,0.0,0.020822649456546084,0.0,0.0,0.0,0.0,0.03689815956359338,0.0,0.034409349086232714,0.0,0.0,0.047305288973444645,0.027198555545352818,0.0,0.0,0.004407958948746851,0.02344216173765443,0.039450589102344016,0.0,0.0,0.0,0.0,0.0074486813207827116,0.0,0.0,0.0,0.10385117017257704,0.0,0.0,0.0,0.0,0.0,0.03225565878171849,0.0,0.0,0.0,0.0,0.0,0.0,0.0739192186334699,0.03700921357673726,0.0,0.007050331025417897,0.03488747980534899,0.0,0.0137990617552493,0.0,0.0,0.0,0.0,0.001175499406341177,0.03647174783507354,0.0,0.0,0.17526270054923213,0.0,0.0,0.0,0.0,0.0,0.0,0.0,0.0,0.0,0.0,0.0,0.0,0.017522570184773285,0.0,0.0,0.0,0.0,0.0,0.014640463975589019,0.0,0.0,0.0,0.0,2.0211892990699383,Lung Adenocarcinoma,0.8496980151201466,-1.1136238374314333,-0.7905097859978595,0.03685624795083556,-0.7121376841263266,-0.7628222205758399,-0.41587069804090265,0.013718196270979022,-0.5309551353749324,-0.18565891286544836,-0.6615600698888199,0.3169544361578218,-0.033695505644970876,-0.5835761266765186,0.05858250444212482,0.6086580337307738,1.0539468624358495,-0.038687967259917924,0.25260476677483895,0.4277138461255765,1.3634215488749168,0.24815383139985558,-0.555819107047615,-1.1279569753819707,-1.0252409870988464,-1.0048708726471758,-1.1251570571579659,0.535349858279989,-0.7008108562988483,-0.46901730268702807,0.38124476545329156,0.2752020430514901,0.6084535502510476,0.3664811322979512,0.2841477042212718,0.9379649325752504,0.43843876788702907,0.04254772014289024,1.3776342459623603,-1.2374262924128516,-1.334532855488964,1.2710597174414033,-0.04704266121503512,0.1256490540180803,-0.01050998285413223,0.014302574665980453,-0.7392256503589343,1.1718443957340343,1.0152140831671297,0.5541551030844621
TCGA-50-5066-01A,0.0,0.016070788759833633,0.0,0.49692647163197934,0.0,0.0,0.03319919022493629,0.0,0.0,0.0,0.0,0.0,0.0,0.0,0.0,0.0,0.0,0.0,0.020643023748959634,0.0,0.0,0.017945495644447754,0.02064585063050452,0.01149440796933588,0.0,0.0,0.0,0.0,0.0,0.0,0.0,0.1047822448664684,0.0,0.0,0.0,0.0,0.0,0.0,0.0,0.0423877685812991,0.0,0.0,0.0,0.0,0.0,0.0,0.14978495644782583,0.0,0.0,0.0,0.0,0.0,0.0,0.0,0.0,0.0,0.0,0.008175949411104865,0.0,0.0022992974665978156,0.0,0.0,0.0,0.0004660764146802428,0.0,0.0,0.0,0.060472618791603566,0.0,0.0,0.0,0.0,0.0,0.0054321884791013525,0.0,0.0,0.0,0.0009495108446710576,0.0,0.0,0.0,0.0,0.0,0.0,0.0072903920971608945,0.0,0.0,0.0010337679894897678,0.0,0.0,0.0,0.0,0.0,0.0,0.0,0.0,0.0,2.4216039268698313,Lung Adenocarcinoma,1.3021949293379302,1.749368514875179,-0.7099243077088718,-0.5796005721415395,-1.1136120811454475,-0.6700963347636919,1.5085042916178188,-0.24297874521627028,0.6661206292622169,0.6745475936154077,1.4227150931225718,2.2140614723869163,0.8411429574643602,1.067065227832629,-1.8142914684537408,-0.28258363524228436,1.578362214411787,0.05541679270065805,1.0404770640576972,-1.882101630564583,-0.4510795570494392,1.163050474541882,1.4167242990438396,1.0915199753642015,1.2883873453975643,0.5830394670309095,1.0832458333690318,-1.9492699605586088,1.3991822522891464,-2.2878772061159434,1.9000067746666693,1.6484313647089452,0.4058929521190971,-0.7282015704102094,-1.6872467466655787,2.2037880317531555,0.766720981337962,-0.3110343652311038,0.8231270130827797,-0.48630948989790074,-0.056092022551544864,1.3638917880328925,0.9414054686539436,-0.49728854396828914,1.3661408565029873,0.7998861867475832,-0.6674984380480209,1.7995346790745863,-2.8722287241530196,1.2426588632671174
TCGA-50-5066-02A,0.0,0.017369388355266295,0.0,0.2798406191653521,0.0,0.0,0.02175496055092785,0.0,0.0,0.0026322697328279607,0.0,0.0,0.014772776413388937,0.0,0.0,0.0,0.0,0.0,0.0,0.0,0.0,0.006054176651387019,0.017980001100977618,0.013188679940382394,0.0,0.0,0.007676346948139958,0.0022358973237949927,0.0,0.0,0.0,0.12780991214381138,0.0,0.0,0.0,0.0,0.0,0.0,0.0,0.02447086199046701,0.0035471868543600496,0.0,0.07304705800587917,0.0,0.0,0.0,0.18477224946002493,0.0,0.0,0.0,0.0,0.016253312889006482,0.0,0.0,0.0,0.0,0.0,0.008380691653137602,0.0,0.048994851380919933,0.0,0.0,0.0,0.006266174692646874,0.0,0.0,0.0,0.022249427648550122,0.0,0.0,0.0,0.0,0.0,0.06329218884281305,0.0,0.026740182444880356,0.0,0.010670785811058006,0.0,0.0,0.0,0.0,0.0,0.0,0.0,0.0,0.0,0.0,0.0,0.0,0.0,0.0,0.0,0.0,0.0,0.0,0.0,2.574031267727719,Lung Adenocarcinoma,0.5309607968417795,-0.3870200129745065,1.3296205210091232,0.6350628150300948,0.28844950905004946,-0.5364382195079853,0.8497954420703673,1.106587275187672,2.5442320821881674,-0.5242263246721195,-0.23175211015849198,-0.3881805966157542,0.5314453784953541,-0.008986929429838995,0.3710525528607701,0.7186217502966152,0.7818186126468862,0.5882926350154589,0.12259266059081785,0.9124283081554663,0.4664238418649848,0.3623952790468916,0.32423694256439756,-0.2767301627113882,-0.22533223127377702,0.10865726538124373,0.07315876374478425,1.0075511563544421,-0.27362565605284545,1.2664411386341348,1.6114550248640527,0.41053336507431976,0.15934161345496786,0.5018849707281695,1.1935975147138234,-0.6062844562624919,0.4660924629091293,-0.1679027035591781,1.0578737538153447,0.35892493171164014,0.337043935853324,0.5884107462361544,0.9235011539952251,0.746532532252314,0.2808238691043184,-0.3643333458015403,0.9255650886252478,0.7222848867880572,0.3454654815376353,0.8758033805658116
TCGA-50-5072-01A,0.053942821979956986,0.04069839659799347,0.0,0.4306464202974889,0.0,0.0,0.06082215370959353,0.0,0.0,0.0,0.0,0.0,0.003540277450136196,0.0,0.0,0.0,0.0,0.0,0.017386856966874385,0.0,0.0,0.0,0.0,0.0035617764446897343,0.0,0.0,0.0,0.010790009071530689,0.0006031299387090275,0.0,0.0,0.04474373470458135,0.06492014795628526,0.0,0.0,0.0,0.0,0.0,0.052069618566241094,0.0,0.0,0.0,0.0,0.0,0.0,0.0,0.0,0.07273506116297745,0.0,0.0,0.0,0.006434267532396771,0.0,0.0,0.0,0.0,0.0,0.020794646501018383,0.0005610301377365871,0.0,0.0,0.0,0.0,0.07669396250523232,0.0,0.0,0.0063022311198485705,0.0,0.016098063197608363,0.0,0.0,0.0,0.016655394159100993,0.0,0.0,0.0,0.0,0.0,0.0,0.0,0.0,0.0,0.0,0.0,0.0,0.0,0.0,0.0,0.0,0.0,0.0,0.0,0.0,0.0,0.0,0.0,0.0,2.2121876044039577,Lung Adenocarcinoma,0.8210492234578317,-0.5493919913452867,0.4831989205394659,0.4405590244024019,0.2636042502031762,1.0383063862976083,0.5838970355200253,0.11970129494156917,0.5909999683367688,0.9230971811435178,0.36939973755531874,0.8026668051976265,1.3130849876414343,0.6673482967444568,0.7088326071443236,1.6426183926984017,0.750209545761875,1.386241315391065,1.656276538615534,-0.5453501380574698,-0.2977235370513842,0.7444374106259126,0.3432256124327549,-0.1810261672525444,0.1292497206799281,0.27075899458236546,0.06807544830682113,0.24034449404121613,0.370054692550318,0.9679242767428301,1.6478502238105253,1.2982067915379312,1.1444688321608547,0.6738932430949512,0.30496408514775464,0.4055421654127338,0.7741795784196837,-0.042490423957291024,0.24013363914226313,1.1579317938251537,0.5292109296632008,1.1147572752519372,1.1372376198315493,0.3199060208781008,0.6180789593466253,1.2933676490227006,0.1484685376768697,1.1630571971128245,-0.2517447312693992,1.522472579068313
TCGA-50-5930-01A,0.0014337978301096985,0.0,0.0,0.5299517385303277,0.0,0.008311183258500861,0.006559492962118971,0.0,0.0,0.0,0.0,0.0,0.0,0.00804698596827862,0.0,0.0,0.0,0.0,0.002952265843979719,0.0,0.0,0.0,0.0,0.0,0.0,0.00638586317282303,0.012079057416392817,0.0,0.018217120847647084,0.0,0.0,0.08589218176360137,0.0,0.0,0.0,0.0,0.0,0.0,0.0,0.0037278340386121185,0.0,0.0,0.06635494103302611,0.0,0.0,0.0,0.011228089942574139,0.0,0.0,0.0,0.0,0.0,0.0,0.0,0.077898118749301,0.0,0.0,0.011780793887016507,0.022854489079901022,0.0,0.0,0.0,0.0,0.015789689749685483,0.0,0.0,0.0,0.0,0.004521757315372878,0.0,0.0,0.0,0.0006851456397214354,0.0,0.0,0.0,0.0,0.0011244784331532628,0.0,0.0,0.0,0.0,0.0,0.026242690295839272,0.05538188141308202,0.0,0.0,0.014901737055491306,0.0,0.0,0.0,0.0,0.0,0.0,0.0,0.0,0.007678665773443588,3.0515383905153275,Lung Adenocarcinoma,0.3783053040630217,0.2118861189192307,1.4288012029825663,0.1615073875140056,0.5437801363726698,0.5463310021631256,0.35962838224183086,0.6302036877618751,0.6776357088227631,0.9892129131015149,0.5248193951933275,-0.5391248580674742,-0.6718709985960287,1.0766102717949633,0.8554388084179849,0.5616985810968151,-0.07020237467084528,-0.5843417340265205,1.0823232056779621,-0.288994535097953,0.7172906826285511,1.5624640141384347,0.2736114325108946,0.28235681649599725,0.3905178449529144,-0.9110067765842699,-0.35520389720444245,0.679129492689025,0.6631900743619498,-0.5359959207747272,-0.006230693428369396,-0.561625845205266,-0.6355443442872121,0.28733267515139543,0.3419268081770145,0.13812634568842508,-0.025044767442933276,-0.3046136392620441,0.03791996542262024,0.02616924090654008,0.8083671962048627,0.21132856248959786,-0.6723941262411477,1.1446344971660678,0.5858398769876785,0.7165348361952468,0.9927310390336508,-0.027825740010430908,0.712044381931726,0.9718502740030023
TCGA-50-5931-01A,0.017874707590680848,0.011688590782769707,0.0,0.22787167670955635,0.0,0.0,0.027494071953363827,0.0,0.0,0.0,0.0,0.0,0.0,0.008034398469137278,0.0,0.0,0.0,0.028194412002646375,0.0,0.009214476118696536,0.0,0.026664338788000733,0.0,0.0,0.0,0.021966826871173316,0.0,0.0,0.0,0.0,0.0,0.15424991504940866,0.0661838474323204,0.0,0.0,0.0,0.0,0.0,0.03455934590507569,0.0,0.0,0.0,0.0,0.04332384005637927,0.0,0.0,0.0,0.0,0.0,0.0,0.0,0.003875833289889874,0.0,0.0,0.04333223220582905,0.0,0.0,0.018378197477672092,0.02853801762641972,0.0046287564885067155,0.023226265673247055,0.0,0.017786896683476085,0.03271178628878883,0.0014443345252678245,0.0,0.0,0.011941848845817537,0.0,0.002436674390220575,0.0,0.0,0.09135994262815815,0.0,0.0,0.0,0.0,0.0,0.0,0.0,0.0,0.0,0.0,0.0,0.0,0.0,0.0,0.0,0.0,0.0,0.0,0.0,0.0,0.0,0.0,0.0,0.043018766147497445,2.44870631990508,Lung Adenocarcinoma,-0.8451098107097217,-1.5727940498476733,-1.3091624088738871,-0.21111881053119616,0.1729791218683069,0.14292537010342207,-0.1549723470154238,-2.173402224267125,0.1321326678429768,-1.0965802613859288,-1.464181057345208,1.4253593265012476,1.3971692441968797,0.2525835969445432,-0.7777726545135664,-0.6141896733318736,-0.5240901093394856,1.3184037967401376,0.3772563392522241,1.4471186017420707,-1.6237291936159788,0.6290816659569668,-0.7960213569566561,-1.7027965295940535,-1.5729312115972325,-1.1337717803788465,-1.6024803413709363,1.402575306126569,-0.9788912689125138,1.2996295891603893,0.4235622591833056,1.5427439863898667,1.4345904559255924,0.15211473023078442,-0.27639319481820807,0.1952021025455948,0.41766205428809183,-0.5541128312055477,-0.34539656916459965,0.7870013057667037,-0.5878911303697181,0.16070171714118947,1.1994736586776356,0.5994481483245062,-0.48321450909299923,1.247255061499264,-0.20583455651552046,0.051775281584442945,1.4761804696630114,-1.3465736214022117
TCGA-50-5933-01A,0.032864853086336174,0.002704522893863403,0.0,0.3059381511123501,0.0,0.0,0.06879174334080865,0.0,0.0,0.0,0.0,0.0,0.008496824232370907,0.0,0.0,0.0,0.0,0.0,0.016538286338955235,0.007961846735341813,0.0,0.0,0.0,0.0,0.06483351245425129,0.0,0.016539898984857967,0.0,0.019186898027000243,0.0,0.0,0.12662948012425448,0.0,0.0,0.0,0.0,0.025928982874358103,0.0,0.023935421093616967,0.013602238952467576,0.0,0.0,0.0,0.0,0.0,0.0,0.0,0.0,0.0,0.0,0.0,0.0,0.0,0.0,0.018716074605565246,0.0,0.0,0.0,0.016613842368321786,0.0,0.0,0.0,0.0025635595099916947,0.011714649194714037,0.0,0.0,0.0,0.0,0.0,0.0,0.0,0.0,0.013195548937741159,0.00890146712970977,0.0,0.05646014236731529,0.0,0.0,0.0,0.0,0.0,0.0,0.0037206738372067756,0.0,0.03597960614640482,0.0,0.0,0.04330998987617763,0.028366278180430714,0.0,0.0,0.0,0.0,0.0,0.0,0.0,0.0265055075955881,2.6910814921229687,Lung Adenocarcinoma,-0.10233463507916392,0.9784337763930303,1.137715609451138,1.9821664994746166,1.984114526449817,0.9431838718291546,1.0563443473769454,-0.3702395231822341,0.4755793832857224,1.0473699949947597,1.2889114844469152,-0.44166454826895857,0.2777984634508231,1.671286538573634,-0.06100865772036669,-0.26614290346351394,-0.3869178613350964,0.3868478930852774,0.8622532004965243,0.6337078720381388,-0.21929488784375553,1.510379172814016,0.9563467755270452,1.044032381569129,1.497711268362762,0.18310602354715025,0.6280029109167011,-1.6389721707748237,1.6574845166288932,0.8606657953379666,0.928218412396821,-0.010539350027704678,0.50400460764593,0.9634849094107749,1.207998096848838,-0.8597902359400348,0.027969212498222616,0.769555509200376,-0.4141564450262005,0.12732475971279938,1.7907716674953287,0.20158241754957923,-0.27056523982256003,1.3299329606542,1.25043114555611,1.0780513145290704,1.4148421597450593,-0.15996687562202153,0.4372956918597716,0.10606220640939217
TCGA-50-5936-01A,0.04733420464723856,0.18734257135103002,0.0,0.10769480234899959,0.0,0.0,0.0,0.0,0.0096626605537894,0.0,0.0,0.0,0.0,0.08777836593149943,0.0,0.0,0.0,0.0,0.1850303291745742,0.0,0.0,0.0,0.0,0.005095792190129056,0.0,0.0,0.0,0.0,0.0,0.0,0.0,0.09292249758951174,0.0,0.0,0.001113740332460153,0.0,0.0,0.0,0.0,0.0,0.012108831172064651,0.0,0.0,0.0,0.0,0.0,0.0,0.0,0.0,0.0,0.0,0.0,0.025644563851998623,0.0,0.0,0.0,0.0,0.0023376087549632084,0.0,0.0,0.0,0.0,0.0,0.01631132644092204,0.011939891683722498,0.0,0.0,0.0,0.0,0.0057396824920331714,0.0,0.0,0.02519013773173767,0.0,0.0,0.003537089445218759,0.0,0.0,0.0,0.0,0.0,0.0,0.0016480728656171465,0.05279679912062253,0.04110575084253701,0.0,0.0,0.0528449158891715,0.0,0.024820365590159033,0.0,0.0,0.0,0.0,0.0,0.0,0.0,2.0718820073061255,Lung Adenocarcinoma,0.39696928201978654,-0.01973819303828753,0.8880121098934286,0.0955154745500978,0.752808514971122,0.024561976408332343,0.05684772717418427,0.6694185403927679,-0.4219371442583526,1.0558055790780594,0.5622264242258329,-0.10933196602486792,-0.17912397542538852,0.8075749037630676,0.3734929682055239,0.41108566113031236,0.4976769627499897,-0.11845736538810568,1.5197081882485244,0.07718739548942398,0.7739665346113285,0.6637788841699936,0.4846255454877469,0.27510314728173746,0.4380953127476073,-0.8509522486045525,-0.7130980543490713,-1.08145125693765,0.8420402872922498,0.4886002954246754,0.3544507010004089,0.34567068279897967,0.37216043649395386,0.03581105029766437,0.20839234982762805,0.0640173525080255,0.8317532221554634,-0.22878432558701595,0.058782048193969906,0.135684156863617,0.9604746952335342,1.4389735433497848,-0.6455208340800399,0.513837353250012,0.31820667768150557,-0.36193237892233077,0.6093258304147425,-0.5481992054809746,1.0897981987094987,1.3174274137361315
TCGA-50-5941-01A,0.01385783133917196,0.016312803206913522,0.0,0.4454405641552241,0.0,0.0,0.0,0.0,0.006600195084303499,0.0,0.0,0.0,0.0,0.0,0.0,0.0,0.01187077377947896,0.0,0.028834747113808266,0.0,0.0,0.0,0.004386940775985372,0.0,0.0,0.0,0.0,0.0,0.0030387550758659053,0.0,0.0,0.07211540268147158,0.0,0.0,0.0,0.0,0.0,0.0034353508914772837,0.0,0.0,0.007073638915081367,0.0,0.0,0.0,0.0,0.0,0.12067853550005955,0.0,0.0,0.0,0.0,0.06860209737803444,0.0,0.0,0.0,0.0,0.0,0.012256588410867724,0.025068956903678285,0.0,0.015215715549286909,0.0,0.0369556380458369,0.012126146510048431,0.0,0.0,0.0,0.005875623048869719,0.0,0.0,0.0,0.0,0.036162879921899316,0.013851909571812376,0.0,0.0,0.0,0.0,0.0,0.0,0.0,0.0,0.0,0.030475339182468527,0.0005837854039152042,0.002693468659762023,0.0,0.0,0.0,0.006486312894678839,0.0,0.0,0.0,0.0,0.0,0.0,0.0,2.5514499979728753,Lung Adenocarcinoma,-0.1935192228760173,1.6878607056445,0.761846483413675,0.5706258880305066,1.1917308684317092,0.6875179063346083,1.3391749340018373,-0.3777604937797251,0.5529102272349149,0.6887313270767847,1.746475586274327,-0.11083004134234557,-0.12873742747632652,0.34724788119648997,-0.3479986780379047,0.22914743470599536,-0.10690064249729207,-0.04315123055578427,0.24253235453458533,0.24895264079942925,0.4754999081734758,0.12009462084309351,1.4943125241734558,1.6447662019022298,1.4026898533449905,1.5763388065952124,1.7507025124238575,-0.71921434264061,1.2257051723056043,0.4110034680287472,0.15132486901977402,-0.1374943904201962,-0.312522562714301,-0.06309332071119823,-0.31039973907819346,-0.3559254815334244,0.15299609115812499,0.8611784521495549,0.5351094109048118,1.2948741282017748,0.48369564272743243,0.784381717668917,-0.5694509633353256,0.8516809914209817,0.9018394088052821,-0.10171512961482856,0.30339232479031203,0.29915442351676597,0.2188784643173388,0.3859396742667389
TCGA-50-5946-01A,0.0,0.06850229911497369,0.0,0.44289155257330076,0.0,0.03520306182274705,0.025280550011726875,0.0,0.0,0.007951219798805757,0.0,0.0,0.0,0.0,0.0,0.0,0.0,0.0,0.09710557880405213,0.0,0.0,0.0,0.0,0.0,0.0,0.0,0.0,0.006209275721876137,0.0,0.0,0.0,0.0,0.0,0.0,0.0,0.0,0.003160105664253294,0.0,0.0,0.0,0.0,0.0,0.016284208071535102,0.0,0.0,0.014074353618603588,0.014305775464223694,0.0,0.0,0.0,0.0,0.0,0.0,0.0,0.0,0.012638807113809174,0.0,0.016621938595587415,0.010538374565346766,0.0,0.0,0.0,0.014851712408077911,0.008390737618934326,0.0,0.0,0.0,0.0,0.013965840495820997,0.0014484737364169689,0.014465601350997661,0.0,0.0,0.04164340837100653,0.0,0.0,0.0,0.0,0.0,0.0,0.059352647314684134,0.0,0.0,0.01526153906854047,0.022163685400417535,0.0,0.0,0.019543967751705246,0.0,0.0,0.0,0.0,0.018145285542556736,0.0,0.0,0.0,0.0,2.8260748027008264,Lung Adenocarcinoma,-1.2487111136897593,-1.57327747933944,-0.17747412014828626,-0.48791931200812777,-0.4966799364598747,-1.613264447674116,-0.862237507909399,-0.8308397534956581,-0.48807372661381027,-1.4751803983887488,-1.6549231182784412,0.5263448307086005,1.39402536248131,-0.9659838463811924,-0.8716414243928884,-0.7621900432277571,-1.0857081606684753,1.580615721730996,-0.4650540116783345,-0.35088213864919165,-0.7048520997398655,-0.7626963852104152,-1.3465499710535278,-1.7059829636394466,-1.3639738080518033,-0.4067482919400636,-0.6828735938277962,0.5918185578780546,-1.3692654940282079,2.06322795300063,-0.5043626905397771,0.23325615612194248,0.14124944146475288,-0.08401612162212473,1.640405976725796,-1.1369948106778864,-1.4460203236597948,-1.070946441882958,-0.14980291562245776,-0.050743284517347526,-0.46244897024916665,-2.04815413301783,1.7453302614555275,-0.037840193249670445,-1.1340521817351334,0.05955937738964189,-0.5205437434708381,-0.5808903293725749,0.033662732184621943,-1.753020078953272
TCGA-50-5946-02A,0.013600505906611654,0.07695222369870973,0.0,0.391788973927891,0.0,0.0,0.023099297556534563,0.0,0.0,0.0019992566535202336,0.0,0.0,0.0,0.0,0.0,0.0,0.0,0.0,0.10507429416164762,0.0,0.021580303633661743,0.0,0.0,0.0,0.0,0.0,0.0,0.0,0.0,0.0,0.0,0.059646020407782156,0.0,0.0,0.0,0.0,0.0,0.0,0.0,0.0,0.0,0.0,0.0,0.0,0.0,0.0,0.012535875159559715,0.0,0.0,0.0,0.0,0.0,0.0,0.0,0.027996686809518806,0.015553749250621106,0.0,0.01911917458177049,0.009311010795509191,0.0,0.0,0.0,0.02229720524882139,0.0032487911035364867,0.0,0.0,0.0,0.0,0.013286622105929874,0.001125960402977752,0.02330306277501304,0.0,0.0,0.036499703588072294,0.0,0.0,0.0,0.0,0.0,0.0,0.0,0.0,0.0,0.02800929180077235,0.00936121028850623,0.0,0.0,0.06944861041548901,0.0,0.0,0.0,0.0,0.015162169727543523,0.0,0.0,0.0,0.0,2.859738566197147,Lung Adenocarcinoma,-0.9094054940405634,-0.3958348817435424,0.6196746448613857,1.3374776099042271,1.4489401939708644,0.21048435961953404,0.452850137374686,-0.6795826422797625,0.0016164071819263308,0.5065874001556856,-0.18082576550519666,-0.12718205493556825,0.610246254441226,1.6652940669064729,-0.11166137352490961,-0.18919254239545302,-1.4317481610174705,0.8787423120545936,0.07887033277960465,0.7200295843176946,-0.30293424216899817,0.5369609270572397,0.2788213107062096,-0.19996160615643543,0.11694142465338814,0.36768268109615737,0.23330579605791366,0.7218111482021288,0.5640889643950737,1.1862661219014146,0.02595359677304787,-0.16426892030806178,-0.1017924361339919,1.0947233948650748,2.2239671269622794,-1.2684173801271328,-0.6963870558142218,0.1624542348883317,-0.3731560754748289,-0.03785820015352809,-0.08525192741590852,-1.314038752077043,0.9231926351542482,0.6417069676452476,-0.08797600042449927,0.5654239255113473,1.129734563941647,-0.09637029919914161,1.0245705093724737,-1.1110296080577258
TCGA-50-6590-01A,0.005152591398144175,0.05387243069289954,0.0,0.4497528512997963,0.0,0.0,0.032624924874158905,0.0,0.0,0.0,0.0,0.0,0.0,0.00923559635217846,0.0,0.0,0.0,0.0,0.08601922131371707,0.016885611580341454,0.0,0.0,0.0,0.0,0.0,0.024325839624540966,0.0,0.0,0.009411560785757903,0.0,0.0,0.08598692770072254,0.0,0.0,0.0,0.0,0.0,0.0,0.0,0.0,0.0,0.0,0.033482146978045094,0.0,0.0,0.01566707661665487,0.026325928981236344,0.0,0.0,0.0,0.0,0.0,0.0,0.0,0.019784438481248914,0.0,0.0,0.002418767667987973,0.0,0.0,0.0,0.0,0.0,0.009598737085135495,0.0,0.0,0.0,0.0,0.0,0.0,0.0,0.0,0.007492330430526986,0.0,0.0,0.0,0.0,0.0,0.0,0.0,0.0,0.0,0.0,0.002324279300590947,0.02284826686889528,0.0,0.0,0.064358282646202,0.0,0.022432189321218793,0.0,0.0,0.0,0.0,0.0,0.0,0.0,2.937517892017347,Lung Adenocarcinoma,-0.8160961104370019,1.4610274724292216,-0.45562423944381836,1.3958149751860436,0.9882762450639255,1.3677034898176044,0.9882087870197048,-1.8004744444723484,-0.37417190850116167,0.05198658402527449,1.067526165955248,0.035112612657108286,1.136880258468183,1.0089328106801347,-0.5871740536872203,-0.10895620977324103,-0.7400517938308077,1.3748195253492523,0.01237794876151247,0.21491047462086116,-0.6545038669038202,0.48660226827235037,0.7761617504938628,1.4804778894379127,1.2311869402939393,0.7211937068885523,1.060287382261837,-0.8924192109762484,0.44879580287555393,1.2020246622161754,1.1945302086377398,0.9731854768913059,1.2198876393638627,-0.221405317486414,-0.25789663080255326,-0.34067762413217045,0.43497616604208866,0.42842049102887236,-1.5214678663485635,0.8036443403140512,-0.6483982151345532,0.9435016413241241,0.7415449785006493,0.8133411679112235,0.9559618218500687,1.1035853651192107,0.2990396155548465,0.616732197801444,0.7250943838005063,-0.2351624532429555
TCGA-50-6592-01A,0.02584253851730882,0.06258554180313966,0.0,0.0,0.0,0.0,0.01676229592168969,0.04389782459629192,0.0,0.014925762400643097,0.0,0.0,0.002111341622460842,0.022865045069628775,0.0,0.0,0.0,0.0,0.07375013354878038,0.05337162704212456,0.0,0.0,0.0,0.0,0.0,0.0,0.0,0.0,0.0,0.0,0.0,0.1457470618036288,0.04757875333232968,0.0,0.005534766540836498,0.0,0.0,0.0,0.0,0.017821598843370236,0.0,0.0,0.0,0.0,0.0,0.0,0.05366195339074532,0.0,0.0,0.0,0.0,0.0,0.011237430267283233,0.0,0.03138298040918993,0.002698542898279201,0.0,0.002018176829610629,0.02673187924154038,0.023331765984640516,0.0,0.0,0.00218415537329099,0.014633425828482583,0.0,0.0,0.0,0.0,0.02726060544755942,0.0,0.0,0.0,0.013822574480394246,0.0,0.0,0.0,0.0,0.008925819403841961,0.0,0.0,0.0,0.0,0.0,0.0627099330854273,0.06911061596613921,0.0,0.0,0.11749585035134205,0.0,0.0,0.0,0.0,0.0,0.0,0.0,0.0,0.0,2.4471580313422194,Lung Adenocarcinoma,-0.41591857088912154,1.2459670735523702,0.9699230466953171,0.021271515069764543,0.7417108944864751,0.314516933854591,1.0563942260760824,-0.07982949867528674,0.3834528127370214,1.073446562661082,1.6812783698032534,-0.2653360283028203,0.5273919798658161,0.7075442413236135,-0.13863531240320842,0.4581584355094093,-0.09790890632183942,0.5160334905172757,1.2494311576736186,0.1268542994986006,-0.39226011352122786,1.4468800403177908,1.128712275153983,1.528732009880033,1.4318392189454046,0.9563403846421753,1.0860211119611607,0.5429319789051452,1.3593189952587423,0.9287667915325177,1.5411687667656893,0.4414226498854439,0.07178785906578145,-0.5776990873501101,-0.2295497663447258,-0.8327103261443445,1.3744731697272878,-0.4507019452480514,0.12088164883897363,1.6850056881057827,1.1587500703864806,0.7418003579166819,0.6485915431009557,1.2859855317623972,1.4189832731851042,0.7733510415459306,0.5004538490211268,1.104580941540068,-0.15738571194671955,1.6620524706069613
TCGA-50-6593-01A,0.016389100200403742,0.0,0.0,0.36162290587408324,0.0,0.0,0.03772991491655098,0.0,0.0,0.0,0.0,0.0,0.0,0.00338138582605304,0.0,0.0,0.0,0.0,0.009459296485670116,0.0,0.0,0.0,0.0,0.0033422185245731814,0.0,0.06173529113421888,0.0,0.0010513203479851703,0.0,0.0,0.0,0.04850404038167461,0.0,0.0,0.0,0.0,0.0,0.0,0.0,0.015313991825645771,0.0,0.005569817645632827,0.0,0.0,0.0,0.0,0.10054667723665399,0.0,0.0,0.0,0.0,0.0,0.0,0.0,0.06219755397725697,0.0,0.0,0.0,0.021366839532737804,0.0,0.0,0.0,0.025551234432000296,0.025037424955447585,0.0,0.0,0.0,0.0,0.014941154844232427,0.0,0.0,0.0,0.002403629807897146,0.0,0.0,0.0,0.0,0.0,0.0,0.0,0.0,0.0,0.0,0.033179089350980566,0.048933597490168186,0.0,0.0,0.09050047364438434,0.0,0.0,0.0,0.0,0.011243041565749226,0.0,0.0,0.0,0.0,2.4913616938342726,Lung Adenocarcinoma,1.0327756364531107,0.27386376214117114,0.5350409976972811,1.4548858133175568,1.853338542053794,0.22955820474241478,0.7551705040214141,1.3005589475837824,1.5733965383220545,1.13858701135524,0.6538217408112436,-0.5280511404310079,-0.37708017664754884,1.2123242575473225,0.13538586527765747,0.059877788959991934,0.5848796260809314,-0.34793033307353244,0.27834640866336596,0.4120965664347583,0.7774123966554525,0.14969067686658138,0.37678594089825296,0.37183803837165336,0.5811772868930829,-0.5396855777959894,-0.31437501562393144,0.2845230533659259,1.0528984555151957,0.41092447746322436,0.2810900538584153,-0.4240752283937423,0.11911654712100567,1.208835066835255,1.1257411935883943,-0.18919534165903037,0.0048590705157216954,0.46910040341216874,1.6323925093926632,-0.4721380960602664,-0.23415668868592918,0.7250361495699734,-0.5331393675484766,0.8874560353461596,0.2486987168462935,-0.32263870778369186,0.6460286472915677,0.32443952626946726,0.12435418984384068,0.8678352298685389
TCGA-50-6594-01A,0.006223551364685465,0.036679762941628224,0.0,0.5002564071863382,0.0,0.0,0.0,0.0,0.0,0.0,0.0,0.0,0.011242181331735396,0.013276238042176721,0.0,0.0,0.0,0.0,0.035549251550154023,0.0,0.0,0.0,0.007155772498634928,0.0,0.0,0.0,0.0018069617529668518,0.0,0.0,0.0,0.0,0.13578092184444993,0.0,0.0,0.0,0.0,0.0,0.027451181967108856,0.0,0.0,0.0,0.0,0.02409534191822874,0.0,0.0,0.0,0.01599136360600358,0.0,0.0,0.0,0.0,0.0,0.0,0.009956852125305423,0.030213362893411748,0.0,0.0,0.0,0.01565610349238963,0.0,0.0,0.0,0.0,0.013264789432221384,0.0,0.0,0.0,0.0,0.0,0.0012861417820155144,0.0,0.0,0.01186294660472393,0.0,0.0,0.0,0.0,0.0,0.0,0.0,0.0,0.0,0.0,0.021767169670699166,0.031830768535022896,0.0,0.0,0.048652929460099276,0.0,0.0,0.0,0.0,0.0,0.0,0.0,0.0,0.0,2.682145076373832,Lung Adenocarcinoma,0.936591847361742,-0.16726175084429057,0.0206103300537938,0.18393277070333058,0.2093237028521511,-0.37006630970730253,0.16169021706839648,-0.3766811501891229,-1.3115410607523528,-0.03953770406052616,-0.2590012133852413,0.6981553105528028,0.5731082876746164,-0.06577152187320766,-0.7768566253726779,-1.1852962743010662,1.059905125075431,0.2214810830763598,1.7106713086991314,-1.1259481262303657,-0.5908340991849433,-0.38472854720866,-0.5850200949422182,-0.7403655836920886,-0.4009843277974068,-0.11641446068451203,-0.07987200334856105,-1.1292267990019187,-0.3795053953036805,0.2051796364437523,0.43955506276022926,0.46059337370200404,0.8976677978205443,-0.32602319532249746,-0.4676126264876147,1.0349905795815413,-0.13996650909846586,-0.3627390436589099,1.7652920154850686,-0.336501341080903,2.0982949817963443,0.3523571723723035,-0.05907381937948963,-1.0272864176637038,-0.5487626375054432,1.6496684016755796,-1.0306500581979134,0.011538705835365617,-2.062558032529806,0.3538329695936118
TCGA-50-7109-01A,0.013046693682740555,0.0,0.0,0.3928974706808614,0.0,0.04847758100637296,0.002008522844134596,0.04818554271967148,0.0,0.0,0.0,0.0,0.0,0.009312595920418226,0.0,0.0,0.0,0.0,0.011900001688074422,0.0,0.0,0.0,0.0,0.0012685310954147113,0.030063641381055706,0.0,0.004197452100737656,0.0,0.0,0.0,0.0,0.07037536405475193,0.0,0.0,0.0,0.0,0.0,0.0022230232767883338,0.0,0.0005316874521290456,0.0,0.0,0.0,0.0,0.0,0.0,0.11178480578716239,0.0,0.0,0.0,0.0,0.039825988555761034,0.005345022971410753,0.0,0.0,0.0,0.0,0.0,0.026783824105481364,0.0,0.0,0.0,0.03507363133878013,0.052813722775994505,0.0,0.0,0.0067898381501567216,0.018965399294216402,0.0,0.0,0.0043304156214612225,0.0,0.0,0.03212508845976614,0.0,0.0,0.0,0.0,0.0,0.0,0.0,0.0,0.0,0.0,0.0,0.0,0.03167415503665836,0.0,0.0,0.0,0.0,0.0,0.0,0.0,0.0,0.0,0.0,2.3909351071033793,Lung Adenocarcinoma,-0.4010817735222014,0.12388230321769891,0.39822951320657535,0.837035284202226,-0.8847792301837337,-0.7682273156467997,-0.47617418131552075,0.26693364343040954,0.06569921734842457,-0.5145511441020103,-0.0635354284539549,0.1723312396913102,0.16752605476932722,-0.17369524215372037,-1.065133163508856,-0.5589240209068971,-0.398539582346916,0.1851179634645408,-0.4475730411467162,0.23948254459147408,0.8872352653029597,-0.5829125523645275,-0.3022326103326771,0.02981805732768176,-0.19400363933058895,-0.2730386937626308,-0.041973238454102044,-1.2886183211290896,-0.2797869495818009,-0.31420501740460616,-0.1394829774918767,0.19069799154908398,0.04749704365761034,-0.6349794596661164,0.3355586450519201,0.08796370929737078,-0.7824871231488768,-0.9694046805363402,-0.53346899996408,0.26675150396658537,0.6175779527707954,0.006832872641323147,0.5845107853609545,0.5651179606993324,-0.42290357646407745,0.09716034638640267,-0.11442177693435038,-0.05874604540356566,1.2735932450687837,-0.5743819316868551
TCGA-53-7624-01A,0.012765034528077215,0.061875107975504905,0.0,0.3473211076461978,0.0,0.011080780430530054,0.023758030234320767,0.0,0.0,0.0,0.0,0.0,0.0,0.02565092398630344,0.0,0.0,0.0,0.0,0.07902382897721993,0.0,0.0,0.0,0.004491608728992344,0.0,0.0,0.0,0.011660263689449791,0.0,0.0047147936631317605,0.0,0.0,0.07927561156204338,0.007531726711762233,0.0,0.0,0.0,0.026089772198730043,0.0,0.014330818549537336,0.0,0.003234231694989882,0.0,0.03816115808751583,0.0,0.0,0.0,0.061676382452241836,0.0,0.0,0.0,0.0,0.0263302347954379,0.0,0.0,0.0,0.0,0.0,0.0,0.017759591880699047,0.0,0.0,0.0,0.0322873611234603,0.0034273816025337106,0.0,0.0,0.0,0.0,0.003094932478018921,0.002390026447414166,0.0,0.0,0.0,0.0,0.0,0.0,0.0,0.0,0.0,0.0,0.0,0.0,0.0,0.038798679794476314,0.01973738862585391,0.002690020824321588,0.0,0.040843201311235665,0.0,0.0,0.0,0.0,0.0,0.0,0.0,0.0,0.0,2.9079485216122722,Lung Adenocarcinoma,-0.9034989470386277,-0.35215843203858005,0.20005508961560067,-0.5237342437365571,-0.8525905905150994,0.6463403204284545,0.03882358821311297,-1.0490831352914674,0.4375043419564629,-1.3069024280325567,0.0472934332613592,0.8189171282574421,1.5314429682127824,-0.5306762255705445,0.1436979599900769,0.35562578125206057,-0.9321398141871243,1.6572593698453542,0.4194406685285951,-1.7021887191386427,-0.7110828863360908,0.433472856724644,-0.6439268407192926,0.07074577306575566,-0.029298729543204224,1.549833949211239,0.9359599489437048,-0.10654752687213769,-1.2955604595792065,1.7461981213599294,1.5288639151004582,0.9100964061348691,0.7530860747958504,-0.6527746463722307,-2.1362512643720235,-0.2429017885936974,-0.1058333354628037,-1.382032445842801,-0.9780262489019784,1.2801895116917925,0.367915514955765,-0.09725264551275466,1.5440474385369973,0.3034865423522953,0.22423154609374263,0.8723424256608522,-0.5033835279645822,0.18461120270365394,-1.5707421925682448,-0.1813971685027299
TCGA-53-7626-01A,0.0021760553586884727,0.019684349918021152,0.0,0.36907135196869073,0.0,0.0,0.0,0.006001199156795399,0.0,0.004491927131573019,0.0,0.0,0.0,0.001962845910057147,0.0,0.0,0.011486060772347114,0.0,0.062246198610285436,0.0,0.002109240801924786,0.0,0.0,0.0,0.0,0.023209702637176838,0.0,0.002811738466364959,0.018183022533218806,0.0,0.0,0.0,0.0,0.0,0.0,0.00022956136318991448,0.0,0.0,0.0,0.0,0.005878624003821627,0.0,0.0,0.0,0.0,0.0,0.0,0.0,0.0,0.0,0.0,0.0,0.0,0.0,0.11252559706740109,0.0,0.0,0.0028586943981867767,0.01232935460443632,0.030619057349003387,0.02302710970878403,0.0,0.007688952772123374,0.008214436536579849,0.0,0.0,0.002733813221876556,0.0,0.025369944818909924,0.0,0.0,0.0,0.029981715294458977,0.0,0.0,0.0,0.0,0.0,0.0,0.0,0.0,0.0,0.0,0.0026803014344529783,0.009924630376595056,0.0,0.08652918632779193,0.09829629763292952,0.0,0.0,0.0,0.0,0.0,0.0,0.0,0.0,0.01767902982431483,2.5352941200427703,Lung Adenocarcinoma,-0.31663675258936336,1.423370977203535,1.2490390898740413,0.2737642887498359,1.1020402424270086,0.5494072907164652,1.6092129985631338,0.6135724357736638,-0.4413152701323866,0.8159206420912091,1.5935929217354043,-1.5990469984942657,-1.1035148176133565,0.07257831450585409,0.6054480871969079,0.2942555246759469,-0.3982368196374272,-0.8723099837457066,-1.7537557460974715,1.4458880209407419,1.085119720681419,0.6012793395597992,1.68819778120365,1.7266219764495223,1.92337232507287,0.4775620742997953,0.9754681972221011,1.1680472852159616,1.602494861213854,0.2695512638896714,-1.369929421279016,-1.4399611075594951,-0.9573799334091568,1.1305648920881515,1.2394575842884563,-1.3771136077550719,1.0497567168754738,0.7759760959841764,-0.2558801446473476,0.2014660476257339,-0.02225361359628011,-0.6949379432881502,-1.2369711405256931,1.783586280943372,2.0258998295138024,-1.3362199948313964,1.4308855515744274,0.18589341821299946,0.40146324427365554,0.3598362263755719
TCGA-53-7813-01A,0.0,0.0,0.0,0.0,0.0,0.032796846161034815,0.0,0.0,0.0,0.0,0.0,0.0,0.0,0.002110622802990064,0.0,0.0,0.0,0.0,0.0,0.0,0.0,0.014784468430307594,0.0,0.0,0.0,0.009405816808509451,0.20227090617556445,0.0,0.0015543327894861562,0.0,0.0,0.06158350295666812,0.0,0.0,0.0,0.0,0.12562500614691358,0.0,0.0,0.0,0.0,0.013743539626765115,0.1526624147244631,0.0,0.0,0.0,0.0,0.0,0.0,0.0,0.0,0.0,0.0,0.0,0.0,0.0,0.0,0.0,0.011586896787831613,0.007226445703624594,0.0,0.025289335746995236,0.05126981410722976,0.0003036531754066249,0.0,0.009977971052027475,0.0,0.0,0.015223280852365219,0.0,0.0,0.0,0.01136682945114481,0.061541810746020185,0.0,0.0,0.0,0.0,0.0,0.0,0.0,0.0,0.0,0.060548291329787264,0.07981574218433642,0.0,0.0,0.04931247224052847,0.0,0.0,0.0,0.0,0.0,0.0,0.0,0.0,0.0,2.1271047983648077,Lung Adenocarcinoma,-1.5461541655744855,-0.1703177981249419,0.05807447570008933,-0.37319751753216684,-2.32795765197235,-1.784013018259847,-1.1129900293468744,-0.6867137493672426,0.5672078865031542,-0.8495557065379586,-0.35064345013278664,-0.0527044810364096,0.11546709411648019,-1.1371703620611378,-1.03170516050778,-0.20114893599943381,0.2876333343834169,0.07406159660406765,-0.5487087395323847,-0.17344796671556886,-0.24115449488292034,-0.8209338851661555,-0.5319124888016509,-0.06411254413899559,-0.4691437674423005,0.42732768176356606,0.36776273225495026,-0.6286128203421396,-0.6912091077436807,-0.9463655946117757,0.356051110131153,0.49963268359662144,-0.5659947061524154,-2.5259526213232246,-1.060895044487567,0.4250464516650789,-1.2163828323750532,0.40785875999658344,0.06206250263963909,-0.621077410695382,0.5755913751370926,-0.901967630897849,0.2466139834166778,0.19046433819307695,-0.3574870627883103,0.156389029667192,-0.6856236087476355,-0.33068226020254554,-0.6429684866628382,-1.3704792131414154
TCGA-53-A4EZ-01A,0.003073309189431135,0.0072594759728346,0.0,0.42172641201129096,0.0,0.02545208044781411,0.022611222839048373,0.0,0.0,0.0,0.0,0.0,0.019117856098215154,0.0,0.0,0.0,0.0,0.0,0.012036351115563004,0.0,0.0,0.0,0.00041487839089041464,0.0,0.0,0.0,0.014283027076393982,0.0,0.0,0.0,0.0,0.11105752365206514,0.0,0.0,0.0,0.0,0.0,0.04612046953669061,0.013647595762629652,0.0,0.016867929922908875,0.0,0.0,0.0,0.0,0.0,0.07846285841685259,0.0,0.0,0.0,0.0,0.0,0.0013360102379719786,0.0,0.04081888185675541,0.0,0.0,0.0,0.042383403771289366,0.0,0.0,0.0,0.0,0.0,0.0,0.0,0.0,0.0,0.0,0.0,0.0,0.0,0.018949682211196774,0.0077074256004572616,0.0,0.0,0.0,0.0,0.0,0.0,0.0,0.0,0.0,0.033810299620096344,0.06286330626960435,0.0,0.0,0.0,0.0,0.0,0.0,0.0,0.0,0.0,0.0,0.0,0.0,2.733999286538387,Lung Adenocarcinoma,-0.06485644098403638,-1.161540611667116,-1.154034270198756,-1.68077233783633,-1.645262196632964,-1.7338943690380562,-2.329102248779087,0.796610485297876,-0.18321026275546967,-1.7210723507873287,-1.3092057089344846,0.8785670830268586,1.085340734834356,-2.372662666936406,-0.1014563641058911,0.32705312130614606,1.0082208722007493,0.8700710540673664,-0.13387929423022477,-1.3283108474567127,0.24378104782381455,-1.2147043008056952,-0.8842721643388514,-1.4023028775086082,-1.4982895402760714,-0.8188725100785897,-1.2151911639107085,-0.5374200127614405,-2.1207609744780966,0.1369766673161647,0.7619178778150371,0.6763272188555058,1.183335766832875,-0.45632282731479795,-1.0495344863860097,0.8414660167517384,-0.8015909340804944,-0.6754259741559672,1.206616073535707,-0.5592539282940601,-0.7096888529617768,0.7312830312097757,1.3345270418307127,-1.848450158723891,-1.805864183478034,-0.31249088058359614,-2.356259331779091,0.20604229448458,0.9538772422403062,0.641449099896328
TCGA-55-1592-01A,0.0,0.01961708026984149,0.009733597232828965,0.22439302433779212,0.0,0.0065585855915868355,0.014812256829573269,0.010308929966254751,0.0,0.022499512503116513,0.0,0.0,0.0070011119257001025,0.009437988140436126,0.0,0.0,0.0003151069532349311,0.0,0.03511588866346431,0.007342875895006442,0.0,0.0030048038865322685,0.0,0.0005562551570535925,0.0,0.0,0.011629985461612974,0.006704491294589323,0.018842457098842788,0.0,0.0,0.12457614765415533,0.008203338073892097,0.0,0.0,0.0,0.0,0.04063205524696796,0.0,0.0,0.0,0.0,0.0,0.0,0.0,0.0,0.04303674622166358,0.0,0.0,0.0,0.0,0.038679831462291536,0.0,0.0017642448248033665,0.0,0.010783466703559537,0.0,0.006621061849262969,0.005770959504391154,0.021154906619002302,0.0,0.0,0.020687473331397567,0.03560449008096228,0.0,0.0,0.0,0.024879629935884523,0.0,0.0,0.015914954919194334,0.0,0.04862010496143197,0.0,0.0,0.0,0.0,0.0,0.0,0.0,0.0,0.0,0.0,0.04260647367468332,0.050498273050445006,0.006982037397423859,0.0,0.04407088858575065,0.0,0.0,0.0,0.0,0.0010389646953697497,0.0,0.0,0.0,0.0,2.6884198220027105,Lung Adenocarcinoma,0.5321096240583578,-0.32666787520604407,1.3144984960272867,-0.3021105128049103,0.11885617081617458,-0.707329788153688,0.633028465443258,1.688994869673183,1.4995665052869989,0.4615050949524945,0.0565683506359062,-0.5791054768180788,-0.3651654794240953,-0.5004340839420969,-0.08914657949859865,-0.06731005101290327,0.9506955286823887,-0.4162314027731795,0.7358719675692321,-0.10948304858101893,1.1840186858494441,0.169737150045385,-0.06769964217729277,0.3291058648077516,0.12765546797653335,-0.3037637831500513,-0.3075998599734393,1.324527138049297,0.0375305331512625,-0.5339960237721173,0.32698949701401264,-0.6158483593544184,-0.8859267672949617,-0.037967847920134176,-0.0009104253570242942,-0.2505074266887033,0.04457052721463742,-0.39890629728056193,1.425118096667495,-0.6356406604110519,0.9745026479575775,-0.03546302874531143,-0.23765013017334205,0.07488963074225241,0.06438632532594199,-0.7707599786164765,0.055528121331600844,0.7634406714532546,-0.33804063027998077,0.7179412568519653
TCGA-55-1594-01A,0.014493036545222377,0.16441678090702586,0.0,0.019951153275676134,0.0,0.0020699462192002357,0.0,0.0,0.021545752359505184,0.0005990256559004123,0.0,0.0,0.0,0.052448770523383995,0.0,0.0,0.0,0.0,0.14914347143407386,0.0,0.03451263911790266,0.0,0.0,0.006986291943779703,0.05772998596108974,0.0,0.017112670879513375,0.0,0.006895972447377427,0.0,0.017590964181829778,0.0,0.0,0.0,0.0,0.0,0.12330084747046216,0.0,0.004154460044933531,0.0,0.0,0.014393681334849702,0.05399492952659614,0.0,0.0,0.0,0.0,0.0,0.0,0.0,0.0,0.01244645578686949,0.0017278593386114293,0.0,0.0,0.0,0.0,0.0,0.015246125167276314,0.0,0.0,0.0,0.0058796432145661465,0.003928667787105327,9.43107870239001e-05,0.0,0.0,0.0,0.009658383111846207,0.0,0.0,0.0,0.045340285054233764,0.0,0.008115106455344656,0.0,0.0,0.0,0.0,0.0,0.0,0.0,0.019491403516459158,0.03735225034246396,0.03971919953944309,0.027085369049080554,0.0,0.012574561021353731,0.0,0.0,0.0,0.0,0.0,0.0,0.0,0.0,0.0,2.173186268412274,Lung Adenocarcinoma,-0.3929385093497509,-0.3143373832498443,-0.8301407916338608,-0.5825812491356863,-1.3155606426824138,-1.2563501360524274,-1.0749082382579367,-0.0655125437497197,-0.6502195294874888,-0.16792475378816094,-0.5696903807473771,0.5653299317110044,0.769525542481945,-0.7714527290760693,-0.5821568108039509,-0.9204423915233797,-0.3302981206957832,0.6562992370360347,0.09548950378507406,-0.6396922578586501,-0.6303376248243024,-0.6405725292747332,-0.9569115492239709,-0.6259061234596622,-0.7475861455708499,-1.518421481766959,-1.2097806471030161,-0.026350260113998915,-0.7444077505240926,0.11560554038054265,0.9115280879205082,0.651901767907462,0.1829773720439547,-0.8915219805542994,-0.47659273942049474,0.19080513022066756,-1.4617106559889321,0.33133147265807544,-0.18057123058478244,0.7124047683094602,1.1803709112285325,0.1352425074348858,1.088288272938649,-1.0885771658708505,-1.5577467764702002,0.9051422143298659,-1.1687718890594851,-0.11034361101565808,-0.8054653849757207,0.05279326766699454
TCGA-55-1595-01A,0.018600763568114794,0.02151075722948466,0.0,0.2082269572338769,0.0,0.0,0.0,0.0,0.0,0.0,0.0,0.0,0.0073408787810806805,0.0,0.0,0.0,0.0,0.0,0.006358925982547678,0.0,0.0,0.0,0.0,0.0,0.0,0.0,0.0,0.0027353463151755003,0.030532816147473732,0.0,0.0,0.3149709088421145,0.0,0.0,0.0,0.0,0.0,0.0,0.049469263849845,0.0,0.0,0.0,0.0,0.0,0.0,0.0,0.10944727408601237,0.0,0.0,0.0,0.0,0.0,0.0,0.0,0.057289569424642424,0.0,0.0,0.01886377799907665,0.0,0.0,0.0,0.0,0.07064966202424866,0.03220637914335269,0.0,0.0,0.0,0.0,0.0,0.0,0.0,0.0,0.0,0.005527119463077765,0.0,0.0,0.0,0.00116871539183544,0.0,0.0,0.0,0.0,0.0,0.04510088451804063,0.0,0.0,0.0,0.0,0.0,0.0,0.0,0.0,0.0,0.0,0.0,0.0,0.0,2.481442628502305,Lung Adenocarcinoma,-0.567302723262458,-0.2046366041491133,0.0031708478067144466,0.3371974403348066,0.39638560806654843,0.08553322545282734,-0.0731617644368585,-0.6479974856977057,-0.5482249387673186,0.2823843660888194,-0.28815730746769347,0.34777231005815645,0.0980619667262956,0.4288091506971376,-0.3557190620526502,-0.5200497182372367,-0.25283163565571826,-0.1423489830561078,-0.5707274889446027,0.22173967041419482,0.2385950410834372,-0.5876961602740761,0.14680728270110488,0.3688660858412328,-0.17986061888294222,-0.10033290673476215,0.010844100513714193,-0.2221735280409472,0.2470835230574931,0.08156501491132151,-0.814450935449997,-0.08735734046311185,0.015172203338597909,-0.037808562320872326,0.6483719277604453,-0.43197005832966834,0.32626965544560343,-0.431556671753784,-0.7853444335272467,-0.4891175676986262,-0.32275343342055196,-0.8913359365254644,-0.3210973396721331,0.2263613446302149,-0.1313234301298862,-0.6742818767888122,0.17488899810999875,-0.2753576630710699,0.14639714997114686,-0.6394012824917557
TCGA-55-1596-01A,0.011426753054746898,0.0,0.0,0.25194376055322026,0.0,0.0,0.05694485749691473,0.013195410065823854,0.0,0.02367272444605365,0.001325505563076176,0.0,0.020466149132776223,0.0,0.0,0.0,0.0,0.0,0.005228240556298389,0.0,0.03205968993538152,0.039657037681622515,0.0,0.0011456277886581691,0.0,0.013226018425913633,0.0,0.0,0.019940389023253603,0.0,0.0,0.16260115365938985,0.0,0.0,0.0,0.0,0.0,0.0,0.0,0.0,0.0,0.0007897232094880503,0.026800177129039253,0.0,0.0,0.0,0.016730935642044087,0.0,0.0,0.0,0.0,0.0,0.0,0.0,0.0,0.0,0.0,0.004150972763615588,0.0004619475038534925,0.0,0.0,0.0,0.011872266157464905,0.11992235550103286,0.0,0.0,0.0,0.0,0.003224539970029942,0.0,0.0,0.0,0.05550017844500672,0.0,0.0,0.0,0.0024266978462454854,0.0,0.0,0.0,0.0,0.0,0.010782243589776464,0.011605027972571931,0.027978195637486755,0.029499222141747636,0.0,0.0,0.0,0.025422199107467243,0.0,0.0,0.0,0.0,0.0,0.0,0.0,2.271841606536499,Lung Adenocarcinoma,0.9316142178772662,-0.6184968779005674,0.08525152053416903,-1.4921517862274698,-1.3206165623167436,-0.5083962840430335,-0.4004102845798322,-0.5338145768939637,1.447878534470769,-0.599482420325761,-0.357647551481665,1.1366145086665111,1.1322343215223991,-1.3942660641156583,-0.43166229997689465,-0.426605439040742,1.3087117271663935,0.7137483259199462,1.1123735992521195,-0.5747381757445398,-0.09295562968126667,-1.3559989458194208,-0.5552895195560525,-0.43896842059261937,-0.753298770735622,1.6340906101661896,0.8405179406807015,0.4150308530027472,-0.7742417652087904,-0.46523612478391646,1.5828347098082747,0.930383111811341,0.9114993269717211,-0.9360376196642147,-0.5465758236685677,1.2194406944682066,-0.8998364108380531,-1.4266253397008732,0.736522701812873,-1.3006418237527666,0.008818558868755124,0.31658069307087516,1.1780500173961805,-2.9110211415230873,-1.0712973054579107,1.7419486761761132,-2.387678094071804,0.7189895141716881,-1.2694925364499738,0.7033125017035533
TCGA-55-5899-01A,0.02082403481919054,0.09962093422285916,0.0,0.3687549785008625,0.0,0.0,0.012857635479729266,0.0,0.0,0.0,0.0,0.0,0.0,0.017196209597684007,0.0,0.0,0.0,0.0,0.08769941027789963,0.0,0.0,0.0,0.003942741663298728,0.0,0.0,0.02580109340307529,0.0,0.0,0.011038182825615082,0.0,0.0,0.10300174975898183,0.0,0.0,0.0,0.0,0.0,0.006968821332026612,0.0,0.0,0.0,0.0,0.0,0.0,0.0,0.0,0.015475411209715973,0.0,0.0,0.0,0.0,0.02886609761815588,0.0,0.0,0.04365915014073166,0.007198856404843599,0.0,5.7093833398556726e-05,0.020340516365576978,0.0,0.0,0.0,0.0,0.003855133557576908,0.0,0.0,0.0,0.0,0.017537707116469556,0.0,0.0,0.0,0.0026876471732391743,0.0,0.0,0.0,0.0,0.0,0.0,0.0,0.0,0.0,0.0,0.024825947753191278,0.03682908158484702,0.0,0.0,0.04096156536103088,0.0,0.0,0.0,0.0,0.0,0.0,0.0,0.0,0.0,2.6570558528571038,Lung Adenocarcinoma,1.0757919527390962,-0.1947374763528414,-0.4333814259071647,1.1670573957281545,-0.008045460255473974,-1.3643459177229311,-0.5000366949031345,1.852242915172425,0.16508060401056135,0.3935033267838794,-0.31124703185884445,0.6788228229892553,1.050539282230455,0.3803156153993376,-0.5182682872623693,-0.02777430238836687,1.5757515868756726,0.9479277591759456,1.170918803345159,1.629297366177393,-0.7000353785802617,-0.5913404592339098,0.03832509536172343,-0.5927331195475004,-0.846486815448553,-0.8292688436378639,-0.5112855785492472,-1.0340365200045485,0.3817632765657958,0.26273165704181695,1.6074914172856098,1.0262939368708153,1.119507962511316,0.30777913571300136,-0.6793778078204716,1.3242045885410527,-1.3071184350296643,2.119277504511858,1.585594600023398,1.4179891305733823,1.4076388709628755,1.2513199827168813,1.5007139279945425,-0.19230326487144286,-0.8550883703370414,0.4497781082731009,-0.468113788401112,1.070088650902066,1.6803735652478613,1.8764622151461599
TCGA-55-6642-01A,0.0063759924625209265,0.0,0.0,0.4047062907844556,0.0,0.0,0.04725145441529328,0.0,0.0,0.0,0.0,0.0,0.022735026847417933,0.008730937435874189,0.0,0.0,0.0,0.0,0.0095388212006648,0.025757441508868644,0.0,0.0,0.0,0.018101095107530732,0.0,0.0,0.02969470582494976,0.032028816159840615,0.0,0.0,0.0,0.0,0.0,0.0,0.0,0.0,0.0,0.0,0.0,0.0,0.0,0.0,0.05380353081131067,0.0,0.0,0.04037881034096571,0.0,0.0,0.0,0.0,0.0,0.09310232522957654,0.0,0.0,0.007232585159123431,0.0,0.0,0.009387860461002102,0.004600817940280963,0.037701993327861005,0.0,0.0,0.015306630668892419,0.0001404489117052777,0.0,0.0,0.0,0.0,0.0,0.0,0.0,0.0,0.0,0.05067004538237183,0.0,0.0,0.0,0.0,0.0,0.0,0.0,0.0,0.0,0.0,0.05867749259934703,0.0,0.0,0.024076877420146463,0.0,0.0,0.0,0.0,0.0,0.0,0.0,0.0,0.0,2.0969100130080562,Lung Adenocarcinoma,-0.8666403269258288,0.4800368111295804,1.03651169325249,1.5935265327395505,1.1268268241506385,0.6298465304750235,0.04709591303765723,-0.5983831806097565,-0.2784581892921453,0.7831998309940481,0.4008027718890313,-1.5771934864309467,-0.667721042677832,1.4856613446951228,-0.15920698966759722,-0.6142606648980891,-0.8935482342553566,-0.400543142151235,0.04975550616465265,1.1691329581333483,0.7933406033173105,0.9501141122584021,0.580080564694196,0.20046593389469666,0.43480288293819624,-0.19182387173385876,0.23506970858309525,-0.40955436859850014,0.8284540147610809,0.34527616251905746,-0.16511779614901761,-0.9022121736998248,-0.9443690318911848,0.9417417124540108,1.3963611448344597,-1.2473007665572302,-0.7075008481758157,1.0035778789586562,-1.09685328909454,0.2651939656914297,0.49942824748885956,-1.2467192161585008,-0.49074773711604047,0.44178173164164003,-0.10931127160881955,0.2133775435044277,1.218996881754575,-1.0718275199472806,0.7530435958209747,-0.9418293229559955
TCGA-55-6712-01A,0.03394039798224499,0.15648057886286895,0.0,0.10323341522134742,0.0,0.04583715892404293,0.08384415935271262,0.0,0.0,0.0,0.0,0.0,0.0,0.0,0.0,0.0,0.0,0.0,0.2335738099713643,0.0,0.002772572205574404,0.0,0.0065100374251317065,0.006513330105333706,0.0,0.0,0.0,0.0,0.0,0.0,0.0,0.00463778859987206,0.0,0.0,0.0,0.0,0.0,0.0,0.0,0.0,0.013055900641671097,0.0,0.0,0.0,0.0,0.0,0.05571759935996642,0.0,0.0,0.0,0.0,0.0,0.0,0.0,0.0,0.0,0.0,0.0,0.0,0.0,0.0,0.0,0.0,0.0,0.0,0.0,0.0,0.0,0.050760129430703835,0.00748134878770523,0.0,0.0,0.0,0.0,0.0,0.0,0.0,0.0,0.0,0.0,0.0,0.0,0.0,0.023582868305184187,0.026894217230576792,0.10093000233032841,0.0,0.044234685263371015,0.0,0.0,0.0,0.0,0.0,0.0,0.0,0.0,0.0,2.1172712956557644,Lung Adenocarcinoma,-0.5054292726802024,1.4153832795288135,0.6008228135200794,0.6293579829265921,1.0100072689387287,1.0055284418996007,1.5493914125831,-0.20347254158689954,-0.3624143216458278,0.957960226241145,1.2478657397556572,-0.6545749446677558,-0.07346370093032148,0.3802931033114448,0.054777793353788316,-0.02813453949636728,-0.37551735015041554,-0.015482936355090175,0.6559671226484628,0.32220911146990067,1.0883227152536314,0.5376804287021211,0.9597404979355844,0.8365478775814389,1.0254949893102725,0.7424430344831545,1.0943555579072295,-0.010107680382245963,1.3425899257123084,0.3943985123885603,0.03670537201850754,-0.5266427916872453,-0.7831863620105994,-0.8672783677607033,0.6804131662067353,-1.064050225649819,0.5341573305536602,0.10128634358088665,-0.646070032532001,0.33187619844023303,1.0646175217540994,0.28246329411306786,-0.9414950699265346,0.9104664150919439,0.7176869218933928,-1.099426008001997,0.9644391345878616,-0.8242566290256778,-0.45812888055925605,0.303301325992224
TCGA-55-6968-01A,0.01600338463892199,0.23462780526921215,0.0,0.04450207693569297,0.0,0.0,0.08478468109551386,0.0,0.0,0.0,0.003835943677285347,0.0,0.0,0.0,0.0,0.0,0.0,0.0,0.3047879671076423,0.043110614112670864,0.0,0.0,0.0025473318491944473,0.0,0.0,0.0,0.0059588039783805636,0.0,0.022924281016781695,0.0,0.0,0.08307113488259428,0.0,0.0,0.0,0.0,0.011081563672943957,0.0,0.0,0.0,0.003590556035288023,0.0,0.0010023025791685712,0.0,0.0,0.0,0.07420533134847511,0.0,0.0,0.0,0.0,0.0,0.0,0.0,0.0,0.0,0.0,0.0,0.013569527383934337,0.0,0.0,0.0,0.016284621593268073,0.010795252499619101,0.0,0.0,0.0,0.0,0.0,0.0,0.0,0.0,0.0,0.0,0.0,0.0,0.0,0.0,0.0,0.0,0.0,0.0,0.0,0.008969310861115224,0.010928250835808928,0.0034192586264881345,0.0,0.0,0.0,0.0,0.0,0.0,0.0,0.0,0.0,0.0,0.0,2.7067177823367587,Lung Adenocarcinoma,-1.3301533469176492,0.32773541391500066,-1.0825302942140325,-0.41446612680728306,-0.8216443804062226,-1.1108433513689877,-0.7785444363152024,-0.18666499524023913,-1.6388320782277626,-1.6428522005504707,-0.3534404353285291,0.5582835740624867,1.6917526893233052,-0.3554202614934661,-1.014413875941189,-0.8846474177562671,-1.2091786553393264,1.7950684494488003,-0.2744344583035918,2.01271773519538,-0.5140238366786329,-1.0012988525246806,-0.4291171405273542,-0.45309874346850854,-0.8226548304344402,-0.43998542422980047,-0.04571522077450731,0.3666140159715141,-0.39780625853814133,1.920548385597729,1.2579810381232477,0.9410745228302628,0.30905646878382015,-0.786080389050739,-1.79253897670406,-0.12660664175259734,-1.3869952248398354,0.7257670421819638,-0.2706365353564052,0.3072118889453402,-0.27242440187256245,0.6417919062106383,2.843552380325865,-0.329367100048842,-1.2924411196899552,0.19494895738464274,-1.0716709069224426,0.7954905735096495,0.7373946749491745,-0.7044803749055072
TCGA-55-6969-01A,0.0,0.0,0.0,0.4240023335023344,0.0,0.0,0.01907328573826743,0.0,0.0,0.0,0.0,0.0,0.0,0.008076554626753543,0.0,0.0,0.0,0.0,0.0,0.0,0.009677260972906922,0.0,0.0029518741791518467,0.007781467566793328,0.0233399066849702,0.006369848870047889,0.0,0.0,0.0,0.0,0.0,0.0023542872647132587,0.0,0.0,0.0,3.746921011018856e-05,0.0,0.0,0.0,0.056356446528765244,0.0,0.0,0.0,0.0,0.0,0.0,0.11744068340613097,0.0,0.0,0.0,0.0,0.0,0.0,0.0,0.0,0.0,0.0,0.018413117345797606,0.0,0.0,0.0,0.0,0.02112150617446181,0.023262961652435354,0.0,0.0,0.0,0.0,0.018851548093710757,0.0,0.007060808137167769,0.0,0.0,0.0,0.0,0.0,0.0,0.002566738392417441,0.0,0.0,0.0,0.0,0.0,0.05269689691429114,0.0,0.0,0.03835793344821577,0.13403408942980288,0.0,0.0,0.0,0.0,0.0,0.0,0.0,0.0,0.00617298186075418,2.59659709562646,Lung Adenocarcinoma,-0.6724487301432833,1.0263852862348015,0.019278236017138115,0.6453437386988239,-0.07197377117167034,-0.48216518686692794,0.8911774835419806,-0.5562328316358777,0.2274415810978007,0.028968283527954834,0.39116826621106926,0.1807418580370519,0.5632125802828217,1.1001902246753383,-0.620438890325808,-0.43257932062817045,-0.25127435541008875,0.6234466930928898,0.3317498233178682,0.5184434701457258,0.3272096589315076,0.968732727514029,0.7858858926829567,0.2575408591102739,0.6178921137035847,-0.06856499303007438,0.5014562967162272,-1.4093180371029252,0.8932060743223896,0.41941991078679264,1.3639214501543502,0.6706630470232743,0.27670848616892363,0.10654378975128291,0.8209193517284616,0.015462523497079442,-0.7485581414615966,0.4595406830050161,-0.8262092429934974,0.5490077578841305,0.10987421098379846,0.16537767305610038,0.7386578935522681,1.4987631849427554,0.37563567779040236,1.376842589712484,-0.23440893782819447,0.38731368388389276,0.7089508665422841,-0.3280547713803472
TCGA-55-6970-01A,0.0,0.04570928446319298,0.0,0.3259421592470568,0.0,0.0,0.0,0.0,0.0,0.0,0.0,0.0,0.0016649184520301928,0.0,0.0,0.0,0.0,0.0,0.025851875450533593,0.0,0.0,0.008489531781237009,0.004001577311573543,0.0,0.0,0.0,0.0248229904178063,0.009125817889264934,0.0,0.0,0.0,0.1964069544770222,0.0,0.0,0.0,0.0,0.0,0.0,0.0,0.0,0.0,0.0,0.0,0.0,0.0,0.0,0.0,0.0,0.0,0.0,0.0,0.08033997109757719,0.0,0.0,0.005273126800033626,0.0,0.0,0.024424302521414174,0.0,0.017212946197697882,0.0,0.0,0.0,0.03324122444381929,0.0,0.0,0.0,0.0,0.0,0.0,0.040601848199426256,0.0,0.0,0.042982986535118624,0.0,0.0,0.0,0.0,0.0,0.0,0.0,0.0,0.0,0.08687939556235103,0.022404091394451594,0.004624997758392829,0.0,0.0,0.0,0.0,0.0,0.0,0.0,0.0,0.0,0.0,0.0,2.173186268412274,Lung Adenocarcinoma,1.095701136391545,0.3191677831773665,1.1529344550899638,-0.2146368564435146,-0.09571403355178412,-0.923316929262827,0.1405658613048602,0.4521708795637403,-0.6230649527171997,0.49770733790587596,0.8665083329809368,-0.9625014068248,-0.2547005816533619,-0.6321085523688666,0.20082813826700951,-0.05664683051162728,1.164367355093914,-0.15003945355756393,0.09143652526598733,-0.2528434130134042,1.3818522111234646,0.5388824882689062,0.7119317646519853,0.42113164368538736,0.6361017985957088,0.14890933074370402,0.4292752290003451,0.606650537509335,0.4360793025891341,0.4577882368661147,-0.0286382209682719,-0.015461663281158876,-0.139431535496497,-0.5624899686349207,-1.0155586411182662,0.38679499546526563,0.305493398080513,0.5162268982121284,0.09508347688941378,0.026779310280870872,1.4509711322865428,1.29667221392788,-0.1017104710618331,0.3477550617197482,0.7706346330836241,0.37143470158119773,0.3830298343457025,0.2964267066113383,-0.10116474022490324,1.2708054316614912
TCGA-55-6972-01A,0.03044335992400137,0.2433817485297667,0.0,0.22446966830113943,0.0,0.0,0.04787800172426823,0.0,0.0,0.012835505549623547,0.0,0.0,0.0,0.0,0.0,0.0,0.0,0.009045496694405157,0.08951839191574701,0.0,0.0,0.0,0.0002658802839667817,0.0,0.0,0.0163303838446196,0.0,0.0,0.0,0.0,0.0,0.13885446629750633,0.0,0.0,0.0,0.0,0.0,0.04467159858925998,0.00020767506022150204,0.0,0.0,0.0,0.0,0.0,0.0,0.0,0.0,0.0,0.0,0.0,0.0,0.0,0.0,0.0,0.0,0.005879140016727822,0.0,0.0,0.014013672089540264,0.0035876109508584933,0.0,0.0,0.0,0.010100300589560872,0.0,0.0,0.011925783086915987,0.0,0.0,0.0,0.005902001764974741,0.0,0.038781443442920685,0.0,0.0,0.0,0.0,0.0,0.0,0.0,0.0,0.0,0.0,0.018291383051789525,0.010657305634170392,0.0,0.0,0.0,0.0,0.022959182658015626,0.0,0.0,0.0,0.0,0.0,0.0,0.0,2.423245873936808,Lung Adenocarcinoma,-0.07097632227606797,-2.3125690377377994,-2.254079890391962,-4.84697507221855,-3.5598324074339533,-3.4464034916923714,-2.208789383172018,-0.11342073873717548,-1.2532652086405982,-2.640311141124086,-2.7704278880964885,1.1315979806556404,-0.5884760159021426,-3.9717255617276943,-0.9954455455090264,-0.5333301251935525,1.849132177624204,-1.2472774584299304,-1.9799762555838871,-2.0558540231707645,0.44293991597631877,-3.0979781990671977,-2.7843899627761184,-2.22670414179461,-2.3816261176528997,-1.6654658574335433,-1.9869940611592882,-1.3064465330106316,-3.118592662435824,-2.581489007299617,-1.9523302762086774,0.5656061805121192,0.36012910488207134,-2.4080546425233296,-0.9609587465922562,1.8262352276455194,-0.46848177562185944,0.7418082276108604,0.2866097537749083,-1.514732518237864,-0.03802707613277837,0.743598101729546,-0.8349496279062161,-1.8710985358981096,-1.798687919775236,-0.12618426728891283,-2.0870823991278646,-0.5600578621429416,-0.32806860637512814,0.30733544661465584
TCGA-55-6979-01A,0.0,0.019403706518481587,0.0,0.249750704578086,0.0,0.0,0.05902606481686977,0.0,0.0,0.0,0.0,0.0,0.0,0.02122650555431838,0.0,0.0,0.0,0.0,0.18181670469495517,0.0,0.001402684998728804,0.02073768409083934,0.0,0.0,0.0,0.0,0.0,0.01955739984549004,0.0,0.0,0.0,0.17061666624527486,0.0,0.0,0.0,0.0,0.0,0.0,0.0,0.0,0.0,0.0,0.0,0.0,0.0,0.0,0.11626142405679729,0.0,0.0,0.0,0.0,0.0,0.0,0.0,0.0026535116340445784,0.0,0.0,0.0010130704002391535,0.011396859325707775,0.0,0.04480800125130057,0.0021742075440159348,0.020697448560836586,0.0,0.0,0.0,0.0,0.0,0.01312984551857294,0.0,0.004951661346147896,0.0,0.0,0.0,0.0,0.0,0.0,0.0,0.0,0.0,0.0,0.0,0.0,0.023075549751263785,0.016300299268029488,0.0,0.0,0.0,0.0,0.0,0.0,0.0,0.0,0.0,0.0,0.0,0.0,2.0253058652647704,Lung Adenocarcinoma,-0.4842496463471791,1.9394965215284106,0.9536862872113308,1.255519780177048,0.8951622208906819,0.5169271687638841,1.407220489417127,-0.27809347080315927,0.29342598924632035,1.5122359200066948,1.9557497938587127,-0.37014190509979705,0.17443075878490683,0.9874166991432176,-0.0813701479437381,-0.11260420189404385,-0.3080772590201651,0.11491842582534167,-0.1128537331473516,0.3551206971131949,0.5924023086912491,0.1652893507343036,1.9921841549825805,1.9086707562715632,1.8239728709149885,1.5510925697055613,1.9512717695078716,-0.2436966827416446,1.9812157019986232,0.6250206308251828,0.4266145952075379,-0.32344767619011444,-0.7832238365874271,-0.03834347781368272,0.8194720431039092,-0.47938285666264085,0.24077349101093556,0.9496154718121864,0.0006279490586125281,0.4884934436806427,0.005214249861194842,0.06300490837492043,-0.13022780399917924,0.6182042354355693,1.1508858824627157,-0.07885687500357692,0.7376027206653202,0.48697719858034955,0.09904960171752673,0.4802433639118016
TCGA-55-6982-01A,0.04126621170848478,0.28755429820571027,0.0,0.0,0.0,0.0,0.0,0.012684827887808855,0.0,0.0,0.0,0.0,0.0,0.0,0.0,0.0,0.04365878748852111,0.0,0.3169850478326336,0.0,0.005509398426480527,0.0,0.0,0.0,0.0,0.01020030261353367,0.01312408982533107,0.0032795852829169696,0.0,0.0,0.0,0.0,0.0,0.0,0.0,0.0,0.0,0.0,0.0,0.0,0.0,0.0,0.021003633835723977,0.0,0.0,0.012214500542920113,0.0,0.0,0.0,0.0,0.0,0.0,0.0,0.0,0.0,0.0,0.0,0.004682786974178331,0.0,0.0,0.0,0.0,0.0,0.0,0.0007991353428524446,0.0,0.0,0.03799964299206434,0.031121950169297603,0.002250288729073737,0.0,0.0,0.01115424915910454,0.0,0.0,0.0,0.0,0.0,0.0,0.0,0.0,0.0,0.0,0.0,0.016410142618157843,0.004867791174512703,0.0,0.0,0.0,0.10840442175414236,0.0,0.0,0.014828907436551247,0.0,0.0,0.0,0.0,2.3324384599156054,Lung Adenocarcinoma,0.5412735795956054,0.671664032112838,0.8584293338443352,0.8540202214944576,1.305388799739754,0.3415994037599787,1.2354400386780382,0.9120854919431605,1.7846851241673243,1.2650150409948933,1.266766388389563,-0.797913182945345,-0.2588788704941567,1.330348293482714,0.1720155138070379,0.4444279670168902,0.6102647188498663,-0.21648320976044813,1.2769770143194268,0.4403365234163396,0.04458565577761157,0.8551440998505704,0.8687140393857851,0.758409717299653,1.0356845110785893,0.884422205798208,0.9114445810399604,-0.5263288712857112,1.2873392686698384,-0.04055602558499368,1.1049997607226356,-0.2638724898727325,-0.12562693706342457,0.600632877342747,0.02143624975776652,-0.27194780986315115,0.8175368600941473,0.5952449726031434,1.1814308401652571,0.16991845522932147,1.099530139404072,0.9256017785891439,-1.0022771018199454,0.48011813821805077,0.5872372862452226,0.11173762444583231,0.5094127871594775,0.5779204665431853,-0.48653163589206483,1.076141842705298
TCGA-55-6983-01A,0.0,0.019636926188710314,0.0,0.060925847311000654,0.0,0.04361980050611031,0.0,0.0,0.0,0.0,0.0,0.0,0.0,0.05525666079656844,0.0,0.0,0.0,0.0,0.008814791219799181,0.0,0.06390277744549341,0.0,0.0,0.0,0.0,0.0,0.0,0.0,0.010665324246377566,0.0,0.0,0.07855590011287729,0.0,0.0,0.0,0.011609835196509941,0.0,0.05365345516195832,0.0,0.0,0.0,0.0,0.0,0.0,0.0,0.08536081675909275,0.036443808048333505,0.0,0.0,0.0,0.0,0.0,0.0,0.0,0.0,0.0,0.0,0.014479865301025747,0.04574958206137981,0.0,0.0,0.0,0.03430460822882817,0.005221813835483321,0.0,0.0,0.0,0.0,0.0,0.0,0.0,0.0,0.0,0.032774104910464785,0.0,0.0,0.0,0.009421560562825414,0.0,0.0,0.0,0.0,0.0,0.0581997093195318,0.0,0.0,0.031209504461237436,0.22609721108078418,0.0,0.01409609724560754,0.0,0.0,0.0,0.0,0.0,0.0,0.0,2.0211892990699383,Lung Adenocarcinoma,-0.04462826155670038,0.5671266039693986,0.9228847898179119,0.7089954396911936,0.35865315025703703,-0.1112074010172077,0.6227885161464265,0.7039386619363417,0.1864957491431923,0.9073579996845709,0.4854168626333978,-0.9537173775134588,-1.1899712184498672,0.6688224062166234,0.7627663642368004,1.2878105545224185,0.4384039384186831,-1.1395214074580724,-0.17325697126319692,0.5122590058103961,0.7764659576690447,0.3215542446077363,0.7305169057329962,0.40703371704846464,0.3122178321259527,-0.5973250337933204,-0.13854146846205098,0.8366369812964162,1.1931559946275492,-1.0591263360702798,-0.19356906630923779,-0.45847922128181967,-0.6014880869924416,0.8544444428222581,0.6431474364879888,-0.08925566705389304,0.8933196804460589,3.2709297861808886,1.153055160339731,-0.3991178079350771,-0.24659728106016723,0.5002023956950818,-0.9787996001147381,1.7322921939753009,0.8084763071535573,0.15706711637873644,0.532510323871851,0.38054259918276806,0.40896032131710985,0.5979063579714049
TCGA-55-6985-01A,0.0,0.0,0.0,0.5236309267456564,0.0,0.033572214470697456,0.0,0.030571571412623,0.0,0.0,0.0,0.0,0.012320748171803267,0.0,0.0,0.0,0.003054996430896268,0.0,0.0,0.022405918957865745,0.005186327163109601,0.0,1.8803939663157915e-05,0.0,0.07627455995326775,0.01639577138163588,0.0,0.006345457319083795,0.0,0.0,0.0,0.0,0.0,0.0,0.0,0.0,0.0021119926245057527,0.0,0.02128951456405033,0.0,0.0,0.0,0.026650804592711283,0.0,0.0,0.0,0.04020169482028796,0.0,0.0,0.0,0.0,0.0,0.0,0.0,0.0,0.0,0.0,0.0,0.01116984759933656,0.0005867628341073665,0.0,0.0,0.027176992408942818,0.001313420162483931,0.0007778352635540646,0.0,0.0,0.0,0.006046927740651263,0.0,0.0,0.0,0.0,0.001478912694926028,0.0,0.0,0.0,0.0,0.0,0.0,0.0,0.0,0.0,0.0,0.02209406071628226,0.0,0.016234672652161285,0.044067211191889645,0.0,0.04902205418780735,0.0,0.0,0.0,0.0,0.0,0.0,0.0,2.6424645202421213,Lung Adenocarcinoma,-0.9055150880092977,0.8858782681935157,1.4797716754409496,1.181437229136278,1.4253346696503804,1.0911812549138842,1.7106988152436762,0.4839593950417504,0.06536529419714708,1.0002014889193893,1.0955566156047645,-1.2312383055936167,-0.5018954688394006,1.113669573221082,0.7261985257337533,0.7638556380067144,-0.6793313710220636,-0.27749526413864695,0.6498732348300567,1.1608721339246815,1.364172326519616,0.7770012055485305,1.5071249017844255,1.1940198187257174,1.476869985320328,0.5488406151894932,1.057929881762187,1.0717568277231762,1.2647724211642881,0.23392734235913393,-0.3547138468123596,-0.7386990965083652,-0.8081230210481904,0.7106651942690051,0.9574054826678778,-0.9367387668961628,1.0774330771936989,0.4741537590783379,0.5021517668436077,0.15002017711642363,-0.3755227366021063,-0.09742383407943776,-0.1305125576930369,1.3647164094936188,2.110516627150466,-0.3338745983034077,1.2599427715673257,0.5179136735614315,0.4968640341125865,-0.03889087345647496
TCGA-55-6987-01A,0.0065802927059631505,0.07686975858368647,0.0,0.018154190149300087,0.0,0.0,0.017779798669304132,0.0,0.0,0.0,0.0,0.0,0.02126810495071718,0.01466667004311896,0.0,0.0,0.0,0.0,0.17515743151288968,0.0,0.005876847114451741,0.0,0.0039464419795829445,0.004371354909593256,0.0,0.07272762076261724,0.0,0.0,0.02662886062023422,0.0,0.0,0.12395318127072383,0.0,0.0,0.0,0.0,0.12906774805631055,0.0,0.0,0.0,0.0,0.0,0.0,0.0,0.0,0.0,0.11968989060494839,0.0,0.0,0.0,0.0,0.0,0.0,0.0,0.07424063295283823,0.0,0.0,0.0,0.0,0.0,0.0,0.0,0.023737161193284968,0.03840125635821981,0.0,0.0,0.0,0.0,0.0,0.0,0.0,0.0,0.0,0.0,0.0,0.0,0.0,0.0,0.0,0.0,0.0,0.0,0.0,0.024323829029698294,0.01450177917517658,0.0,0.0,0.0,0.0,0.0,0.0,0.0,0.008057149357340367,0.0,0.0,0.0,0.0,2.225309281725863,Lung Adenocarcinoma,0.032428660921904474,2.1049409560894095,1.2044169682932422,0.2533364128745748,-0.40813293785505933,0.36700569872944266,1.22067702369257,0.19827657782199826,-0.12435135420566064,0.23693127877919484,2.0373908504328266,-0.39795385275036643,-0.0992379540887098,0.007099264705881933,-0.33425503490478814,0.025459539354600685,0.017881882864393274,0.023721829734273316,0.005460370362265936,-0.2702191469049307,0.8501076788996788,0.6053376262380666,1.8028936483715128,1.7518763908974655,1.4897354774658365,0.9849586092264185,1.5906006112273676,-1.1497507508846152,1.0594888878921305,-0.22327396337222963,0.9813489500358327,0.518478070818195,0.4170183305222033,-0.6684259526843139,-0.9094352678085119,0.15184200361582176,0.2869679575957595,0.45719620408320133,-0.5237480887362055,1.8729259086254528,0.841405589657662,1.239678163334479,0.05011576441076389,0.832352296092968,1.0869413695980392,0.7241532365249359,0.28571565431301527,0.5377549511628588,0.348233181887098,0.35080894697235404
TCGA-55-7227-01A,0.05389183960797786,0.053031304034406014,0.0,0.32915899530516785,0.0,0.0,0.0,0.0,0.0,0.01630106112554853,0.0,0.0,0.0,0.008270062789506621,0.0,0.0,0.0,0.0,0.004140570180273561,0.019813883014536175,0.0,0.0,0.01240244343885671,0.004241560113769812,0.0,0.01433527145772748,0.018271656969444976,0.0,0.0,0.0,0.0,0.0,0.0,0.0,0.0,0.0,0.0,0.0,0.07377758401204242,0.0,0.0,0.0,0.0,0.025278593608807295,0.0,0.0,0.0,0.0,0.0,0.0,0.0,0.0,0.0,0.0,0.04300905462942208,0.0,0.0,0.0,0.0124342926100389,0.0,0.0,0.0,0.0,0.039367871892047365,0.0,0.0,0.0,0.0,0.0,0.0,0.0,0.0,0.03739564795455484,0.07920342076407684,0.0,0.0,0.0,0.025574267428409615,0.0,0.0,0.0,0.0,0.0,0.002797132968242984,0.0,0.0,0.0,0.1273034860951421,0.0,0.0,0.0,0.0,0.0,0.0,0.0,0.0,0.0,2.2041199826559246,Lung Adenocarcinoma,-0.23910115698703746,1.0521455872460166,0.6742948518764018,0.9332133619327285,1.354906843052626,0.3614219541105097,1.1791909938061471,0.5617243876386631,-0.3404656490842188,0.8947589729184888,0.9784534124772765,-0.5635652321814122,-0.8172388374201047,0.8271685698250164,0.16804477244731972,-0.011827161353948788,-0.4297875154456259,-0.6942642336480007,-0.07734134142876853,0.8944461382219281,1.247657787954454,0.3549061754497461,1.160028425348071,0.9734272368970172,1.0812956630127748,0.8115820582590749,0.9405126771765207,-0.46314490022554966,1.2863144352931188,-0.19606138312625565,-0.6014602703937675,-0.5089927465648872,-0.6145422566905341,0.6777429941974709,1.674803968013015,-0.643098353991245,0.6890699291140505,1.635907961932733,0.7092146479678438,-0.32473310805254824,0.13618564793383753,0.32643816614121063,-0.9523889953767964,1.3957505563065915,0.6438017201255464,-0.8829044980727314,1.165193846139899,-0.3196506055941236,0.43482465946966875,0.1205864065029899
TCGA-55-7281-01A,0.0,0.0,0.03125040732250637,0.3188894987467363,0.0,0.0,0.08609923118095275,0.004292706319022363,0.0,0.0011349640170951643,0.05665854731506971,0.0,0.0,0.0010641947563652086,0.0,0.0,0.0,0.0,0.032469059829360165,0.007286037128925868,0.0,0.0,0.005717825855738232,0.0,0.0,0.0,0.012031427587132887,0.01515893717429137,0.0,0.0,0.0,0.06849660716952392,0.0,0.0,0.0,0.0,0.021469796022447224,0.0,0.01978856129411759,0.0,0.0010910290355469689,0.0,0.0,0.0,0.0,0.0,0.09283173912498048,0.0,0.0,0.0,0.0,0.0,0.0,0.0,0.0,0.0,0.0,0.010012581355792213,0.05830288269495538,0.0,0.0,0.0,0.01248104707915675,0.0,0.0,0.0,0.0,0.0,0.0,0.0,0.0,0.0,0.0,0.0,0.0,0.0,0.0,0.0,0.0,0.0,0.0,0.0,0.0,0.06295199990452967,0.009319059969670286,0.0,0.004759058183652556,0.0,0.0,0.0,0.0,0.021542894773819682,0.0,0.04489990615861078,0.0,0.0,0.0,2.60959440922522,Lung Adenocarcinoma,0.2762359956618928,1.0858672278989607,-0.19821741798684978,0.7882988771275973,1.1017804336031063,0.7207029383939202,1.6609554396861868,0.3071064462898928,0.8284316279110377,1.4354813899925074,1.1743968264919584,-0.3313523630374123,-1.0768053469367742,0.7889626747395868,0.4333998287891283,0.4503136433380014,-0.006769552892289179,-1.1397103816306589,-0.18823021624926686,0.3998972824051768,1.0528372023641819,0.8667805338256358,1.2174893921502212,1.4214345024282038,1.4588434549155638,0.30233645307977436,0.5735145518098187,1.309574767224807,1.6737249502166238,-0.8189755393145453,-0.9230690506211913,-0.7030993000418456,-0.5173171425207651,0.7412437136173219,1.9104728527646808,-0.0031693571625864814,1.6376503829280007,1.1356107641388558,0.9766940071045142,-0.8589494481938417,-0.672809224919603,0.16273303846215423,-1.5788417953071996,1.1991621740805516,1.8418037320764593,-1.1768360422067383,0.6035812508721049,1.0794574329937914,-0.07160613677141166,0.44442497573006656
TCGA-55-7283-01A,0.049758252480810235,0.05921230394983059,0.14661113529410957,0.08785462185745196,0.0,0.0,0.0,0.031248988403620517,0.0,0.0,0.0,0.0,0.0,0.06013118360130592,0.0,0.0,0.01785511506348585,0.0,0.09207523685731438,0.0,0.060486004511488015,0.0,0.01566081679804842,0.0,0.0,0.0,0.015346392525494655,0.0,0.0164896205055909,0.0,0.0,0.09791819097908416,0.0,0.0,0.0,0.0,0.0,0.04746322647579694,0.0,0.0,0.0,0.0,0.0,0.0,0.0,0.0,0.0,0.0,0.0,0.0,0.0,0.0,0.0,0.0,0.08686130082967623,0.0,0.0,0.0,0.0,0.0,0.0,0.00870114496836171,0.01165227548039753,0.0,0.0,0.0,0.0,0.0,0.0,0.0,0.0,0.0,0.0,0.04902033614381201,0.0,0.0,0.0,0.0,0.0,0.0,0.0,0.0,0.0005826637075876424,0.03993787516003939,0.005133314406693422,0.0,0.0,0.0,0.0,0.0,0.0,0.0,0.0,0.0,0.0,0.0,0.0,2.3324384599156054,Lung Adenocarcinoma,0.31250123619078635,0.04065684714382893,0.5944388782917907,-1.6863645009507389,0.21158408513088894,-0.9656598872394387,0.12971748137419115,1.3281107647946917,0.17389335042805584,0.07143230365554262,-0.1863032800419502,-0.18174687774728582,-0.5682044090094691,-1.2828958652309703,0.13311092154987741,0.3142246250508225,0.32819647595578433,-0.676149118018034,-1.0628268983442046,0.1993899554667825,0.38368377802924464,-1.06577508678535,0.13587629236882884,-0.05148549018084213,0.2691139773300191,0.47934216955374,0.2632457487173025,-0.05764444454364198,-0.1637616602405856,-0.3733745363889986,-0.6473647314567388,0.10170442801110224,0.9237420444026067,0.25209852045134407,-0.010244693700058847,-0.16908694463051502,0.640418939020652,0.025360778283311992,0.7821632379699421,-1.0565920314006108,-0.11154999454186869,-0.2192791620110513,-0.5935384653557432,0.09150077793445847,0.24222227759095832,-0.11138806928273769,0.21772103394291828,0.7691316035267766,-0.3831415553829214,0.10267943774043306
TCGA-55-7570-01A,0.001218374690372386,0.055450323188348694,0.0,0.1279588843234064,0.0,0.0,0.0,0.0036749089249502585,0.0,0.0,0.0016477985578738305,0.0,0.0,0.009575055827407298,0.0,0.0,0.012652537902973066,0.0,0.1193697619986565,0.0,0.0,0.0,0.0005983412635558035,0.00012152254788209941,0.0,0.014558517911277801,0.0,0.013441750150709227,0.03397262693049092,0.0,0.0,0.11682166871393633,0.0,0.0,0.0,0.0,0.0,0.0,0.0,0.0,0.0,0.0,0.0,0.0,0.0,0.0,0.11345162373087893,0.0,0.0,0.0,0.0,0.05623123690369464,0.0,0.0,0.0,0.0,0.0,0.006327888094137572,0.00775889216220787,0.039009459056523164,0.0266880556903762,0.0,0.028912321414675046,0.02695892249308401,0.0,0.0,0.0,0.0073331614327770914,0.0,0.0,0.0,0.0,0.0,0.004764901607642899,0.010911505172089279,0.0,0.0,0.0,0.0,0.0,0.0,0.0,0.0,0.03513866295102229,0.017161390314242086,0.002621477130129999,0.10566842891467829,0.0,0.0,0.0,0.0,0.0,0.0,0.0,0.0,0.0,0.0,2.568201724066995,Lung Adenocarcinoma,-0.23677125869148713,-1.3996153830285039,-0.669012509600666,-0.7206321543424832,-1.2008915732105554,-1.3540599244145293,-0.8264932037041216,-0.9588201342413359,-0.2494104530836022,-1.7588092500662869,-1.7007017469119503,1.5009800182200024,1.8739295429054512,-0.5103840214890959,-1.3731082424627028,-0.7525063816632755,-0.060190408869943396,1.6791270956091555,0.1684865907824803,0.5285824604930844,-1.3075101610280124,-1.8678435004303895,-1.3849812955251206,-1.7825416980991005,-2.2164921138353493,-2.3523281813097254,-2.1477339515962672,-1.2766802908849746,-1.1822463743264175,1.383726879229366,1.6004200209456194,2.0824987891255695,2.0381613417966076,-1.2805794666132035,-0.12233466953923061,0.6604068676276348,-0.8551109890331487,-1.1014693546265881,-0.3723815135254264,0.21677103758260927,-0.2464552718996237,-0.13694172223548753,2.2332734393292846,-0.4427170506096742,-1.1283377612461394,1.1393206727429408,-1.6808464692384435,-0.2959898391548466,2.8706834187954944,0.3050879356808308
TCGA-55-7574-01A,0.0,0.12325168244964135,0.0,0.0,0.0,0.0,0.06720472779202492,0.0,0.0028684693228852513,0.0,0.0,0.0,0.003514331276753416,0.016157961072845388,0.0,0.0,0.0,0.0,0.2412303693480357,0.0,0.0026765742448366966,0.0,0.0,0.004208701051249304,0.0,0.0752884688162896,0.02192192315188284,0.012748897508238754,0.0,0.0,0.0,0.01961770797798888,0.026086526925597618,0.0,0.0,0.0,0.16352409475763643,0.0,0.0,0.0,0.0,0.0,0.0,0.0,0.0,0.0,0.12022611924169921,0.0,0.0,0.0,0.0,0.0,0.0,0.0,0.0,0.0,0.0,0.0,0.03057112997818838,0.05975178305692629,0.0017004221343253554,0.0,0.0,0.0,0.0,0.0,0.0,0.0,0.0,0.0,0.0,0.0,0.0,0.0,0.0,0.0,0.0,0.0,0.0,0.0,0.0,0.0,0.0,0.0,0.007450109892954523,0.0,0.0,0.0,0.0,0.0,0.0,0.0,0.0,0.0,0.0,0.0,0.0,2.3324384599156054,Lung Adenocarcinoma,-0.4248866632253005,1.130921507825311,0.96898815360097,1.550389866239947,1.5777577078248488,0.4461176654756666,1.2717522624234996,-0.39802360159491296,0.10565869201459038,1.2468227271024608,1.224225065291633,-1.5657541859036834,-0.988552094768465,1.1672142433698267,0.1341649225220519,0.018295208438537425,-0.8849378541535631,-0.9212596360992025,-1.0900346225961959,0.45237468225559374,0.255719475560322,1.0669009399341174,1.9247071109274898,1.2325285990224344,1.1332671568078128,0.1791717449195454,0.6777580771158231,0.018842824657427797,1.5940961066120853,0.17611227342020516,-1.1257110420851122,-1.137150258155317,-1.2347846703242742,1.0554962524222258,0.5629968465740439,-1.5403110234791646,0.8225845872507601,0.5234946126514752,-0.8337928183105162,0.5342670630743175,-0.6553281974531624,-0.12242950347236178,-1.1488108402665274,1.3434973288547436,1.4299881749435766,-0.8139270132857581,1.4568857749791675,0.0951656731790281,1.0952411781110971,0.02884145602246314
TCGA-55-7576-01A,0.03995167549368611,0.02729496504235581,0.0,0.28655512866955535,0.0,0.0,0.0,0.0,0.0,0.0,0.0,0.0,0.0,0.0,0.0,0.0,0.0,0.0,0.006115427808709021,0.0,0.0,0.0,0.0,0.0,0.0,0.0,0.0,0.0022598641999418416,0.0,0.0,0.0,0.1114897734311105,0.0,0.0,0.0,0.005534273905257806,0.0,0.02168702821856849,0.03845470526586763,0.011072251382547589,0.0,0.0,0.018788054437042734,0.0,0.0,0.0,0.06081698541494769,0.0,0.0,0.0,0.0,0.011050766385143263,0.0,0.0,0.029308371509619534,0.0,0.0,0.0,0.023659142238042635,0.0,0.0,0.0,0.012185886589672165,0.019418184287042298,0.0,0.0,0.0,0.0,0.018294929600781017,0.0031329206940805803,0.0,0.0,0.020441880259623207,0.0,0.0,0.0,0.0,0.010463643263806803,0.0,0.0,0.08898501661166369,0.0,0.0,0.04422320686522513,0.021920770470508145,0.0,0.0,0.06689514795520093,0.0,0.0,0.0,0.0,0.0,0.0,0.0,0.0,0.0,2.5877109650189114,Lung Adenocarcinoma,-0.23312466644097982,0.04001424438805633,0.16654708846498514,0.030297148101999814,0.6926480851290131,-0.1293960396221178,0.46812690914355753,0.15288148869983229,0.5383490348005625,0.6769947916455009,0.7337954876706823,-0.19213088230970546,-0.08612233966431891,-0.03157889638772064,0.2059943068933293,0.1334815968467876,-0.4410897738994044,0.0531934792245046,-0.09364015481005666,0.03347068673273271,0.6435131069368254,-0.3439680558923261,0.2113925779721718,0.007038205366468521,0.23088868686170932,0.4704515260837182,0.42985598718061857,0.017346560197930485,0.32692500944231734,0.5817025768636446,-0.18169199696425015,-0.24947277922554753,0.08711512756868416,0.23350274026714635,1.1398693716265331,-0.9463651950522102,-0.4355403097268333,-0.15048649588258162,0.42622548690535933,0.07133574211050456,0.3754110815062592,0.1655114742197274,-0.04257192964299683,0.34132513075637516,-0.160406645422999,-0.17491060586192234,0.6288083817257077,-0.6444758697729375,-0.07379288182533619,0.11627429909863111
TCGA-55-7724-01A,0.032294870126633735,0.07003816685318376,0.0,0.05904695344065844,0.0,0.0,0.0,0.0,0.0,0.0,0.056993505407761595,0.0,0.0,0.06258926326701135,0.0,0.0,0.0,0.042682797080702196,0.029218009358233012,0.0,0.0884930438008814,0.0,0.0,0.0,0.0,0.0,0.0,0.0,0.0,0.0,0.0,0.0,0.0,0.0,0.0,0.0,0.0,0.024176825559768838,0.09117836531520311,0.0,0.004079444041137701,0.0022400794608743216,0.0,0.0,0.0,0.0,0.1160789809225783,0.0,0.0,0.0,0.0,0.0,0.0,0.0,0.0,0.0,0.0,0.0032973239734360314,0.0,0.0,0.0,0.03201679789176104,0.015139166656561613,0.07617670514497006,0.0,0.0,0.0,0.0,0.01613971038886362,0.0011194180878304953,0.0,0.0,0.0,0.0,0.0,0.0,0.0,0.005405601843069704,0.002483298189705171,0.0,0.0,0.0,0.0,0.025805584564741454,0.020664359431825794,0.0,0.0,0.09172825451097903,0.0,0.0,0.0,0.0,0.030913474681628167,0.0,0.0,0.0,0.0,2.2600713879850747,Lung Adenocarcinoma,0.28258767995931916,0.5464008914256876,2.3596062053859908,1.6550960031482376,0.6971510517663695,1.3760746962452162,0.7417713505792919,0.6723687963804454,0.09165313362132693,1.0255959387532911,1.2883049583004647,-1.7443495960004942,-0.30620665514322065,0.3796739828923087,0.2647598414549062,0.3610181101711501,0.7125589398314096,-0.15439541734023485,-0.3951096457724798,0.8114250272066744,1.5695071814476422,1.1017359473040036,1.453127445849281,0.590127934589614,1.0953238271170613,0.32382117665964155,0.6011112188806598,2.134040179430511,1.4302913466886833,-0.21543586554117922,0.5580873545478215,-0.25665327788033027,-1.8330605879112511,-0.5371293676233444,0.46357585751107344,-0.5063684255243244,0.28740302404846063,0.5389606771250626,0.032451326490438026,0.3902917134372582,1.6774462626028184,-0.7944824338553584,0.8708832846915513,0.592465353317163,0.42618172059517045,-1.021971543518688,1.8832194755720224,-0.7172779540471393,-0.035622831502281974,0.0076938755147091175
TCGA-55-7725-01A,0.01626197155352738,0.0,0.0,0.09228184291781714,0.0,0.0,0.0,0.0,0.0,0.02506145619026339,0.0,0.0,0.0,0.0,0.0,0.0,0.0,0.0,0.01137532883761086,0.0,0.042564215847867994,0.0,0.0,0.0,0.0,0.0,0.0,0.0,0.046277268341273416,0.0,0.0,0.0,0.0,0.0,0.0,0.0,0.1602073950415911,0.0,0.0,0.0007572607850415197,0.0,0.0,0.0,0.0,0.0,0.0033792231179552504,0.002255744332321951,0.0,0.0,0.0,0.0,0.013094942801003921,0.0,0.0,0.0,0.0,0.0,0.0,0.02993707983200197,0.04429418270590261,0.0,0.06032918088480875,0.11040395416979924,0.029007485334298342,0.0,0.0,0.0,0.017471190228452286,0.030297125436162357,0.0,0.0,0.0,0.0,0.0,0.0,0.0,0.0,0.0,0.0,0.0,0.06668860381005404,0.0,0.0,0.06654559191008426,0.0033726274253348875,0.0,0.0,0.12813632849682743,0.0,0.0,0.0,0.0,0.0,0.0,0.0,0.0,0.0,2.110589710299249,Lung Adenocarcinoma,-0.4460265901808816,0.8339106955493207,0.7657547998576315,-1.0009332807272688,-1.2961242522985075,-0.7166413429335386,0.07209927844915653,0.41316840267636695,-1.546686021792047,-0.3512400113321408,0.7666363715002458,-1.1294177701296018,-1.0351093191996574,-1.7249797191938472,-0.813236118984171,-1.1057794390546927,0.6081073910280959,-1.139153808213224,-1.5884707669622922,-0.30100650476684104,0.13525487497586866,-0.6181211513472388,0.9449437918247533,0.6407994885718811,0.9335924009759528,0.6649454496707273,0.7477129387007836,0.26772627800252663,0.7223268295272762,-1.263286765395708,-1.1114418602586562,-0.2658884440490101,-0.8098510685623306,-2.420071226360241,-0.43178270082280135,-0.20917973076879173,-0.7013571892312734,0.971436620188934,-0.364103134104481,-1.4430865141337907,2.191899558622798,-1.2781589004889955,-0.8456194112920943,0.09257636943759044,0.6447285603611249,-0.909144326038083,0.5050254676473539,-1.0157618218258668,-1.5294927898518205,-0.7127837497778525
TCGA-55-7726-01A,0.06044645392100375,0.160821551590903,0.0,0.0,0.0,0.019911228572273516,0.03222087880488003,0.0,0.0,0.0,0.0,0.0,0.0,0.0017933173424668296,0.0,0.0,0.0,0.0,0.32772941182242626,0.0020494444973942795,0.0,0.0,0.0,0.0,0.0,0.0,0.0,0.0,0.030797849783961984,0.0,0.0,0.0,0.0,0.0,0.0,0.0,0.020337049899767676,0.0,0.0,0.0,0.011956821620588932,0.0,0.0,0.0,0.0,0.011076055867368106,0.11224100340944376,0.0,0.0,0.0,0.0,0.0,0.0,0.0,0.0,0.0,0.0,0.0,0.0,0.0,0.0,0.0,0.0,0.017120500448013044,0.0,0.0,0.0,0.0,0.0,0.0,0.0,0.0,0.0,0.09934629425639364,0.0,0.0,0.0,0.0,0.0,0.0,0.0,0.0,0.0,0.005444377090086927,0.015170787782094214,0.0,0.0,0.004097231936836833,0.0,0.0,0.0,0.0,0.06743974135409712,0.0,0.0,0.0,0.0,2.0453229787866576,Lung Adenocarcinoma,-1.614934971037518,0.2139478878484904,0.7206531938083479,1.8787837593143262,1.4199044903381461,1.59284128938945,1.0889647903550026,-0.9650687728776264,-0.9465587634002093,0.9549753454862385,0.4162475470115888,-0.029710096922380216,0.5934961136758485,1.9663592566185866,0.13357375860420992,0.17081648614980832,-1.2910120867289492,0.936380060987709,0.0896742114642982,1.612739964656609,-0.5083242314022359,0.8737476773289162,0.7074816596244501,0.3394299660941697,0.9535933528474229,-0.7265701050196958,-0.10910534512508305,0.7071682144226429,1.7437268506808785,1.0241886610542645,0.49215718275911485,0.2784569025996271,-0.3032850825604643,0.08000812985945943,2.429600124659904,-1.2100288677125521,1.3583551108838583,0.5433759463759117,-2.2340228508373614,-0.010932173792889941,0.9099764247010447,-1.0860082517059486,0.25255220569328346,1.966444582072871,1.176918695953003,0.42555141465085516,1.7247771584620475,-0.7664307083536187,1.568389236978292,-0.6314608170914815
TCGA-55-7727-01A,0.024592052675456163,0.11894301586632411,0.0,0.3026440045915001,0.0,0.0,0.1392411273733139,0.0,0.0,0.01385127694551946,0.0,0.0,0.0,0.011621361106960021,0.0,0.0,0.0,0.0,0.1264146437782168,0.0,0.026479634899076586,0.0,0.008315829761768648,0.0,0.0,0.0,0.059195318527965446,0.0,0.0,0.0,0.0,0.019105598760234137,0.0,0.0,0.0,0.0,0.0,0.0,0.0,0.0,0.000804117464121427,0.0,0.0,0.0,0.0,0.0,0.010908395740405539,0.0,0.0,0.0,0.0,0.0,0.0,0.0,0.0,0.0,0.0,0.006896149141585408,0.023823847254949387,0.0,0.045512937001022255,0.0,0.007396087204356274,0.014390188852000111,0.0,0.0,0.0,0.0,0.00048443371388191185,0.0,0.0,0.0,0.0,0.0,0.008461899929113725,0.0,0.0002912073413976445,0.0,0.0,0.0,0.0,0.0,0.0,0.004026277874059966,0.012926576869496767,0.0,0.0027805855314768165,0.0,0.0,0.0,0.0,0.0,0.010893431795797458,0.0,0.0,0.0,0.0,2.404833716619938,Lung Adenocarcinoma,-0.5947615324538095,0.5506067167370619,1.2573436520667272,-0.8574014579026646,-1.3079894289140033,-1.105486063652704,0.22901392693756725,0.43630438416468503,0.0433579757082221,-0.10816260624274046,0.3704925963853761,-0.7416593072311558,0.26604867804167476,-1.6345412519462308,-0.29969366694139216,-0.5670588129089104,0.17074908089882346,0.22513618028170032,-0.6054947258734729,-0.5281993654263512,0.9265752670462722,-0.9603459813298065,0.6640256607386334,0.23267039406006734,0.29195983992871066,0.552131523417311,0.6625292611424188,-0.9338650261549417,0.3485776476094526,0.10578569830712903,0.023730138493687006,-0.0753976577350804,-1.5281583632553735,-2.4603472427475817,-0.7513674231800443,-0.6077021410969762,-0.7352727701824657,0.16207522119352172,0.15025819882455915,-0.5902174587077386,1.9038516174524316,-0.712631951946359,0.8800469742389098,-0.9744049298436105,-0.4319065152510817,-0.24135118840925746,0.3438839437081127,-1.111831722425342,-2.1336654404428743,-0.7458753178652866
TCGA-55-7815-01A,0.04146666583271251,0.03759397314560298,0.0,0.3219631809971392,0.0,0.0,0.0,0.0,0.0,0.03211519499078146,0.0,0.0,0.0,0.0,0.0,0.0,0.0,0.0,0.0031008340742350485,0.0,0.0,0.0,0.0,0.0036025237095168197,0.0,0.0,0.07239195522297226,0.0,0.0037762985004558443,0.0,0.0,0.14273189868798314,0.0,0.0,0.0,0.0,0.0,0.0,0.07532516689243955,0.0,0.0,0.0,0.027515648081834633,0.0,0.0,0.0,0.0004850871023472307,0.0,0.0,0.0,0.0,0.0,0.0,0.0,0.0,0.0,0.0,0.004219166785824506,0.0,0.0,0.0,0.0,0.0,0.0,0.0,0.0,0.0,0.0,0.0,0.0038053846363194006,0.0,0.0,0.0,0.11215412983047683,0.03486760851757815,0.0,0.0,0.0,0.0,0.0,0.0,0.0,0.0,0.0,0.04899430237955193,0.0,0.0,0.033890980612228463,0.0,0.0,0.0,0.0,0.0,0.0,0.0,0.0,0.0,2.1760912590556813,Lung Adenocarcinoma,-1.090355265441331,0.5458169793679146,2.0089061014373617,0.4032296257720859,-1.596540483820437,-0.7028483519699299,-0.7086828211223852,1.3552827901117943,-0.055514309173817104,0.6259394614924122,1.1717273236287737,-2.0590783724343193,-0.4260996260105556,0.35933788303512526,-0.4423654408189928,-0.4899745919283637,-0.03261882150880098,-0.3627138153640085,-0.8947537847800073,0.035794929230014275,0.32388899394940995,0.02531013544020634,1.1387071377422766,0.5324952253649745,0.5783023817997786,-0.17545757770076686,0.2147811942590013,-1.4231827817739011,1.2015862776281319,-0.6646261240150104,0.5545674100506497,-0.7004069314745405,-1.564918641956759,-2.185373214807109,-1.5043732220432104,-0.6386392055881287,-1.9209215837661124,3.304143134331024,-0.46536091526383194,-0.9745301989139568,2.9312124650792275,-1.1472944141266161,0.9680532372148597,-0.186910203242726,-0.070024818927009,-0.8712980828788794,1.294626825948921,-2.3233180079654576,-0.75003889619561,0.006311122580853708
TCGA-55-7903-01A,0.044995686863893214,0.0430723498525669,0.0,0.0,0.0,0.0,0.0,0.011522842479195007,0.0,0.0,0.0,0.0,0.025121715564315254,0.03671070180652994,0.0,0.0,0.04829333401916567,0.0,0.06407716107321768,0.0,0.08796544070816906,0.0,0.014934384995778474,0.0,0.0,0.016693404705188618,0.0,0.00015601070326831106,0.0,0.0,0.0,0.031921655712938354,0.026806194707305,0.0,0.0,0.009632451782002225,0.05631102721931146,0.0,0.0,0.06954022923809486,0.0,0.0014263390611440785,0.0,0.0,0.0,0.02488420458160321,0.006374802531433537,0.0,0.0,0.0,0.0,0.0,0.0,0.0,0.1601433479908556,0.0,0.0,0.0,0.0,0.0,0.0,0.0,0.0518465737791527,0.04551447709084626,0.0004916526615447916,0.0,0.0,0.0,0.0,0.0,0.0,0.0,0.0,0.0,0.0,0.0,0.0,0.0,0.0,0.0,0.0,0.0,0.01926243599359417,0.02923376840990686,0.038421954495019,0.0,0.0,0.0,0.0,0.0,0.0018770425832417253,0.0034274726688560014,0.0,0.0,0.0,0.029341336721862003,0.0,2.1789769472931693,Lung Adenocarcinoma,-0.48956339283966827,0.37786785669774736,-0.6958390756734448,-1.7720203363023863,0.01132751743809886,-0.5082904188743395,0.604954954403102,-0.3552153296337548,0.5090513793260821,-0.3802584716091799,0.3353621608112222,0.40915260554248656,0.30731325326020537,-1.341471461343556,-0.1306599504306406,-0.1768418955777486,-0.16639942383993964,0.30339239739137164,0.441956259700469,0.26464201569481133,0.7660216600648156,-0.06662529570762003,0.060110432717192165,0.4415166809294211,0.3198966236317327,0.9799743304012417,0.9256855412656694,-1.4022722222580684,-0.09810893796983877,0.3518570072281611,0.11553278621088743,0.3270724915286656,0.4629772863284245,-0.5767197155438265,0.37082377029874797,-0.38742226786107503,0.527177991639349,-0.00025256941860861285,0.32137307450551533,-0.06849738480628248,0.138242614777861,0.3774574313192483,-0.5227135471969447,-0.3112759255054965,0.15720068408521998,0.10164058661491575,-0.5198311990762053,0.18567123846371927,-0.15365392938030423,-0.1776047082948317
TCGA-55-7907-01A,0.01058629225175934,0.05254033703498916,0.0,0.5416548956765542,0.0,0.0,0.01780087551820523,0.0013331933592871613,0.0,0.0,0.0,0.0,0.0,0.0,0.0,0.0,0.0,0.0,0.06806139445952965,0.012563690071648943,0.0,0.0,0.0,0.0,0.0,0.0,0.003912444747725231,0.0,0.0,0.0,0.0,0.07831636237998464,0.0,0.0,0.0,0.0,0.027936183208673297,0.016429125968894356,0.0,0.0,0.00538806713519057,0.0,0.0,0.0,0.0,0.0,0.045647854902444364,0.0,0.0,0.0,0.0,0.014522543187196514,0.0,0.0,0.0,0.0,0.0,0.009150854356590903,0.02148352529475919,0.0,0.0,0.0,0.0,0.0,0.0,0.0,0.0,0.0,0.0043187055534663725,0.0,0.0,0.0,0.02125332125867384,0.004665720139341824,0.0,0.0,0.0,0.0,0.0,0.0,0.0,0.0,0.0,0.01234473290681792,0.030089880588267216,0.0,0.0,0.0,0.0,0.0,0.0,0.0,0.0,0.0,0.0,0.0,0.0,3.077731179652392,Lung Adenocarcinoma,-0.560121945423997,0.5798525766938581,0.49487442193125175,0.30488534773773723,0.8679156155324577,0.24297600925221824,0.5098497949444616,0.018614525689695748,0.18649065203478915,0.8594612324250347,0.9479057565330186,-0.4565414351193322,-0.5025711153691967,0.39194414448829645,-0.42749718139465753,-0.2746620411076063,0.40643773693130447,-0.48518034808601757,-0.6229795950097093,-0.21771967268962789,0.13737813750050326,-0.31237616348834196,0.612670684064331,0.48112363913511913,0.5253417910198541,-0.3228740160113822,0.2245775904863478,0.8221161668320762,0.9463446838466856,0.14666492241279472,-0.24668879353399223,-0.49931708353022436,-0.6866941737416122,0.3209714034097434,1.4721947409212894,-0.4731462654528931,-0.2129815432769894,-0.34728351971115473,1.396636197300535,-1.3437884950557164,0.6907171150006995,-0.1065940139443535,-0.2228317448004021,0.9123754811778538,-0.0812212208570625,-1.1610727521621447,0.4425706049001908,-0.18438853648067255,0.07399739803615347,-0.05324956701317741
TCGA-55-7910-01A,0.020715773793450413,0.0013454972459053189,0.0,0.4680691869489014,0.0,0.033900379426352,0.0,0.0,0.0,0.016438901785865108,0.0,0.0,0.008533997140485253,0.011244864411014806,0.0,0.0,0.0,0.0,0.005302975155021592,0.0134946936789852,0.0,0.0,0.0,0.0,0.0,0.008582605882605733,0.033847253405673766,0.0,0.0,0.0,0.0,0.05921778852537363,0.0,0.0,0.0,0.0,0.0,0.0,0.0,0.0,0.0,0.0,0.02423655944112108,0.039833563976679205,0.0,0.0,0.0,0.0,0.0,0.0,0.0,0.0,0.0,0.0,0.0,0.0,0.0,0.015612907995511238,0.030537121624413344,0.0,0.0,0.0,0.0,0.014010794392734336,0.0,0.0,0.0,0.0,0.017132395782140923,0.0,0.0,0.0,0.026020919588408593,0.052163374641933324,0.0,0.0,0.0,0.0,0.0,0.0,0.0,0.0,0.0,0.05656837697675452,0.0423931308007263,0.0007969373799428308,0.0,0.0,0.0,0.0,0.0,0.0,0.0,0.0,0.0,0.0,0.0,2.45484486000851,Lung Adenocarcinoma,-0.5915000584993283,-0.8706887557518951,-0.5338652882929109,0.581633479616219,-1.3481323143506454,-1.9066397136860895,-0.4784199035902089,-1.0207275334820518,0.4690006861475246,-0.5808819029951742,-0.65521220320539,-0.09054267232986883,0.6457810528308358,-0.24770075821241017,-0.2656888926687154,0.194198929187693,-0.675074794480717,0.6164159698976063,0.2506097837369363,0.13112976774351984,-0.4333679548930237,0.6566419225150523,0.09161228816906905,-0.3062232811798474,-0.3115776792612744,-1.020176994849711,-0.8280275887952055,-1.2721419400232,-0.3275683258459757,0.23026313092766204,0.49321561528999786,0.19540567885224602,0.05573478100014167,-0.5137182332062796,-0.31289760943331274,0.515759399181573,-0.8382967118952555,0.2730027260573313,-0.35611505499692697,-0.6563033333005246,-0.7387016262985424,-0.23626315716466503,0.8646495805277165,0.9554876473014124,0.41270545765673805,0.9574296985471484,-0.1453706028638101,-0.07044145961616641,0.21650079661351498,-1.0196481358960559
TCGA-55-7911-01A,0.011310956864467021,0.0,0.021399348342877583,0.127943321181635,0.0,0.0,0.028884600267393857,0.0,0.0,0.009020285269736486,0.02719390388366032,0.0,0.01867046886681561,0.02072050028711049,0.0,0.0,0.0,0.0,0.04756589368516854,0.0,0.0,0.0,0.0,0.0030773483423142305,0.0,0.0,0.0,0.0,0.02035268153631525,0.0,0.01660213364131078,0.10761095092621642,0.041307937751828894,0.0,0.0,0.0,0.06617649741057308,0.04134773067739481,0.0,0.0,0.0,0.006478234974586645,0.0,0.0,0.0,0.0,0.06517492472871633,0.0,0.0,0.0,0.0,0.0,0.0,0.0,0.0,0.0,0.0,0.0,0.05327754623025196,0.04371137654874242,0.0,0.0,0.040340669120837426,0.002398315678546144,0.001536915084604855,0.0,0.0,0.0,0.0,0.0,0.0,0.0,0.01409386855930485,0.002854666926245525,0.0,0.0,0.0,0.02373173333299741,0.0,0.0,0.0,0.0,0.0,0.04699230880952821,0.06908581701183163,0.021139064058988268,0.0,0.0,0.0,0.0,0.0,0.0,0.0,0.0,0.0,0.0,0.0,2.326335860928751,Lung Adenocarcinoma,-0.5726595569182986,1.0403287907612184,-0.5983764258583302,-0.8070345289417229,-0.1765626840270182,-0.7856349668556762,1.2710184872690553,0.5915605805648403,0.10736123344857938,-0.12076778894813951,0.8207952223571864,0.19079255158028455,0.4526043106117977,-1.1348300263002988,-0.43201695218888125,-0.10862706625737692,0.13046539889054287,0.28418500167976707,-0.9292718558029673,-1.1409361258587722,0.2732817022227021,-0.8567063530951605,0.2525036519732789,1.0246471348409225,0.960193019245298,2.297141117779857,1.8769853076264424,-0.36285884971616605,0.15673579965507853,0.3740358051828644,-0.05098975163181047,0.34500225843074583,-0.15094813464637716,-1.6528041884321856,0.1315818742780495,-0.4216861138825439,0.16778754760156642,-0.20749600618674255,0.5009056507284494,0.3474204920735068,-0.31761444125955607,-0.1468633857926499,-0.20774760449259586,-0.32321584295934785,0.5457630809081001,0.1126632604300123,-0.6264239747493224,0.424174267469325,-0.6919361085048729,-0.23352694652925438
TCGA-55-7913-01B,0.016467637676557113,0.03061212026899067,0.0,0.3089163764592333,0.0,0.0,0.0052128984352812985,0.005665423807008698,0.0,0.007878359250607217,0.0,0.0,0.021864004924796655,0.016259043155803343,0.0,0.0,0.06669357265970884,0.0,0.048205679179579054,0.013120891073931605,0.006539602856845666,0.0,0.007962073887520123,0.0,0.0,0.0,0.04420353598996259,0.0,0.05773534809640262,0.0,0.0,0.156764818184835,0.0,0.0,0.0,0.0,0.0,0.0,0.0,0.0,0.0,0.0,0.0,0.0,0.0,0.0,0.0,0.0,0.0,0.0,0.0,0.0,0.0,0.0,0.0,0.0,0.0,3.017615768326557e-06,0.03434506630998376,0.016425544376388664,0.0,0.0,0.0,0.016021683500965677,0.0,0.0,0.0,0.0,0.010715649805048308,0.0,0.0,0.0,0.02944329904785958,0.0,0.0,0.0,0.0,0.0,0.0,0.0,0.0,0.0,0.0,0.02001696853985389,0.05052628850095066,0.0,0.0,0.0,0.0,0.0,0.0,0.0,0.008401096396117453,0.0,0.0,0.0,0.0,2.5224442335063197,Lung Adenocarcinoma,-0.6195091909745565,-1.442817593758512,-0.12276280709678875,-1.8003598360152142,-0.7754199437594819,-1.6758158399268122,-1.924643614672536,-0.9712472500049911,0.3509837745069561,-0.7607315648805153,-1.1533510163504945,0.25225497839258676,0.6067952258276074,-1.7232452353664065,-0.6732247251651449,-0.7107870021992737,0.21592964838847412,0.822031407401746,0.6559267490489142,-0.6460822954310239,-0.3389118065013377,-0.9228517004226316,-0.36089337867042326,-1.2584417891631914,-0.9448982548980526,-1.014624907093561,-1.1622712028804683,-1.0584632563669036,-0.8245325127188944,0.577925941638888,0.21278252063820205,0.5911398173659549,0.9619926469487838,-1.3357438157495078,-1.6584853607696632,0.9099131128165572,-0.8337499556254712,0.3732504938428035,-0.16623524861054337,0.9133080481808555,0.4675594319842412,-1.1556484039029016,0.6536069547311025,-0.9464354075692021,-0.6053607525367996,0.5852287414125615,-1.6477166206012628,0.33518757254191006,-0.4294284695063068,-0.48259873090573113
TCGA-55-7914-01A,0.03301091439324133,0.033385552002129976,0.0,0.2867854183088544,0.0,0.0,0.0,0.0,0.0,0.0,0.0,0.0,0.0,0.030632240758883,0.0,0.0,0.0,0.0,0.06626977471057609,0.0,0.07875345700122159,0.0,0.0,0.0,0.0,0.0,0.0,0.04919143352987886,0.0194360480740586,0.0,0.0,0.013665469730039088,0.0,0.0,0.0,0.0,0.0,0.0,0.0,0.01751029277334545,0.0,0.0,0.0,0.0,0.0,0.013418088627758182,0.0,0.0,0.0,0.0,0.0,0.0,0.0,0.0,0.0,0.0,0.0,0.012471997208165655,0.010625159320416208,0.0,0.0,0.0,0.016676636579926286,0.01685642101241577,0.01567263008331591,0.0,0.0,0.0,0.01003088618453927,0.0,0.0,0.0,0.0,0.0,0.0,0.0,0.0,0.0,0.0,0.0,0.0,0.0,0.0,0.06812015969580036,0.08306243745771895,0.0,0.0,0.06255008552413653,0.0,0.0,0.0,0.0,0.0,0.06187489702357853,0.0,0.0,0.0,2.2528530309798933,Lung Adenocarcinoma,-0.09221053465872865,0.28242507968228625,-0.22989397246001825,-0.7131618677532179,-0.9013628297825591,-1.1309229019872589,-0.4375424438767133,0.0914060438625622,-1.4875235390546377,-0.2663371561490695,-0.269523225768085,-0.6082133257016697,-0.6918224818298757,-0.5507639838505959,-0.2777633722294319,-0.47247032579024156,-0.015009626204936972,-0.6139221910609735,-0.6163239483717582,-0.2838421378874224,0.738833108024172,-0.7078277437524028,0.026050220975554997,0.26025789162382285,0.03414608282301372,0.11887696890373683,0.15630205027489696,-0.6909382856590695,0.15211339322426073,-0.8161533483491235,-0.784935791139566,-0.1810545517285654,0.19042977359284358,0.006087279736179717,-0.2685321692186583,-0.3537869185674563,-0.31230188153041905,0.1149974796615971,-0.3281116505964415,-1.7257277247421547,-0.368898073564784,0.08114949408582188,-0.3823730185116649,0.4901855774980662,-0.2960363081013211,-0.2993140990052756,-0.7740637780990344,-0.7700277995989147,-0.49973679183089326,0.21144478283556992
TCGA-55-7994-01A,0.016500079469319258,0.011002733307209422,0.0,0.4877662174635445,0.0,0.0,0.007743319451320207,0.002291645049289258,0.0,0.0009720178017743396,0.0,0.0,0.0,0.00037638538339896765,0.0,0.0,0.0,0.0,0.018444039645874346,0.0,0.0,0.0,0.0008492011512084469,0.0,0.0,0.07064219171001251,0.0,0.0,0.0,0.0,0.0,0.1344442818796292,0.0,0.0,0.0,0.0,0.0,0.0,0.0,0.0,0.0,0.0,0.0,0.0,0.0,0.0,0.06267405707256457,0.0,0.0,0.0,0.0,0.0,0.0,0.0,0.04415743884664931,0.0,0.0,0.0,0.03524170103585172,0.0,0.0,0.005642256192037702,0.0006300520119657014,0.02221238069295936,0.0,0.0,0.0,0.0,0.0,0.0,0.0,0.0,0.0006485746969360664,0.0,0.0,0.0,0.0,0.0,0.0,0.0,0.011738396968699924,0.0,0.0,0.013028205253161368,0.04464839242749112,0.0,0.0,0.003824135779639107,0.0,0.0,0.0,0.0,0.00452229670946376,0.0,0.0,0.0,0.0,3.198931869932209,Lung Adenocarcinoma,-0.7700210246634422,1.0586642061863571,0.1875424820951186,-0.38985589854734354,0.4444125389952057,0.2147294143834959,-0.003958021464531203,0.7469961732098528,0.24963426539333064,-0.3510816640377005,0.9069494964944904,-0.1711392572370624,0.5802124407382264,-1.2686001766026935,-0.3350158165150556,-0.3560519768737148,-0.11876140454698496,0.6492197019136432,0.06956620466020473,-1.0709806426868027,1.0288731591697062,-0.37039190613783685,0.6698169520888942,0.9066894035092277,0.8665406949879615,0.6866544174680645,0.7690913836088036,-1.3378987069792245,0.09470423967641192,1.1170724360160833,0.20131202587237343,-0.4326931309825503,0.054643232912489396,-1.4084559538876131,0.43009418146782313,-1.4106481020382111,-0.08371785974741894,-0.293698936790486,0.37497929530501334,0.7768906637273916,0.5805056741387006,-0.8626300881567127,-0.012822949975846227,-0.23963073662364673,0.031287004566825434,-1.233605656295724,-0.3371306608975109,-0.37509596139446677,0.2093078952546036,-0.5011659898836988
TCGA-55-7995-01A,0.002209426601512739,0.039152778899631965,0.0,0.4121883560988747,0.0,0.0,0.03297830023824292,0.0,0.0,0.014553895324361426,0.0,0.0,0.0,0.003082034850690943,0.0,0.0,0.0,0.0,0.03793420875070568,0.005683877910483675,0.0,0.0,0.008276042006449427,0.001355624044981631,0.0,0.005790555305593731,0.0,0.0138115265930445,0.0,0.0,0.0,0.052848503832861216,0.0,0.0,0.0,0.0,0.0,0.0,0.0,0.0,0.003364056091373985,0.0,0.04994698241475382,0.0,0.0,0.0,0.0855440571459431,0.0,0.0,0.0,0.0,0.013950591329420347,0.0,0.0,0.0,0.0,0.0,0.0,0.010165934639499963,0.0,0.0,0.0,0.0,0.025197082503724644,0.0,0.0,0.0,0.0,0.0025408663472069695,0.0,0.0,0.0,0.0,0.00604779357603907,0.0,0.0,0.0,0.0,0.0,0.0,0.0,0.0,0.0,0.022276324820711704,0.06622724110345041,0.0,0.08487393957044145,0.0,0.0,0.0,0.0,0.0,0.0,0.0,0.0,0.0,0.0,2.79309160017658,Lung Adenocarcinoma,-0.5974298258158852,1.195362975803234,-0.47827799616634925,-0.4420194959753377,0.1295974180705699,0.3618703424626539,0.35184034622154375,1.1371189133757578,0.9137751375518237,-0.8494475485552627,0.9084142465567001,0.017503657940171443,0.581594890575103,-0.7863277533133557,-0.2753795657434306,0.029013968677053973,0.8336690167413259,0.4859536729528402,0.8186414503734262,0.06502188218525637,0.7188135445283107,0.363871920714809,0.8457513099896392,0.8442309921146689,0.40364086657352083,0.592547518151958,1.0043318818667013,0.16092614956385745,0.1884356155236533,0.945476936526133,1.2978388861315615,-0.3998906393938516,-0.593775496046143,-0.10082144505983778,0.27121820804578844,-0.9468099529284212,0.25153221265683845,-1.654800239033347,-0.23937320250505897,1.9625758918111416,-0.5966378110856244,1.1586983691128714,0.31416616132465003,-0.7387075020738599,-0.456346762856847,-1.0546553775536704,-0.4463328207200835,-0.0862199187206145,0.43948073825778594,1.2594008830135244
TCGA-55-8085-01A,0.027082364648490287,0.17923742677678398,0.0,0.12482049123689487,0.0,0.03397373595060848,0.0,0.0,0.0,0.0,0.0,0.0,0.0,0.01682871673455314,0.0,0.0,0.0,0.0,0.14173316153917107,0.0,0.0,0.0,8.62333124106891e-05,0.0,0.0,0.0,0.0,0.0,0.0113136914810515,0.0,0.0,0.15000948440374176,0.0,0.0,0.0,0.0,0.0,0.0,0.0,0.0,0.0,0.0,0.0,0.0,0.0,0.0,0.0,0.0,0.0,0.0,0.0,0.022419547784189184,0.0,0.0,0.012406574253846236,0.0,0.0,0.0,0.021968645515420528,0.0,0.0,0.0,0.0,0.0,0.0,0.0,0.0,0.0,0.0,0.0,0.0,0.0,0.0,0.030019704277406103,0.0,0.0,0.0,0.0,0.0,0.0,0.0,0.0,0.0,0.07177183103216662,0.022115333421528993,0.0,0.0,0.048223023448612186,0.0,0.08599003418312438,0.0,0.0,0.0,0.0,0.0,0.0,0.0,2.4345689040341987,Lung Adenocarcinoma,0.26045620506390565,0.8089855888765518,-0.7247427229737479,0.4044294952951446,-0.3894204430933335,-0.7789781530561917,-0.30301279102417356,0.3415176659463683,-0.17660429153227705,-0.013887686489226165,0.5832099316810125,0.6699360079587264,0.3766904944960511,-0.5937439853578699,-1.022204238675274,-0.15066806686865936,1.0858314972064167,0.29462590351000656,-0.19817643735646118,-1.0516787519885666,0.14685357262817286,-0.032454218244727134,0.23237437777364378,0.4131839796975396,0.5609559300290127,0.42196580643547,0.6163522453871898,-0.4111895847127909,-0.20230810642209976,-0.28676517295116555,0.5202626481125695,0.8432527446551014,0.6726776584305111,-0.38590067822166085,-1.5686693241348544,0.2540913584481655,0.24823666154331653,0.46489117582112444,0.7879614406804389,0.09501244575833033,-0.5421037120116535,1.7106047752312885,-0.4047650398231512,-0.29462399549314183,0.08037041884839326,0.6586748443917751,-0.9674046340873038,0.9446614387405774,0.7396917235708271,1.1143150144273255
TCGA-55-8089-01A,0.004873787333125466,0.11053318018828569,0.0,0.40796985062298974,0.0,0.006361490761466752,0.031728727415650436,0.0,0.0,0.0,0.0,0.0,0.0,0.016617323337245037,0.0,0.0,0.0,0.0,0.11905136262802357,0.01672231637929369,0.0,0.0,0.0,0.0010157599335925472,0.0,0.0,0.0,0.0,0.002132231010717313,0.0,0.0,0.08229077693243243,0.0,0.0,0.0,0.0,0.0,0.0,0.0,0.0,0.0,0.0,0.0,0.0,0.0,0.0,0.05142779724344164,0.0,0.0,0.0,0.0,0.028259508338702378,0.0,0.0,0.020711818292853342,0.0,0.0,0.009759679595740091,0.004898769545234936,0.0,0.0,0.0,0.004164403284056403,0.0,0.0,0.0,0.0,0.0,0.0,0.0,0.0,0.0,0.007295925124881363,0.0,0.0,0.0,0.0,0.0,0.0,0.0,0.0,0.0,0.0,0.024378200484417,0.03408905975352651,0.0,0.0,0.015718031794323593,0.0,0.0,0.0,0.0,0.0,0.0,0.0,0.0,0.0,3.101403350555331,Lung Adenocarcinoma,-0.38954978695654463,2.110892007952734,-0.0019980185400897514,0.1374653788997471,1.2675437327569679,1.474764968710766,1.764394181473028,0.009204874860925341,-0.4077027711703486,0.42179399318035243,2.1339039885760305,-0.2924129843565628,0.4179069664847431,0.2725532575254698,-0.10422552471305963,-0.024364350655734186,-0.2724467080954521,0.5115169785001431,-0.01836257156070818,0.2902816657554754,0.36285760971482234,0.21409156904566773,1.1751250904328863,2.0018551357542393,1.7364677603170204,1.507152773783667,1.9365670237442227,-1.3009436624765132,1.7303889226149176,1.0165463274859,0.528358878961199,-0.0597358292916034,-0.5084163728135368,-1.008769342905516,-0.6480003531086559,-0.8233925802157956,1.207443030222147,-0.5039846088103282,-0.21478389375537377,1.8510742288415825,1.1941437998979225,1.2152646609721356,-0.5629891237931072,0.8671029038510694,1.1396943840434608,-0.42604913348447687,0.9314033417994235,-0.8165660526003892,-0.5735773994423851,1.2739711985428295
TCGA-55-8092-01A,0.014593859738861641,0.08715903951894134,0.0,0.44299169683186107,0.0,0.038424397376284454,0.08068812051661628,0.0,0.0,0.0,0.0,0.0,0.0,0.0076023650670579285,0.0,0.0,0.0,0.0,0.06405161931778316,0.0,0.009765295165384592,0.0,0.01216747467240422,0.0,0.0,0.004624491555209706,0.0,0.00790252004499191,0.0,0.0,0.0,0.0,0.0,0.0,0.0,0.0,0.0,0.0,0.022130464144050684,0.0,0.0,0.0,0.0,0.0,0.0,0.0,0.01082834417519182,0.0,0.0,0.0,0.0,0.0,0.0,0.0,0.02302665179601136,0.0,0.0,0.0,0.014865536658294208,0.0,0.0,0.0,0.015457879868039991,0.01618568277639761,0.00199315962378958,0.0,0.0,0.0,0.019235414918055766,0.0,0.0,0.0,0.0,0.049838941972876284,0.0,0.0,0.0,0.0,0.0,0.0,0.015878519450303802,0.0,0.0,0.02276731735354906,0.0,0.0,0.0,0.00821406329760109,0.0,0.0,0.0,0.0,0.009607144160442492,0.0,0.0,0.0,0.0,2.761927838420529,Lung Adenocarcinoma,-0.4288054736994182,0.7455740744180352,-0.5819846693964915,-0.40461892253722126,0.003780354998111064,0.12788494574281076,-0.01309855805260032,-0.45799926666043983,0.8750881850522488,-0.1424972799316743,0.4010571426974744,-0.13228806989131203,-0.6671303634914076,-0.016649370222321973,-0.9231236826024674,-0.9802866058264563,0.06898979428243285,-0.597775882690596,-0.21303500466919623,-0.7165692461289163,-0.4130879277424887,-0.059527225072110605,-0.3592235226513396,0.16544028290372914,-0.007760294535114909,0.778793596624436,1.0380162815266814,-1.4432040358001743,0.5452732257443713,-0.5327337932737368,0.008271696968135251,-0.42321081799726423,-0.40235226080477055,-0.8944909155189873,-1.3102779486807412,0.2325273379773168,-0.9809218042333516,-0.9689784222894878,-0.8200261600366696,-0.5886371475113749,1.1093514961454813,-0.3034380019139658,-1.242464946446967,-0.15583851678589716,-0.14818736884675154,0.777323510838192,-0.12905861032230004,-0.306643326049681,-0.0036022674807609308,-0.13250054268277967
TCGA-55-8094-01A,0.008402556860039791,0.00762048964695923,0.0,0.48071197008604255,0.0,0.0,0.008985520399595406,0.0,0.0,0.0,0.0,0.0,0.028472852246891205,0.008884195092932754,0.0,0.0,0.0,0.0,0.0019714892852841902,0.0,0.03262839231552162,0.0,0.010535109774219079,0.013169482975260558,0.0,0.0,0.0,0.0,0.0,0.0,0.0,0.0895464433773522,0.0,0.0,0.0,0.0,0.01994117369737112,0.015585750477190248,0.0,0.0,0.0,0.0,0.0,0.0,0.0,0.0,0.0714573477788298,0.0,0.0,0.0,0.0,0.0,0.0,0.0,0.0,0.0,0.0,0.007137683396339296,0.012380487597287722,0.0,0.0,0.0,0.06492183155593954,0.0066829659537798345,0.0,0.0,0.0,0.0,0.008280197250356478,0.0014112458841139212,0.0,0.0,0.0,0.0,0.0,0.0,0.0,0.0,0.0,0.0,0.0,0.0,0.0,0.022083081823404793,0.001318175932408956,0.0,0.0,0.07787155659287973,0.0,0.0,0.0,0.0,0.0,0.0,0.0,0.0,0.0,2.6570558528571038,Lung Adenocarcinoma,0.2399644115946948,-2.1500616761401994,0.11138344466139816,-2.2734100845568648,-1.5552674564768951,-2.0866799449754576,-1.5360882234568514,1.0680919058529452,1.7644422116268486,0.13957622642306236,-0.346644537103549,0.8307164105696828,0.46976745491488875,-2.1347861159344887,-0.6029617004198701,0.416802409938145,1.1004464420206836,0.31257833372306004,1.432784058026163,0.057449211332280224,-0.44339395822911226,-0.07489102564856281,-1.362112448773573,-1.8388666026426952,-1.583406756106063,0.03137705710140223,-1.0987531958572072,0.6108730229560849,-1.3229890928693693,-0.43941479194731414,1.3783951685030456,0.7591662206236423,0.7004363176385854,-1.1737020750913745,-1.7553747284865817,1.0891644492444814,-1.3762158503384265,1.8825468974962938,1.137099506604794,-1.3969386925317269,0.662753434366944,-0.43632230290338203,1.382491607010688,-2.6270174809367575,-0.6855978619058911,1.7168719860111892,-1.1590551712769703,1.3121940598158168,-1.6071156964581044,0.544731666284564
TCGA-55-8096-01A,0.09576531382361556,0.0,0.0,0.3391222175422513,0.0,0.0,0.054663627268007046,0.03353820877579367,0.0,0.0,0.0,0.0,0.0,0.0,0.0,0.0,0.0,0.0,0.0042502917574111275,0.0,0.0,0.0,0.00787038321166812,0.006382068617069425,0.03336454307328059,0.0,0.0,0.0,0.0,0.0,0.0,0.0,0.0,0.0,0.0,0.0,0.08705009339903862,0.0,0.0015127646467130234,0.0,0.0,0.0,0.0,0.0198974076682637,0.0,0.0,0.1654968355523464,0.0,0.0,0.0,0.0,0.069184430829918,0.0,0.0,0.0,0.0,0.0,0.02946403945502422,0.0018883006397919385,0.0,0.0,0.0,0.0,0.0,0.0,0.0,0.0,0.0,0.0,0.0,0.0,0.0,0.020675185719888807,0.0,0.0,0.0,0.0,0.0,0.0,0.0,0.0,0.0,0.02987428801991848,0.0,0.0,0.0,0.0,0.0,0.0,0.0,0.0,0.0,0.0,0.0,0.0,0.0,0.0,2.1271047983648077,Lung Adenocarcinoma,0.08691478228214151,0.31213722513278747,0.9298386016926304,1.3329201450469694,1.3610118729000753,0.25339560933454874,0.2632041620203057,0.22892779775471925,0.484531408353361,1.1563499245038118,0.6849782471017147,-0.797211311793669,-1.4687336569709144,1.3380862580538473,-0.4961993963560309,-0.8175232347773121,0.3838951909018683,-1.306150348720442,1.0151133188281496,0.5229525017705368,0.15985161419718819,0.8439455518865767,0.24318190372396425,0.33873100924893007,0.729138557127959,-0.7091711026068515,-0.2581921139367646,-0.37520373542764796,1.3921389006880984,-0.4965994348322719,-0.319989437879282,-1.2050243932884455,-0.7055496661742882,1.6706805492546737,1.6301996144775825,-0.7143518699323927,-0.04950997544877014,0.8813247805961821,-0.4323308102877409,-0.6714454361961449,0.7569468646806821,0.12842404007546865,-1.2016552736951733,1.0276440657159291,-0.25373105084620534,-0.8975459988746319,0.4907313742075431,-0.4520441936606172,0.445802375818558,0.28976782354813524
TCGA-55-8097-01A,0.14902665778776678,0.028003636264382868,0.0,0.04596199922668609,0.0,0.0,0.0003698808648901064,0.0,0.0,0.0,0.0,0.0,0.007151245518068093,0.0,0.0,0.0,0.0,0.0,0.032744005657424684,0.15249201103991017,0.06855842427249254,0.06798426719029889,0.020934612287717716,0.0,0.0,0.0,0.013172496513820254,0.0,0.04575203401217149,0.0,0.0,0.07210523869332966,0.0,0.0,0.0,0.0,0.0,0.014520410201210369,0.04553927700656453,0.020835376371524928,0.015785558721878777,0.010656008235506418,0.0,0.0,0.0,0.0,0.0,0.0,0.0,0.0,0.0,0.0,0.0,0.0,0.0,0.0,0.0,0.005866424791974143,0.0681145258576764,0.0,0.0,0.0,0.0,0.0,0.02004105956491401,0.0,0.0,0.0,0.0,0.002117859175227787,0.0,0.0,0.0,0.0,0.0,0.0,0.0,0.0,0.0,0.0,0.0,0.0,0.0,0.04968670425170307,0.004491338517627839,0.0,0.0,0.011556501377627629,0.0,0.0,0.0,0.0,0.022738273360854593,0.003794173236750165,0.0,0.0,0.0,2.0043213737826426,Lung Adenocarcinoma,-0.3463979672784948,-0.3821290835103885,0.1929817002826163,-0.22153906465587098,0.8449046758900314,-0.9016644463367366,0.2306087231781548,-0.03592268642157346,0.596755880719328,0.1258825294798154,-0.6522943190270517,-0.6132385964860871,-1.7762330302797134,-0.3165404480470285,-0.4360180756711103,-0.5752094169444338,-0.19025223861521368,-1.7939245677974816,-1.9265409537994431,0.2874145370092987,0.001559227646520816,-1.099204546983731,-0.5200100542218873,-0.04615716305516547,-0.1689490835402462,-0.9494522056027618,-0.99819287659353,0.9604581159403472,-0.665130286853307,-1.0022919646397017,-2.4611470825847457,-1.4274928940735883,-1.1767012985877128,0.8040650326360996,1.5661192978168854,-0.7684762754146418,0.8747499329165026,-0.17359102094384835,-0.6831326869811605,-1.5304681061827625,-0.5344431439357902,-0.7247025589921717,-1.7734115350729978,1.2224900791219588,-0.09718826120264934,-1.9445389591933795,0.7370714942548424,0.01623165809334945,0.5839646419696407,-0.4545547469523112
TCGA-55-8203-01A,0.04178082818523858,0.0,0.0,0.4286564166707336,0.0,0.0,0.0,0.0,0.0,0.0,0.0,0.0,0.0,0.0,0.0,0.0,0.0,0.0,0.0,0.006060714986370379,0.0,0.0,0.0,0.0,0.0,0.0,0.0056230022775640666,0.0,0.01929775183361658,0.0,0.0,0.15444233456989673,0.0,0.0,0.0,0.0,0.0,0.0,0.0,0.012121995633425784,0.0,0.0,0.07629103485659677,0.0,0.0,0.0,0.0,0.0,0.0,0.0,0.0,0.0,0.0,0.0,0.0,0.0,0.0,0.006631044621615957,0.03702858181598711,0.035943161601391244,0.0,0.0,0.0,0.0,0.0,0.0,0.0,0.0,0.0,0.0,0.005693885805858034,0.0,0.03470000120584559,0.0,0.0,0.0,0.0,0.0,0.0,0.0,0.0,0.0,0.0,0.018424752817092122,0.05253964006613056,0.0,0.0,0.0647648530526367,0.0,0.0,0.0,0.0,0.0,0.0,0.0,0.0,0.0,2.59659709562646,Lung Adenocarcinoma,-0.5146416840272706,0.4232322716154553,0.2534594768616812,0.36584206471518094,-0.16293467585731333,-0.7711646682668712,-0.17094378263007726,-0.3425366262315759,0.09161514122182367,0.2793944113380171,0.16208731616743624,-0.38837873748557544,-0.40703324577670763,-0.08882043712259732,-0.3216848740883832,0.12948409878805234,0.11428447418272822,-0.2863606844798281,0.008744418890409028,-0.08760454594539564,0.7864828151005826,-0.6962625065248705,0.18483328288497264,0.36173977590448025,-0.15985683424286287,-0.19409358404592295,0.05641259893331546,-1.0454973529949791,0.1659899648790854,-0.33103384576703465,0.1188632472772699,0.08330935940291254,-0.26857939447044027,-0.6684315947883427,0.0900457822854278,-0.1589319082893846,-0.17661326886942258,1.2747798158614714,0.10618618141776559,-0.16880534140536776,0.07672025515307979,-0.031195036517466097,-0.3225357517817586,0.0947846465817061,-0.0034997421025152963,0.1365022248416137,-0.5065053321515958,-0.5142309053760394,-0.1690516970982159,-0.3071159646045274
TCGA-55-8204-01A,0.004474741177159835,0.062188803570845885,0.0,0.0,0.0,0.0,0.12228617731445536,0.0,0.0,0.0,0.0,0.0,0.0,0.0,0.0,0.0,0.0,0.0,0.15114090875558225,0.0,0.06534469873938065,0.023699603546163173,0.0,0.0,0.0,0.0,0.0,0.0,0.037960006672867926,0.0,0.0,0.0,0.0,0.0,0.0,0.0,0.17673829282532105,0.0,0.0,0.0,0.0,0.0,0.00514613289259839,0.0,0.0,0.0,0.047206652167703096,0.0,0.0,0.0,0.0,0.0,0.0,0.0,0.0,0.0,0.0,0.0,0.005185652493712683,0.04145478695120625,0.0,0.0,0.043115390387007554,0.06657000101150075,0.0,0.0,0.0,0.0,0.013321236759081312,0.0,0.0,0.0,0.023021712810315204,0.0,0.003464297802810093,0.030351898961133446,0.0,0.0,0.0,0.0,0.0,0.0,0.0,0.03460546532414881,0.0419022405817071,0.0,0.0,0.0008212992552991265,0.0,0.0,0.0,0.0,0.0,0.0,0.0,0.0,0.0,2.3521825181113627,Lung Adenocarcinoma,-0.5649103765772745,0.06334006980855135,1.128986630396496,1.1177819555927044,0.842218790558882,1.3711775950445506,1.1997772019974051,-0.8703180684843489,-0.9350382138166313,0.781570548320009,0.37294980834363034,-0.02076232175859265,0.022064324893552326,0.9966679357531802,0.2756607800135924,0.326350130678227,-0.6426360035359605,0.05169252915682864,0.6339940052603942,0.4932935248834016,0.44342059524858973,0.8756888837076435,0.5133579147313376,0.4323534356598508,0.7085754662388,-0.09555764349745129,0.24317283146161542,1.688394526810784,0.7605337890403936,0.032511632648308496,0.6324935582055734,0.5126427054698761,0.4218029335895781,0.5117801748981536,0.8922181245187062,-0.18521603722986218,1.6945503850808856,-1.0222279536796863,0.24624682380571414,-0.3886638452703742,-0.30120456594590234,0.1886058140653158,0.18413916309206196,0.7245335994074248,0.691638089415216,0.6931591766478856,0.7699627706266391,-0.16382071259876657,1.3927796949730347,0.21607629148643676
TCGA-55-8205-01A,0.017292655117628168,0.10148515303104144,0.0,0.25517878653674614,0.0,0.0,0.014617637740446766,0.0,0.0,0.0,0.0,0.0,0.009326430505738939,0.02972063200063615,0.0,0.0,0.0,0.0,0.16630812656368993,0.0,0.0049650705945722,0.0,0.012563457927540305,0.0,0.0,0.0,0.010598739150179018,0.0,0.007280330969484893,0.0,0.0,0.10520853473629423,0.014303514537460304,0.0,0.0,0.0,0.0,0.0,0.0,0.0,0.0,0.0,0.0,0.0,0.0,0.0,0.049802769593018895,0.0,0.0,0.0,0.0,0.0,0.0,0.0,0.03046724089263546,0.0,0.0,0.0,0.0,0.0,0.0,0.0,0.0,0.019536053603356876,0.0,0.0,0.0,0.0,0.00772349010880801,0.0,0.0,0.0,0.011467791582104958,0.0,0.0,0.0,0.0,0.0,0.0,0.0,0.0,0.0,0.0,0.022461043203476787,0.03462083175404099,0.0,0.0,0.0570123352385572,0.0,0.018059374612542534,0.0,0.0,0.0,0.0,0.0,0.0,0.0,2.7234556720351857,Lung Adenocarcinoma,-0.37545405326411646,1.8603848479417004,-0.04982322541090575,0.1963655094418723,0.8402438198315554,0.9152876404934402,1.571137840146875,-0.5310254212478308,-0.2865078160987646,-0.0973255374178569,1.8091565841584891,0.4035472763212536,1.2001032726105396,-0.057055522833020116,-0.6394061045134187,-0.7846219112071146,-0.24933953893028202,1.1404352096807948,-0.2433033929961461,-0.37940682253748326,0.06979725277647901,-0.027691252813773715,1.2700901035052932,1.8962384787344801,1.8480755864716252,1.4769458970171407,1.806822304334176,-2.5903217872523823,1.174730943050058,1.6253582481158466,0.7035488326148965,0.6888598402994297,0.9271894275719478,-1.0077126410232298,-0.5997707608539936,-0.5533071791542311,0.08041476960840191,-0.14967442144434276,-0.3612520724135157,1.731544605732034,0.09610640256958954,0.06950945231185925,0.194264501612651,0.5783811931321894,1.313785671809369,0.036410142806196956,0.4386412955553653,0.295830736758688,-0.8717450155234766,-0.0739065239459895
TCGA-55-8207-01A,0.035418158867933446,0.0,0.022836736585601907,0.32445514397469555,0.0,0.020705153548718658,0.01402108640161162,0.0,0.0,0.0,0.0,0.0,0.01981368954839491,0.0,0.0,0.0,0.0,0.0,0.00854750117671922,0.005492180360193835,0.0,0.0,0.0,0.0,0.0,0.006698926409894781,0.0,0.007880146664034998,0.05652147160569275,0.0,0.0,0.13268095009699693,0.0,0.0,0.0,0.0,0.0,0.034226572950270866,0.0,0.010234947189006891,0.007963992596235496,0.0,0.015581564110848142,0.0,0.0,0.0,0.0,0.0,0.0,0.0,0.0,0.0,0.0,0.0,0.058831366990707186,0.0,0.0,0.01187644244211777,0.02579735308929149,0.0,0.0,0.0,0.01622930513586656,0.009022867247950442,0.0,0.0,0.0,0.0,0.00036563590390806185,0.0,0.0,0.0,0.04543175955380314,0.0,0.0,0.0,0.0,0.0,0.0,0.0,0.0,0.0,0.0,0.016976847241823047,0.023618527172141784,0.018482893964582612,0.0,0.03186480396973113,0.0,0.0,0.0,0.0,0.01842397520122675,0.0,0.0,0.0,0.0,2.5118833609788744,Lung Adenocarcinoma,-0.13622475090694075,-0.06663646403968052,0.6647028947059095,1.23287075444857,1.3517470082316798,-0.4102359188413321,0.9865317541053338,0.6272451310457733,-0.1734048167098846,1.6856514866247738,0.9291106957906041,-0.9931822326819199,-1.8054282880068675,1.255891409351054,0.38111857078528855,-0.01837316926961925,0.12148761345892155,-1.7994776272804034,-0.4641496096397808,0.5067557185563077,0.6879719651064176,0.7905297484755157,0.8231814052699172,0.43856410765749193,0.9628875000978694,-0.6115236556937952,-0.3031979311266186,1.2390150951941719,1.4841681397916204,-0.7379426810520653,-1.5764193124551573,-1.3209870178075132,-1.4644981796832894,1.9727427404714217,2.400077079324125,-0.6116222265698888,1.3304776641685059,1.4289025981968837,0.04155254661904663,-1.1575104308199713,0.5703811160370983,-0.35140035426275207,-1.5929795568642355,1.3139856922442255,1.4314980352527251,-1.3542988475134305,1.408372351003904,-0.29456264471339844,0.09425449027164437,0.5351850465190671
TCGA-55-8208-01A,0.006870051061755515,0.16408980091258565,0.14997178513947673,0.08480276287706581,0.0,0.001222912029607891,0.054679893079318795,0.0,0.0,0.0,0.0,0.0,0.0,0.0,0.0,0.0,0.0,0.0,0.22045144146732656,0.00022155055170051163,0.0,0.030997551603457615,0.0070359178798551116,0.0004651607123917166,0.0,0.035487255573451594,0.016608619325966113,0.02162908505157525,0.0,0.0,0.0,0.08151665479307883,0.0,0.0,0.0,0.0,0.0,0.0,0.0,0.0062525798185088105,0.0,0.0,0.020430362251320097,0.0,0.0,0.0,0.0,0.0,0.0,0.0,0.0,0.0,0.0,0.0,0.0,0.0,0.0,0.0,0.0,0.0,0.0,0.0,0.0,0.021754573665627615,0.0,0.0,0.0,0.0,0.0,0.0,0.0,0.0,0.0,0.0472291186476798,0.0,0.0,0.0,0.0,0.0,0.0,0.0,0.0,0.0,0.021272853057153727,0.0,0.0,0.0,0.0,0.0,0.0,0.0,0.0,0.007010070501096278,0.0,0.0,0.0,0.0,2.5010592622177517,Lung Adenocarcinoma,-0.381179881022868,1.960254772664893,0.4205198498278216,1.220542755574446,1.1314117852597971,0.44350827454714653,1.41698342015041,0.3765341592495763,0.4467672347372297,1.2156950222717404,2.149860406267492,-0.49239979507662524,-0.29799425818811726,0.9081231376744943,-0.3861189745565347,-0.08711721888753964,-0.021208207548650694,-0.39792112767066623,-0.4943661802284805,0.0027791789064987265,0.9642538644587675,0.8207523341737637,1.969964628245437,2.081314658822782,2.005496231332643,1.3343559569368926,1.6924644159706443,0.150121947252365,1.8839092871782925,-0.11510416058467193,0.6546437372183843,-0.28352136992436344,-0.7012746409897496,0.38549463243402826,0.17377807446374705,-0.6096029137717577,1.0057019254402055,0.7283717156477615,-0.2403311179682403,1.0936142095800454,0.14046705210958305,1.5118941681649534,-0.7808093263217755,0.5357559865960098,1.0435522949035603,-0.06396622228136982,0.3506016539792085,0.29047364524484554,0.0606180064765867,1.3494748397606906
TCGA-55-8299-01A,0.0,0.030973609501258062,0.0,0.1615638673871442,0.0,0.0003083132858564481,0.0,0.0,0.0,0.0,0.07056315277135165,0.0,0.00534343348866408,0.0,0.0,0.0,0.0,0.056579885162421246,0.0014352328086959872,0.0,0.0,0.0,0.0023120198133039682,0.0,0.04288757609480193,0.029611529992029848,0.0,0.0,0.0,0.0,0.0018116785240137221,0.16815573040278975,0.0,0.0,0.0,0.0,0.0,0.0,0.04296013304057025,0.0,0.0,0.0,0.0,0.0,0.0,0.0,0.0,0.0,0.0,0.0,0.0,0.0,0.0,0.0,0.0,0.0,0.0,0.004767165463714119,0.03326777359167059,0.013209184249359088,0.03209947692717601,0.0,0.0,0.03931890107219196,0.0,0.0,0.0,0.0,0.0,0.0004420132537355989,0.0,0.0,0.0069931452513398535,0.0,0.0,0.0,0.0,0.0,0.0,0.0,0.029135914076899142,0.0,0.002877708589167651,0.06227636958583349,0.0,0.0,0.16110618566601131,0.0,0.0,0.0,0.0,0.0,0.0,0.0,0.0,0.0,0.0,2.214843848047698,Lung Adenocarcinoma,0.37446915834659894,1.6975599451563244,0.8723115784803409,1.3737179049814312,1.3527775845672572,1.0007208060151411,1.3894842171146833,-0.15501961091371608,-0.5734508824193786,1.7822462727979818,2.022119235436742,-0.682256799813379,-0.4108106312565039,1.375507887370172,0.10748992551326109,0.31021417511199495,-0.1388805122440226,-0.24017654637360777,0.15116623813424737,0.5052161400924376,0.668808078988257,1.10130628269842,1.7080051783530776,1.902849443486913,1.6962499201985353,1.2013435629874953,1.604706723052527,-0.7299016450547188,1.6530309187550276,0.14689134225662295,0.0326484041750206,-0.3229514584057892,-0.3927894695909522,0.8473388941010267,0.4269922006774164,-0.28505968752267724,0.8170087416381646,0.7844117868859999,-0.29061846354625576,0.5375615270891388,-0.17444735990672544,0.7002529755726136,-0.580990834746805,1.6164635730630643,1.6371317100435252,0.43148628656610766,1.1390297705658183,0.8585800708332587,1.1399680059806414,0.9271568047234842
TCGA-55-8301-01A,0.014577618011860695,0.01779469157594741,0.0,0.3259619902961178,0.0,0.0,0.03376572146370959,0.0,0.0,0.0056190839682614445,0.0,0.0,0.0,0.0,0.0,0.0,0.0,0.0,0.04686742740969358,0.00026296103513116065,0.0,0.019280452751699692,0.0,0.006354287186296437,0.0,0.0,0.044599870124285346,0.0,0.0,0.0,0.0,0.16924859463277683,0.0,0.02817697881466575,0.0,0.0,0.0,0.018681284531331905,0.023308594590040727,0.0,0.0,0.0,0.0,0.0,0.0,0.0,0.0,0.0,0.0,0.0,0.0,0.0,0.0,0.0,0.032868963034323406,0.051617545418381226,0.0,0.004344883524257175,0.0017701667362127497,0.0,0.0,0.0,0.0,0.0,0.0,0.0,0.0,0.0,0.0,0.0010576803810724768,0.0,0.0,0.051710560523385456,0.0,0.0,0.0,0.0,0.00138926243673011,0.0,0.0,0.0,0.0,0.0,0.022286970834626007,0.028419724402680795,0.0,0.0,0.048901606189297515,0.0,0.0,0.0,0.0,0.001133080127214619,0.0,0.0,0.0,0.0,2.456366033129043,Lung Adenocarcinoma,0.04266742739596448,1.7657679008219151,-0.22777648602088812,0.3763391816462816,0.6404456536474417,-0.268351231033073,1.0843489130807775,0.11302678638308204,0.6645061037054096,0.46349125491472587,0.9325760635329132,0.13990436465173606,0.18219898876616591,0.31933895328841055,-0.13519746916777892,0.12270528648183902,0.17177706488528785,0.10286538872051945,0.24311345549880578,-0.17306678650324842,1.0983426354178094,0.3803910428599778,0.9454132705759266,1.2277320512201337,1.0349121993666206,2.021969077118591,2.0771197694905266,-0.41907979771646964,0.6023180238397717,0.033276245422227575,0.6685112573303871,0.34561351247175937,0.48300169711967017,0.32974755287545093,-0.3454553677409523,0.1012609242790414,0.1591454196719745,0.4991340726279415,0.5982025530672496,0.8357695603587061,-0.5433673666399521,0.9353727948065729,-0.6803672371237572,-0.5118797856719318,-0.16457594774370976,0.7134636727459771,-0.11202554455384502,0.37409475413476184,0.3634473539800868,-0.3072037641503663
TCGA-55-8302-01A,0.014023364921822684,0.0,0.0,0.6885981989582276,0.0,0.0,0.022453911576136854,0.0,0.0,0.0,0.0,0.0,0.0,0.0,0.0,0.0,0.0,0.009388379215599521,0.012112445497563226,0.0,0.005111525102552587,0.0003710311265366304,0.0,0.0,0.0,0.0,0.0,0.008690284280270119,0.0,0.0,0.03453754721132381,0.06185873547296014,0.0,0.0,0.0,0.0,0.0,0.012429175610931152,0.0,0.0,0.0,0.0,0.0,0.0,0.0,0.0,0.0,0.0,0.0,0.0,0.0,0.0,0.0,0.0,0.0,0.0,0.0,0.0,0.0075921896196409315,0.0,0.0,0.0,0.01220077031791516,0.0,0.0,0.0,0.0,0.0,0.0,0.0,0.0,0.0,0.0,0.0,0.0,0.0,0.0,0.0,0.0,0.0,0.0,0.0,0.0,0.029022884047200943,0.0679100974356246,0.0,0.0,0.013699459605694282,0.0,0.0,0.0,0.0,0.0,0.0,0.0,0.0,0.0,2.8369567370595505,Lung Adenocarcinoma,0.049144257140028236,0.15175016142231135,-1.394783681577455,-0.8481777854283931,0.7327386938481601,-0.005163437163433941,0.5601578229699016,-1.3855117333322597,-0.25076998580596443,0.33540358012369104,0.47649544566654073,0.6335392826168157,0.03312574296817947,-0.40543910437636765,-0.015279981705503438,0.18706877751299408,-0.25134152714403335,-0.05025996626304148,1.3323656062115594,-0.5934915680973324,-0.10277638596895784,0.43261267069482323,0.4107053378917667,0.15665328881834245,0.2933924369187651,1.4854270464732027,1.0670442278132612,0.5936065399095104,0.086725407280439,0.16577756826720574,0.09005688877723753,-0.19240228095440873,0.34968762015957816,-0.057506610746972754,0.5101910303752732,-0.5681375930902246,0.7670817966687348,0.06262452946375645,-0.3658227150407849,-0.036986437198858926,-0.5674859031984879,1.2261140940906237,-0.759680935408481,-0.04530487258878432,0.1678227608941007,0.29079732761642224,-0.46472234040525495,0.16978646397267938,-0.46819263312867426,0.6419721164527845
TCGA-55-8506-01A,0.07354752867995396,0.00801215051193008,0.0,0.4273765831848235,0.0,0.09288141526115494,0.0,0.026688031042366823,0.0,0.0,0.0,0.0,0.008526359206083193,0.0,0.0,0.0,0.0,0.0,0.002634197176614285,0.0,0.05664163444405109,0.0,0.0,0.0,0.0,0.0,0.02264460312290634,0.0060355750507675695,0.0,0.0,0.0,0.0667604868779594,0.0,0.0,0.0,0.0,0.0,0.0,0.0,0.0,0.0,0.0,0.004414802984486932,0.0,0.0,0.0,0.0,0.0,0.0,0.0,0.0,0.0,0.0,0.0,0.0,0.0,0.0,0.0031118813579898937,0.03259843511901474,0.0,0.0,0.0,0.0,0.03816277686415688,0.0,0.0,0.0,0.0,0.009044604259055122,0.0,0.0,0.0,0.006304415308017066,0.07959098118140172,0.0,0.0,0.0,0.0,0.0,0.0,0.0,0.0,0.0,0.0,0.018384919158104286,0.0,0.0,0.007238222477694398,0.0,0.0,0.0,0.0,0.009400396731467784,0.0,0.0,0.0,0.0,3.215373152783422,Lung Adenocarcinoma,0.07744475496244276,-0.04812497386168603,-0.6423115086999281,-0.39639294272698916,0.4085027174848891,-0.40408641877794654,0.07338406946946928,0.10915970128545405,-0.07593070282133402,0.5772334555131353,0.13547014640329857,-0.1781397688310711,-0.40425263057542205,-0.09267985127662877,-0.02586174739128141,0.21703339851313566,-0.2077424787338539,-0.21600630334831883,0.27434770656484103,-0.6342481501376627,1.6211714973626559,0.21761635990689937,-0.23399545712170935,0.4581099491636283,0.4890068096319327,0.59080188659685,0.45843165530454955,0.8268532220725654,-0.20254937252084515,-0.008202156875047144,-0.6147062452714389,-1.2472089017700612,-0.6921164749171573,0.7439750746388598,0.22424158588045615,-0.5635602513060376,-0.1448737471949708,0.23014209628053056,0.1334381841743686,0.1621112565192013,0.2279193743839946,-0.3759140580228681,-0.1319190628875335,0.3892447654993216,0.4953972016285228,-0.2049332379343752,-0.4364474879939007,-0.08706938846447668,-1.4453340539597843,-0.3488239157299363
TCGA-55-8507-01A,0.005937640143354568,0.005759966162363979,0.0,0.5967238615730325,0.0,0.018949341083076006,0.013821443085548045,0.019245876730054717,0.0,0.0,0.0,0.0,0.0,0.0,0.0,0.0,0.0,0.0,0.005024857102304977,0.0,0.0,0.0,0.0008372233522152107,0.0,0.0,0.024078018395158628,0.03656294263495158,0.0,0.0,0.0,0.0,0.033619917929374535,0.0,0.0,0.0,0.0,0.0,0.0,0.0,0.0,0.0,0.0,0.0,0.0,0.0,0.0,0.04652298957106895,0.0,0.0,0.0,0.0,0.0,0.0,0.0,0.035196431234583596,0.0,0.0,0.0,0.009991100168495326,0.0,0.0,0.0,0.0,0.014460443780049015,0.0,0.0,0.0,0.0,0.023325088672394804,0.0,0.0,0.0,0.016716133162952566,0.0033017051824282447,0.0,0.0,0.0,0.001782536564526782,0.0,0.0,0.0,0.0,0.0,0.021747687257976045,0.055055499096640675,0.0,0.0,0.0,0.0,0.0,0.0,0.0,0.004524897008673098,0.006814400108776206,0.0,0.0,0.0,2.9960736544852753,Lung Adenocarcinoma,0.06389924535938626,-0.5988079112790272,-0.6114173052762872,0.5655851956331006,-0.07239135263610601,-0.5131353105882409,0.010502289719887033,-0.41523511386074896,0.9953013221484047,0.5060520582016141,0.06675426459845751,-0.22689633725151165,0.04210918035991188,-0.154850650584876,-0.06647189290524336,0.7093522586212508,0.2092880291594223,0.13019117500276506,-0.42325675623084863,-0.04516372753643263,0.20355489028084897,-0.11930199909254925,-0.1273234905267143,0.10643923030889035,0.17918682588913273,-0.17158241392812615,-0.4556428114758906,-0.27489895866703057,-0.23910700085024184,0.2603030346763194,-0.3956114954252567,-0.18895059232976508,0.25224053782112954,0.5640172100470736,0.24561110079029275,-0.2533961690206678,-0.30614526421020194,0.08749366526535375,-0.12042421976530546,-0.4835174571865037,-1.4902767336289555,-0.6655280790766076,-0.5249434180706511,1.2958667362143292,0.2999596335071296,-0.09450024819090266,-0.15769201615269135,0.5284003545813094,0.9768298713196631,0.1776597165637773
TCGA-55-8508-01A,0.06106915590642186,0.03227985341344731,0.07654423027386026,0.4059929559655347,0.0,0.0,0.0,0.0,0.0,0.0,0.0,0.0,0.019382793356465845,0.0,0.0,0.0,0.0,0.0,0.0,0.0,0.0,0.0,0.001161117749556173,0.0046202353244242395,0.0,0.004118624664808123,0.0,0.0,0.0007260047142135595,0.0,0.0,0.07658309817537988,0.0,0.0,0.0,0.0,0.0,0.01953986877936644,0.0,0.0,0.0,0.0,0.0,0.0,0.0,0.0,0.015864125797649186,0.08676037055753717,0.0,0.0,0.0,0.0073371374889020565,0.0,0.0,0.0,0.0,0.0,1.9955635029770184e-05,0.02944116647406148,0.0,0.0,0.0,0.024726450475403547,0.0,0.0,0.0,0.0,0.01608363297128906,0.0,0.0,0.0,0.0,0.0,0.0,0.0,0.0,0.0,0.0,0.0,0.0,0.0,0.0,0.0,0.027070615474860813,0.04428986989461455,0.0,0.0,0.0,0.0,0.0,0.0,0.0,0.04638873690717399,0.0,0.0,0.0,0.0,2.2405492482826,Lung Adenocarcinoma,-1.07315992646738,-0.17433992912943336,-0.2702139178065167,0.11309755354507259,0.0887261107145009,-0.015869700313901402,-0.142365466369113,-0.5009203482786881,-0.3376382975470445,0.1288294501708363,-0.06649573892652573,-0.7117159959840911,-0.6870399142631406,0.46506270073788325,0.2755329707394793,0.2822838453921331,-0.4471990979301454,-0.5542917396820112,0.724678209578944,0.5193542646196416,0.4584241819399383,0.9438536729399168,-0.28827161373573185,0.33970330739169624,-0.2292974376653124,-0.6701504542953126,-0.35097444478096046,-0.17809757074388738,0.21545650530286134,-0.6363526124188957,-0.2117216846793353,-0.5255108180177857,-0.43240299856897957,0.15599362131097652,0.1936449731710832,-0.5040163597063116,-0.17984449587593945,2.100405894788977,-0.3821213073518055,-0.4541382583337195,-1.0575692781862465,-0.3403952114364098,-0.8509890097025206,1.0808407072347166,0.2432717912096287,0.06356859533028543,-0.42428515837367753,-0.39354726849463106,0.6424291407145631,0.04545657377303176
TCGA-55-8510-01A,0.0,0.0,0.0,0.5317871039955301,0.0,0.0061368603182389994,0.030826836115002816,0.005355094959707793,0.0,0.0016988411830063592,0.0,0.0,0.006949833065460809,0.008926706596948107,0.0,0.0,0.0,0.0,0.04917340786965131,0.0,0.0012235943470118918,0.0,0.0,0.0,0.0,0.0,0.0,0.0,0.01165894892721004,0.0,0.0,0.0647588920168836,0.0,0.0,0.0,0.0,0.0,0.03945193834581483,0.0,0.0,0.0,0.0,0.0,0.0,0.0,0.0,0.005781046406132625,0.0,0.0,0.0,0.0,0.0,0.0,0.0,0.0,0.0,0.0,0.0,0.020492681928149428,0.021529323090973544,0.023458705685465306,0.004250887697056194,0.04933438567709085,0.02954126321537696,0.0,0.0,0.0,0.0,0.0,0.0,0.0,0.0,0.0,0.0,0.0,0.0,0.0,0.0012785127953440288,0.0,0.0,0.0,0.0,0.0,0.04423754651537116,0.0305474248498396,0.0,0.010049369835625701,0.0015507945631079343,0.0,0.0,0.0,0.0,0.0,0.0,0.0,0.0,0.0,2.4668676203541096,Lung Adenocarcinoma,-0.008187827338110378,1.1310110050528588,-0.4620841401750305,0.46492345999911594,1.6822089319717581,0.2410413115886966,1.1568485579116992,0.7819353461837792,0.34541581743124083,1.0594111766814387,1.075124198880393,-0.6696638908170468,-0.5642924558943363,0.5231660641602969,-0.07897789909115448,-0.3542016680454916,0.4690465723955008,-0.6736435877807867,-0.4632243284990102,0.09373014935422393,0.9462207875527746,-0.05420139592538086,0.6564676713562541,1.243865263955726,0.9294103332356901,0.40015283299336,0.6010235574720388,-0.1373279178066355,0.9349499348252597,0.16828009337155395,-0.5484587259623442,-0.9672155301956848,-0.6366350854962637,0.7278271371680322,0.9857190805662254,-0.8826418664550357,0.7775882127836135,-0.20800957412507362,0.538020729639974,-0.43828813477662315,-0.4618112016761536,1.2784927147058298,-1.249983664901406,0.9265484815408831,0.3381574454325907,-1.3092694656467232,0.5946343757270227,0.18768724707589646,0.35576488849462645,1.3728142805887011
TCGA-55-8511-01A,0.025256211880927554,0.04660843846718702,0.0,0.5425662335202738,0.0,0.0,0.05029313911018554,0.0,0.0,0.004854324169663183,0.0,0.0,0.0012065429940782077,5.6049221095269444e-05,0.0,0.0,0.0,0.0,0.03855318654674224,0.0,0.0,0.00451374477029137,0.0,0.01223825068165111,0.004105326519261179,0.0,0.0,0.004912515169550385,0.0,0.0,0.0,0.05513688158256329,0.0,0.0,0.0,0.0,0.0,0.0,0.0,0.00866732179265665,0.0,0.0,0.0,0.0,0.0,0.0,0.03036837048196499,0.0,0.0,0.0,0.0,0.01893267341893132,0.0,0.0,0.0,0.0,0.0,0.0,0.010399574150612283,0.0,0.0,0.0,0.03097123775080621,0.0163688183498352,0.0,0.0,0.0,0.0,0.013756658150045445,0.0,0.009601305750520065,0.0,0.0,0.023059327429099104,0.0014846656604401492,0.0,0.0,0.0,0.0,0.0,0.0,0.0,0.0,0.026649823381335935,0.0,0.0,0.0,0.017012466981259904,0.0,0.0,0.0,0.0,0.002426912069022559,0.0,0.0,0.0,0.0,2.7427251313046983,Lung Adenocarcinoma,-0.6947542253044467,0.7621949139067544,0.5344333515524737,0.1789222838909027,1.3593168914063705,-0.010967926783582115,0.6432973494428924,-0.6734295397350583,0.7996796732153089,1.098332375166293,0.9029939975583798,-0.46895371571042804,-0.03617989149635302,0.6266016989969877,0.07398684845370482,-0.2976827745995649,-0.26039133662861796,0.13126834089154799,0.03714540582823756,-0.24306281541760485,0.8340200964809809,0.36391151690079443,0.6206269639519655,0.9984817170218184,0.9752533294435001,-0.3397305672963262,0.46848120066320825,-0.8196784712139141,0.6063709045304212,0.5217150724107817,-0.014689615846310457,-0.44498833462753995,0.35402454933043065,-0.07406395319538552,1.409377166203988,-0.9115690438297209,0.5680100040032927,-0.9066122202098541,-0.42504094862765873,0.25620600121812503,-0.34927423483483216,0.11748396088555058,-0.43987929099847095,0.44664340449196877,1.7420549343048444,0.5685113956340836,-0.1453479248697442,0.8701752973525942,1.0690307132519141,0.2677903796445014
TCGA-55-8514-01A,0.0537595468062218,0.0037915739254861624,0.0,0.23545968575659787,0.0,0.0,0.0,0.10310051684542063,0.0,0.0,0.0,0.0,0.0,0.0,0.0,0.0,0.0,0.0,0.021066917573844417,0.0,0.0,0.0,0.0,0.0,0.0,0.0,0.0,0.0,0.023418579485201072,0.0,0.0,0.2307923134306155,0.0,0.0,0.0,0.0,0.0,0.0,0.0,0.0,0.0,0.0008301049127414954,0.0,0.0,0.0,0.012656895314426993,0.0,0.0,0.0,0.0,0.0,0.0,0.0,0.0,0.06765563889580155,0.0,0.0,0.0,0.017061284923037427,0.0,0.0,0.0,0.04349631758692581,0.00826723733406776,0.0,0.0,0.0,0.0,0.0,0.0,0.0,0.0,0.01076667615885678,0.0649687529799795,0.0,0.0,0.0,0.0,0.0,0.0,0.0,0.0,0.0,0.018982599832601477,0.0,0.0,0.0,0.07217246826558386,0.0,0.0,0.0,0.0,0.011752889972590034,0.0,0.0,0.0,0.0,2.424881636631067,Lung Adenocarcinoma,0.19580006084887436,-0.3698461375705586,-0.7596956291702808,-1.1040109237788842,-0.08111522369912845,-0.8708242486265335,-0.27154292693081755,0.16443159200512314,2.0822656430336233,-0.2936487232910604,-0.6964140495830875,0.3015881556014888,-1.7832919214499487,-1.3770307087157523,-0.4052247778137422,-1.0216702314845922,-0.38480548141037835,-1.948768482675155,-0.1314469009437393,-0.41347815727571485,-0.08115651837583777,-0.7152459599105362,-0.4155674528025951,0.0608778764455637,0.14303223073594462,0.5857419954140937,0.3097004590307298,1.5080307466530534,-0.3285892834271463,-2.023263676774419,-1.2047766470999404,-1.460277418037453,-0.013496275142446489,-0.5180322496309502,0.8564801172764369,-0.2548011189304004,0.20222065170454812,0.11524895223475509,-0.6390949886070139,-1.518368996351459,-1.3623659518211992,-0.31179694868141883,-1.5465915390474236,-0.6973994839013122,0.47450297618151227,-0.39950595558506874,-0.9008984080433894,0.44322257906756607,-0.5464408131518284,-0.01670077925405268
TCGA-55-8614-01A,0.08911964552475475,0.02448219672659219,0.0,0.07755829421657881,0.0,0.01284714357771356,0.0028724895617896614,0.0,0.0005517286496813545,0.028321635677078596,0.0,0.0,0.0,0.038240047211069064,0.0,0.0,0.0,0.0,0.04878085562501298,0.0,0.0,0.0,0.0,0.0,0.0,0.0,0.0,0.0,0.0085064285833655,0.0,0.0,0.1703723172988655,0.0,0.04987005410592272,0.0,0.0,0.0,0.06074542769204636,0.0037938594458210633,0.0,0.0,0.0,0.0,0.0,0.0,0.0,0.21289152156537636,0.0,0.0,0.0,0.0,0.0,0.0,0.0,0.0,0.0,0.0,0.013345001953246265,0.018949479267175315,0.0,0.010830097729434563,0.0,0.0,0.055245274727255864,0.0,0.0,0.0,0.0,0.0,0.0,0.0,0.0,0.0,0.0446525255987499,0.0,0.0,0.0,0.0,0.0,0.0,0.0,0.0,0.0,0.009165985160112656,0.01184838848246398,0.0,0.0,0.007009601619893054,0.0,0.0,0.0,0.0,0.0,0.0,0.0,0.0,0.0,2.383815365980431,Lung Adenocarcinoma,-0.7990479832985171,-0.1163479141519548,0.25010007330840395,1.6415134143127639,1.5987515814132751,0.5713153870305895,1.2958695312774822,-1.021666183198241,-0.30909382302073984,1.2788711042382783,-0.039081835949883986,0.04335935386720895,0.0038753787333638125,1.3180477374992792,0.5037783378053124,0.665983033036961,-0.9488368632053503,0.14486030314643963,0.08629718996537478,0.6246411289926732,0.29492531028522395,1.1351824891262166,0.38085183335515826,0.4066159519682371,0.6410045904060087,-0.7769851976046617,-0.5063815290965445,2.3194128853868086,0.39088517951314444,0.21511357619674004,-0.6856234874475218,-0.2550715000569668,0.15677802846970704,1.235594602672769,2.405233908869247,-1.0897844788382989,1.6282865723429312,-0.20256643734590732,0.027924575971725738,-1.432116312668511,-1.1777719438342091,-0.6258151791148897,-0.5157578582632022,1.7351392932719585,1.698435610315956,0.10978089566914935,1.208835002768042,0.9682384096667661,3.2698798484404694,-0.36283827619062875
TCGA-55-8615-01A,0.010776560944483909,0.0,0.0,0.0,0.0,0.03879465976612318,0.022886189855660505,0.004185584957527099,0.04088780130443573,0.0,0.0,0.0,0.0,0.0,0.0,0.0,0.0,0.0,0.0007360709855001454,0.0,0.0,0.0,0.018122181257589205,0.017457672637016135,0.055276296101334596,0.0,0.06440616125305153,0.0,0.0612296062115893,0.0,0.0,0.15300309001192727,0.027033896160613646,0.0,0.0,0.0,0.0,0.0349708515183092,0.0,0.0,0.0,0.0,0.0,0.0,0.0,0.0,0.1047838750896591,0.0,0.0,0.0,0.0,0.0,0.0,0.0,0.0,0.0,0.0,0.0,0.025920171083926212,0.0,0.0,0.0,0.0,0.03373339974639128,0.0,0.0,0.0,0.0,0.0,0.0,0.0,0.0,0.02876048409139405,0.001282437346026988,0.0,0.0,0.0,0.0,0.0,0.0,0.0,0.0,0.0,0.04663243729442343,0.0,0.0,0.13632160777304597,0.07279896460997162,0.0,0.0,0.0,0.0,0.0,0.0,0.0,0.0,0.0,2.0969100130080562,Lung Adenocarcinoma,-0.2496351588030925,-1.2088483755691353,-0.3322006677211198,-0.16602168808273693,-0.33020056756193694,-0.5983900047893976,-1.4708664407523127,-0.29586555883743076,-0.5834687722195333,0.4505259605502888,-1.0744667161924528,-0.4001702413379516,-0.6914624345192991,-0.3647057934979373,-0.09042901071485333,0.25625407545757944,-0.08498788518356645,-0.625772192617799,-0.12105072492241148,0.03578733754132944,0.11674461846232209,-0.45708375365257603,-0.9334092902966145,-0.8495306310551567,-0.9463652587400717,-1.089448985237994,-1.4851670174557507,0.012295048533039013,-0.7104086706182948,-0.5875155584294323,-1.215142590059039,-0.6241666243300872,0.02833978755258779,0.33555139437105913,-0.7238265347171757,-0.0014454352229470873,-0.09198303106990045,2.6878649722523917,0.14966084901154772,-0.787504277384053,-0.965158045007129,-0.37991159317498263,0.10435882095201515,0.362775825187483,-0.8065775363643809,-0.24765181818223952,-0.8582828677643809,-0.18661189928884134,-0.1540182719893083,0.6318288705120886
TCGA-55-8616-01A,0.025080763560615768,7.640968768851942e-05,0.0,0.4781028022545866,0.0,0.0,0.0,0.03358929376151232,0.0,0.0,0.0,0.0,0.0,0.006960022699613372,0.0,0.0,0.0,0.0,0.018820070035311127,0.016200185051428864,0.03300856987096604,0.0,0.004577491652771239,0.0,0.0,0.0,0.03925656128713443,0.0,0.0,0.0,0.0,0.08290961591261854,0.0,0.0,0.0,0.0,0.09199597142801091,0.0,0.0,0.0,0.0,0.0,0.023344957496901693,0.0,0.0,0.0,0.0,0.0,0.0,0.0,0.0,0.0,0.0,0.0,0.03930753070505159,0.0,0.0,0.010061231663097353,0.03434936213955416,0.0,0.0,0.0,0.0,0.005258734841815797,0.0,0.0,0.0,0.0,0.005005725304032017,0.0028396505765443092,0.0,0.0,0.0,0.0,0.0,0.0,0.0,0.0,0.0,0.0,0.0,0.0,0.0,0.02596114190929266,0.014476791002026642,0.0,0.008817117159425906,0.0,0.0,0.0,0.0,0.0,0.0,0.0,0.0,0.0,0.0,2.6794278966121188,Lung Adenocarcinoma,0.4602609716871867,-0.4482119479635754,0.3126863558329789,-0.8190784867104198,0.3675859105681618,-0.8012685887278018,0.13912016545089198,0.4290989048774788,0.7773889603821017,0.008434813612423547,-0.5890554664107512,-0.2717385422531804,-0.9836620777108275,-0.4948536953788563,0.31245780833880404,-0.14226479111635126,0.14759158733677455,-1.0599860801338252,0.11260963436186348,0.016836454611386022,0.41351812705786595,0.21645203136015734,-0.5584462957354223,-0.45860714017778337,-0.5793759505882107,-0.9972376501614069,-0.7326493153405023,1.3728506398561717,-0.6216927917099365,-0.13359384113957168,-0.933594314810829,-0.90988457750293,0.23361362932662372,0.8173180330201033,0.6071973032184131,0.0216792031887341,0.5042122548547758,0.04236577527900524,0.8917270346981195,-1.288566365247403,-0.7357666212459246,-0.37010795384602113,-1.101539112365297,-0.1585111776908007,-0.2865625714881701,-0.7077100439384594,0.042350332614135094,-0.15199799665066616,-0.013845880840710876,0.4869987683514714
TCGA-55-8620-01A,0.03525581524779558,0.010270372933732449,0.0,0.38021547087234764,0.0,0.0,0.022147752974152595,0.0,0.0,0.0,0.0,0.0,0.0,0.00027242645988895855,0.0,0.0,0.0,0.0,0.005338036043582151,0.0,0.0,0.0,0.001640873467988392,0.0006919753115293547,0.0,0.0,0.03827723952689627,0.0,0.0,0.0,0.0,0.09618701638595618,0.0,0.0,0.0,0.0,0.0,0.0,0.0,0.0006121165672527629,3.59511275519647e-05,0.0,0.07097935183546862,0.0,0.0,0.0,0.04086268017014564,0.0,0.0,0.0,0.0,0.07470302202195092,0.0,0.0,0.0,0.0,0.0,0.0039235303018743,0.038402120012380116,0.0,0.0,0.0,0.0,0.008199501120208905,0.0,0.0,0.0,0.0,0.0,0.0,0.0,0.0,0.011097982563113326,0.022113190848830885,0.0,0.0,0.0,0.0,0.0,0.0,0.0,0.0,0.0,0.034051299709936526,0.06331305288129956,0.0,0.0,0.04140922161611691,0.0,0.0,0.0,0.0,0.0,0.0,0.0,0.0,0.0,2.6981005456233897,Lung Adenocarcinoma,-1.1759917563114572,-0.6205512228680906,-1.6212043071862194,-1.3455811505869073,-1.408959229107439,-2.29884275246,-1.8388613552162756,0.10857450118628487,0.2374210409649344,-1.93839833065972,-0.7249661327884187,0.7160426895864271,1.3390777379644272,-1.8299140128979159,-1.066556501446981,-1.002210987724922,-0.31788836517147984,1.1403712920450506,0.0247660271491626,1.3962777947134895,0.23199322383361418,-1.1517851350425201,-1.326732491072998,-1.1734369540455334,-1.605898964747961,-0.9986299049763494,-1.1090453920274717,-1.000245388373299,-1.3603295574277914,0.792222224441287,0.9872147687346214,0.7153341187057709,1.016561077555389,-0.6383682605759331,-1.6648159719192488,0.17487756928349338,-1.7153145363503441,1.4171640600560886,-0.6223535541560751,0.3483788830909032,-1.0973897414384841,0.49046976687547894,1.4406880333922203,-2.023477248596943,-1.8909460138422656,-0.6662519973448265,-1.8917701912702927,0.12299568901846841,1.2468435851425788,-0.0536929013988445
TCGA-55-A48X-01A,0.004672065248666407,0.0,0.0,0.6238156891215206,0.0,0.0,0.053692398564613476,0.03271882939895762,0.00011977529310292757,0.0,0.0,0.0,0.0,0.001722205113872613,0.0,0.0,0.0,0.0,0.030674700234121756,0.0,0.0,0.0,0.0,0.0,0.0,0.0,0.0,0.0,0.0,0.0,0.0,0.06544441423482678,0.0,0.0,0.0,0.0,0.0,0.0,0.0,0.0,0.0,0.0,0.0,0.0,0.0,0.0,0.0,0.0,0.0,0.0,0.0,0.07722162753784677,0.0,0.0,0.0,0.0,0.0,0.010338188829928359,0.0,0.0,0.0,0.0,0.015842222740785103,0.0,0.0014536343425294257,0.0,0.0,0.0,0.0,0.0,0.0,0.0,0.0,0.0,0.0,0.0,0.0,0.0,0.0,0.0,0.0,0.0,0.0,0.024203752481800397,0.018350604631697957,0.0,0.0,0.0397298922257298,0.0,0.0,0.0,0.0,0.0,0.0,0.0,0.0,0.0,2.5276299008713385,Lung Adenocarcinoma,-1.1385574605670443,0.5979557688355658,0.25618975370699937,-0.0048247761035110056,1.2130490436283392,0.1319296644847766,0.7697975511637162,0.5461750288767317,0.28688811820627136,0.8352158781678846,0.6878281906351018,-1.2729774023242215,-1.175316474487691,-0.10586677243859535,0.19629603289962366,-0.12371811850730888,-0.3852207803286404,-1.0867145610482172,-0.6299121796553858,0.1421319450372188,0.6494081365590202,-0.5025037534474351,0.11037750772503209,0.6673813492272168,0.29963678883997935,0.029788676309421887,0.30849388521430793,0.560224021749827,0.38131075880511583,-0.16921924988357545,-1.20691841315626,-1.481504566965538,-1.5081090541085325,0.26012368421026627,0.9665195165454155,-1.5252561828178843,0.5186868211043153,-0.6805626485208792,0.29895724433467324,-0.5233969323681109,-0.4711370786264519,-0.3719380398036361,-1.3072400480620034,-0.04615878333348663,0.16125567532006904,-1.7508068913832338,0.40484149370072897,-0.8983234026477196,0.36139456810061177,-0.1900081231547136
TCGA-55-A48Y-01A,0.05147538499062958,0.3393790875082358,0.0,0.0,0.0,0.0,0.04521228010340557,0.0,0.0,0.0,0.0,0.0,0.0,0.05373733662201345,0.0,0.0,0.0,0.0,0.3723837218346852,0.0,0.0,0.0,0.003440837457789927,0.0,0.0,0.0,0.0,0.005805846412288694,0.011498090646404668,0.0,0.0,0.0,0.0,0.0,0.0,0.0,0.0,0.0,0.0,0.0,0.0,0.0,0.0,0.0,0.0,0.0,0.04170676473318885,0.0,0.0,0.0,0.0,0.0,0.0,0.0,0.0,0.0,0.0,0.00040845093490910844,0.001373853849608749,0.0,0.0,0.0,0.007816676006956146,0.0,0.0,0.0,0.0,0.0,0.0019210441552696535,0.0,0.0,0.0,0.019261860378952896,0.0,0.0,0.0,0.0,0.0,0.0,0.0,0.0,0.0,0.0,0.04146394422946728,0.00286694577961482,0.0002478743565794925,0.0,0.0,0.0,0.0,0.0,0.0,0.0,0.0,0.0,0.0,0.0,2.5575072019056577,Lung Adenocarcinoma,0.20802692931535258,-0.16714777504412417,0.35361573766620497,1.469468347821244,0.37958844145467485,0.01257526671538807,-0.4833569468284525,-0.041039398794793035,0.8682881425733521,0.09377667635984525,0.030087910716061383,-0.13887232716570722,-0.07046357281671883,0.7595051653700977,-0.11525649670421963,0.08800813820492122,0.7795595290050066,-0.05614278411359665,0.11027707178072686,0.2731570307577622,0.5759176583241066,-0.09506459646037263,-0.1750171527055201,-0.11438319301312759,0.10372031472836883,-1.1285690223026592,-0.6077760045476064,-0.797680408554021,0.40543341215250406,-0.2536382332694789,0.7148110157332831,0.42458402229839237,0.37920746566351093,-0.14738252000190286,0.1997849878992683,0.10066208459710463,0.25627937736486905,-0.24037857435788357,0.31080757274013365,0.606584142750899,0.5677223494090755,0.7572688674046765,-0.7671224943858597,0.20694171171884831,0.03704418297251898,1.1017123907830988,0.23357139265552054,0.6156948773018631,0.37220691634288666,0.8794327631290315
TCGA-55-A490-01A,0.010771687063110224,0.03321016069594303,0.0,0.6053451221657214,0.0,0.0,0.0,0.0,0.0,0.0,0.0,0.0,0.0010547791804583163,0.010156165515365656,0.0,0.0,0.0,0.0,0.029320950346980356,0.0,0.0,0.0,0.002424742222129662,0.0,0.0,0.0,0.0,0.0,0.0,0.0,0.0,0.10437411081347882,0.0,0.0,0.0,0.0,0.007347547204326935,0.003340169275911628,0.0,0.0,0.0,0.0,0.0,0.0,0.0,0.0,0.013837948433184111,0.0,0.0,0.0,0.0,0.0,0.0,0.0,0.0,0.010221609381515458,0.0,0.0009109587539465877,0.0288785398624191,0.0,0.0,0.0,0.04604589053871695,0.008715016183800323,0.0,0.0,0.0,0.0,0.004015009339276914,0.0,0.012807455233494908,0.0,0.0,0.0,0.0,0.0,0.0,0.0024271463249770303,0.0,0.0,0.0,0.0,0.0,0.019621179640453713,0.04517381182478888,0.0,0.0,0.0,0.0,0.0,0.0,0.0,0.0,0.0,0.0,0.0,0.0,3.1202447955463652,Lung Adenocarcinoma,-0.8588342476087162,-0.2305102369624335,-0.7032185378427886,0.8114751087675183,0.7810328824515773,1.0389085663471407,-0.5641591082583918,-2.097221510131188,-0.24071409225899948,0.40544677978140187,-0.04244174571976884,0.10060807265516218,0.01718707276067646,0.37601856789164484,-0.20781055139620003,-0.5830293797397358,-1.293826877627876,0.2109014982673188,0.03867829721743031,-0.19663813446442957,0.033878567280984685,0.5661346244623684,-0.0252468914131624,0.009245519104901396,0.16486602867538988,-1.4219344438432144,-0.9605294527896542,-0.1556146617205194,-0.103465884372749,0.5325723001176658,-0.8864675061207795,-0.41381857577317255,0.20971948331311002,0.749822356552603,0.5956933287582137,-1.0066378810979273,-0.376990445724476,-0.42596145429156496,-1.1529973907716922,0.19840848985867507,-0.8113195479064644,-0.33189455205154217,0.10546967611378653,-0.009157828278781883,0.1222373178238708,0.3518495619530369,-0.03752569446911931,-0.30484192498507595,0.9808366314614606,-0.23406034878377935
TCGA-55-A491-01A,0.0,0.029936875427686548,0.0,0.558900391610518,0.0,0.04968552319179171,0.0,0.0540131611861303,0.0,0.0,0.0,0.0,0.0,0.008360427000110445,0.0,0.0,0.008785873069075191,0.0,0.025867704284221932,0.0,0.008968399323618386,0.0,0.008077880435331907,0.0,0.0,0.004749358032128133,0.0,0.015172420909090574,0.0,0.0,0.0,0.0,0.0,0.0,0.0,0.0,0.0,0.0,0.0,0.0,0.0,0.0,0.0,0.0,0.0,0.0,0.09474606860144875,0.0,0.0,0.0,0.0,0.0,0.0,0.0,0.0,0.0,0.0,0.011875499352845686,0.023944130192346615,0.0,0.0,0.0,0.0,0.008860666358467368,0.014712476802409722,0.0,0.004854508366635568,0.0,0.0017053856893857805,0.0,0.0,0.0,0.0,0.0,0.0,0.0,0.0,0.0,0.0,0.0,0.0,0.0,0.0,0.002063346099891142,0.016704615796340354,0.031370056726715174,0.0,0.0,0.0,0.0,0.0,0.0,0.01647052276394996,0.0001747087798607101,0.0,0.0,0.0,2.546542663478131,Lung Adenocarcinoma,0.15390527071292415,0.6519352629439306,0.14384286336294075,0.17809159686140014,0.7874465573187436,0.015383718256248452,0.3479091281012727,-0.6991013501087577,0.9329759553867456,1.1693811643754988,0.7845351077811579,0.12242530367653176,-0.38146874047666446,0.25546725633318873,0.03513914493745036,-0.2451191639760298,0.013051539486408985,-0.9096508494580761,0.8357942608519108,0.07408088815301557,-0.45478087575751786,0.16575274822164898,0.9249508774542824,0.48576993574332017,0.6169756290368592,0.0902248902021376,0.2552337406513768,1.271712138586023,0.9140247395016887,-0.898816488755458,0.4023731065697782,-0.5041673777168683,-0.3488931875898559,0.9346414711055482,1.2414802497390618,0.06855565291257926,0.33581797573025146,0.6613666560413504,-0.07556242855878931,0.5221292919446237,-0.8098360765930749,0.009710461550977715,0.026695120763458098,-0.3412749601310517,-0.16142605382481212,0.39917924152128353,-0.7123877387107211,0.42953429213553107,0.36662946726051926,0.36204449214811973
TCGA-55-A492-01A,0.02425672591580612,0.02014704728222573,0.0,0.4882390355000774,0.0,0.0,0.022747824197154588,0.00882934633673406,0.0,0.0060802888100067575,0.0,0.0,0.0,0.0,0.0,0.0,0.0,0.0,0.016502518687099357,0.0,0.0,0.0,0.0,0.0022687765436346895,0.0,0.0,0.0,0.02969233276226027,0.012952091392656507,0.0,0.0798056719285257,0.08764828472351384,0.0,0.0,0.0,0.0,0.0,0.0,0.0,0.0,0.0,0.0,0.0,0.0,0.0,0.0,0.0,0.0,0.0,0.0,0.0,0.0,0.0,0.0,0.0,0.03102570671060957,0.0,0.033179355753777964,0.0,0.0,0.0,0.0,0.0029418031744314374,0.014703050724450075,0.0014971085029486784,0.0,0.0,0.0,0.014938749035832278,0.0,0.006748461472331306,0.0,0.0,0.0009000212621291808,0.0,0.0,0.0,0.0,0.0,0.0,0.023156450158947066,0.0,0.0,0.0034908360739752376,0.010576401242967838,0.0,0.0,0.05767211180790413,0.0,0.0,0.0,0.0,0.0,0.0,0.0,0.0,0.0,2.401400540781544,Lung Adenocarcinoma,1.864631444191766,-1.1658124336624989,-1.6045215918540858,-1.5708091958016737,-1.242943291101348,-1.9449432028038485,-1.2420741068889072,1.3009095277840694,0.1567090550152028,-0.10026490075856348,-0.924913095320204,0.687351105934564,-1.6776265402481034,-2.0383727779426284,-0.3632220895465867,-0.21297704665186185,2.795726913847109,-2.306058125841667,-0.7580707027258429,-0.8898913213922987,0.9299434871069238,-1.5711208542159063,-1.2391532142215707,-1.3518746901660572,-1.4078860265377307,-0.47925691405885756,-1.003156820726785,0.7735687595039129,-1.668633807270459,-2.9994548957310427,-1.1615362663631932,-0.5233871229418381,-0.31331903339733286,0.43877446112063445,-0.3959019435238556,1.7712384761180913,0.7789313510677641,1.4668683959499804,0.7015223503117298,-2.9516775096934795,-1.1824021656672175,1.855604421889216,-1.9011510112371524,-1.8430469163010508,-1.4535563500752926,-1.6218728110843852,-1.338532702100691,-0.5084993208235646,0.4346530873214911,1.5089969379426205
TCGA-55-A493-01A,0.026579103168805348,0.1150919696590627,0.0,0.1731085254925022,0.0,0.0,0.0,0.011231661600996257,0.0,0.0,0.0,0.0,0.0,0.03393101275343211,0.0,0.0,0.014421002142190349,0.0,0.07255214969993652,0.0,0.0,0.0,0.0,0.000589099066496433,0.0,0.0,0.013102152579065995,0.013126439137574945,0.03061291820349709,0.0,0.0,0.21447856845633276,0.05638194596376096,0.0,0.0,0.0,0.0,0.0,0.0,0.017270795572015513,0.0,0.0,0.0,0.0,0.0,0.0,0.0,0.0,0.0,0.0,0.0,0.0,0.0,0.0,0.06132526506210218,0.0,0.0,0.0,0.0,0.0,0.0,0.0,0.0,0.0017583236576913228,0.0,0.0,0.0,0.04301027912884952,0.0,0.0,0.0,0.0,0.01820370344257827,0.0,0.0,0.0,0.0,0.0,0.0,0.0,0.0,0.0,0.0,0.03458526785585151,0.0,0.0,0.0,0.04863981735725803,0.0,0.0,0.0,0.0,0.0,0.0,0.0,0.0,0.0,2.4149733479708178,Lung Adenocarcinoma,-0.7239557649325177,1.3199167750170564,-0.7588791676371515,0.9631969096079372,1.6236699899890494,0.9298688739945967,1.2296157329289001,-2.2160210753681606,-0.4799385189908244,0.2840695949960151,0.8566108797254632,0.03771471922277816,1.0895519958919462,0.7307080003257129,-0.5473449393877313,-0.6464657369461375,-1.2026098692867557,1.1427857802908434,1.250202365707871,0.3919314257154828,-0.24089478695743402,1.0023892591847672,1.4784049562034405,1.4562186558829595,1.4558439591464598,0.7442793559599321,1.0663299385999698,-0.9038035144307499,1.1204702331379341,1.6306794597773135,0.8863393791356126,0.2382081353398484,1.132845425649905,0.305600963841548,-0.011897737679674569,-1.1622632754599318,0.8524125567380451,-0.13598444208463317,-1.4875273918346887,0.6864995767999033,-0.32556365115349084,0.19005637665063185,0.47183526133034365,0.6554819245157532,1.2447828981321938,0.7134988361815837,-0.15783578038293913,1.252152965316395,0.22348816711745587,-0.38018085482621833
TCGA-55-A494-01A,0.10993909906293796,0.0007284010895462422,0.0,0.36413810672693897,0.0,0.0,0.042148489650749056,0.0,0.0,0.0,0.014491570687491172,0.0,0.006955649099967679,0.02451614497770087,0.0,0.0,0.0,0.0,0.03739608639073402,0.0,0.0,0.0,0.0,0.00986876410931006,0.0,0.0,0.0,0.0,0.0,0.0,0.0,0.2128341140537163,0.0,0.0,0.0,0.0,0.0,0.0,0.0,0.0,0.0,0.0,0.05631006317851099,0.0,0.0,0.0,0.0,0.0,0.0,0.0,0.0,0.015373761179468114,0.00997009364651686,0.0,0.0,0.0001044449493024525,0.0,0.0,0.010530407289695627,0.014120333933311142,0.0,0.0,0.0,0.005637166261457998,0.0,0.0,0.0,0.0,0.0,0.0,0.0,0.0,0.0,0.0,0.0,0.0,0.0,0.0,0.0,0.0,0.0,0.0,0.0,0.0012875973107516778,0.05538455919424423,0.0,0.0,0.005837381143685521,0.0,0.0,0.002427766063962882,0.0,0.0,0.0,0.0,0.0,0.0,2.326335860928751,Lung Adenocarcinoma,-0.8225655433480111,-2.024094391104004,0.1469865096432943,-0.6434826806724963,-0.37914876445248913,0.05298811605640458,-1.1247906124376743,-0.20761372810190323,0.8019399800745112,-1.132747595157563,-2.331583530918204,-0.3651205906036929,-0.25845823230117443,-1.426163188071999,0.11940194928476244,-0.12564721508683865,-0.4567851607383874,-0.30089501630758947,0.13087927919578005,-0.25396410808091363,-0.22762849335909915,-1.1701891917896443,-1.0682823531680363,-1.8097414470557147,-1.4375762131645666,-1.5261600422228618,-1.992520221387277,0.06671024541711419,-1.6216659794177066,-0.1499812781207536,-0.9226539436575496,-0.6679241507745778,0.005390535238105752,-0.43802061349979343,1.397124807851681,-0.6216120653429804,-0.47500771181898105,-0.8860628011011551,0.6442657439510887,-1.91866564231393,-1.2698024690719072,-0.9290984416011288,-0.08158394233313276,0.06659794284734964,-0.6762937579831845,-0.27589865093226984,-0.9245842242027481,-0.3310606337211165,-0.10670007539361613,-0.4509712971470028
TCGA-55-A4DF-01A,0.021234348467175198,0.21784028695390112,0.0,0.10923885875117798,0.0,0.006032069129137221,0.09549465405259863,0.0010254704557062704,0.0,0.0,0.0,0.0,0.0,0.05164447934480582,0.0,0.0,0.0,0.0,0.295413781972741,0.0,0.0,0.0,0.0,0.0,0.0,0.00285212578546132,0.0,0.0,0.0,0.0,0.0,0.0636798645964795,0.0,0.0,0.0,0.0,0.0,0.0,0.0,0.0,0.0,0.0,0.0001023897321426536,0.0,0.0,0.0,0.018212625269082506,0.0,0.0,0.0,0.0,0.0,0.0,0.0,0.0,0.0,0.0,0.0,0.006150264018633478,0.0,0.0,0.009775097804370294,0.0,0.014363553168407145,0.0,0.0,0.0,0.0,0.0,0.0,0.0,0.0,0.0,0.0,0.0,0.0,0.0,0.0019752562849833957,0.0,0.0,0.0,0.0,0.0,0.006427937753258593,0.035123540362284586,0.03722348036426177,0.0,0.0,0.0,0.0,0.0,0.0,0.006189915733391473,0.0,0.0,0.0,0.0,2.9095560292411755,Lung Adenocarcinoma,-1.415360460494111,0.5217069083771171,-0.32049111377320516,-0.16569957423598755,-0.9158883332400777,-0.6580515957337086,0.052123880583203594,-0.7192413322017848,0.5870578446476006,-1.1643419752150626,0.22300733911080048,0.37120827082134933,1.4284978006908513,-0.8841631831759371,-0.9477257778218223,-0.030430241749671356,0.11900319929803911,1.2175315365562178,0.33181143605275654,-0.39277821599810253,0.9930053883436951,0.8223704741809776,0.37821372980007206,0.33286582855045893,0.2500162620577309,0.9747252577448023,1.0550304597206512,-0.36431373390708083,-0.65537015380883,0.8390885418473596,1.414779886618271,0.4889817636723882,-0.6150621842641107,-0.772301867852542,-0.767872514977959,-0.7407405782197077,-0.0810350768413074,-0.7581052828340364,-0.898849187201774,0.13741753120169037,-0.0574696322890625,0.3333430360899264,1.8436854825736004,-0.7512357139227112,-0.07998661277826816,-0.01926824563214389,-0.7869376199563857,0.7539411561622342,-0.10307742054956098,0.1716489939972916
TCGA-55-A4DG-01A,0.017491226466848482,0.0,0.014817874981038301,0.543230644706575,0.0,0.0,0.0,0.0,0.0,0.0,0.0,0.0,0.0,0.00017577968400220198,0.0,0.0,0.0,0.0,0.019562262260251265,0.0,0.0,0.0,0.0008721745800010173,0.0,0.0,0.0,0.0016364601040390267,0.0025934001678597943,0.0,0.0,0.0,0.1189191072955407,0.0,0.0,0.0,0.0,0.0,0.00512092177075118,0.0,0.014018492604128336,0.0,0.0,0.0005085753237663172,0.0,0.0,0.0,0.003311110909203696,0.0,0.0,0.0,0.0,0.03154729529919765,0.0,0.0,0.051467773381475235,0.0,0.0,0.0,0.0,0.0,0.0,0.0,0.0168105482606284,0.03510594807912978,0.0,0.0,0.0,0.0,0.0,0.0019484852002335674,0.0,0.0,0.03187054829322549,0.0,0.0,0.0,0.0,0.0,0.0,0.0,0.0,0.0,0.0,0.03849671279399514,0.04944063085891837,0.0,0.0,0.0,0.0,0.0,0.0,0.0,0.0,0.0010540269791910538,0.0,0.0,0.0,2.8432327780980096,Lung Adenocarcinoma,-0.8622119045100398,-0.19438153722363838,0.6525719229502309,-1.3637726087499074,-0.3114625768098198,-0.9754661778108569,-0.257941972231966,1.102718159290338,0.1449657969084576,-0.10714623514765263,-0.5429863575724575,-1.3306657166821936,-1.63425379622286,-0.9738460638770615,-0.2896278483188847,-0.7822168807195289,0.07545677005365953,-1.6460504667045959,-1.5768851358629574,-0.6191230517321779,0.46979465544815713,-0.9774347836393323,-0.43762215180133046,-0.0031395700868795838,-0.2944640737243758,-0.9134779149030445,-0.6798333966592005,1.0879157587402066,-0.21043110893438025,-0.9309853889679485,-2.471382698353929,-2.1485713690501114,-1.7208299507634262,-0.07557361442065931,1.1861985105800021,-1.2037753554809798,-0.17697449855255162,-1.3093410573173632,0.1605467788759759,-2.6897380512324736,-0.23210998818878503,-1.2615941295194877,-0.930069210927618,-0.24940303883157705,-0.12609908415943433,-2.0400916917990704,0.5535733349278714,-0.8723115626198732,0.9919975376658363,-0.10627193200132992
TCGA-5L-AAT0-01A,0.01673739672384045,0.24167342482830997,0.0,0.0,0.0,0.0,0.2731155695264598,0.0,0.0,0.0,0.0,0.0,0.0,0.02510526826628699,0.0,0.0,0.008492146516268681,0.0,0.24133325459946103,0.0,0.019580912868487642,0.0,0.0,0.0,0.0,0.0,0.0,0.0,0.0,0.0,0.0,0.0,0.0,0.0,0.0,0.0,0.0,0.0,0.0,0.0,0.0,0.0,0.0,0.0,0.0,0.004140573920111903,0.0,0.0,0.0,0.0,0.0,0.0,0.0,0.0,0.0,0.0,0.0,0.0031681450365573685,0.0,0.00044363797215096865,0.0,0.00010515808488259421,0.014560036854260517,0.0,0.0,0.0,0.0,0.1217340923053603,0.0,0.002117936841243102,0.0,0.0,0.010779392136971972,0.0,0.0,0.0,0.0,0.0,0.0,0.0,0.0,0.0,0.0,0.0,0.0,0.0,0.0,0.0,0.0,0.0,0.0,0.0,0.01691305351934665,0.0,0.0,0.0,0.0,2.2121876044039577,Breast Invasive Carcinoma,-0.12173623229829407,-0.28791215677860993,-0.15033698863731187,0.5315642788317823,0.826634052231737,1.761856868489731,-0.1038601581595076,0.6554009425609925,-1.5480186897845,0.460632907390771,-0.817782521225765,0.05376372643617141,-1.1525915637581987,1.1886729303604204,1.9362933627100514,1.3625495952925373,-0.5939800544207969,-1.2469847729731836,-0.9305473633311117,-0.36705628861446565,-0.9028806243677842,-0.6010092898554904,-0.5441763757562073,-0.477906934798887,-0.8418011230484151,-0.6155767551925423,-0.8526048074461783,1.2419695763240095,-0.18603227850733292,-0.9880584980042578,-2.2253002703845928,-0.477370060135768,-0.4356244193110581,1.2707013126431186,0.6318791195204974,-0.1041090579962102,-0.14550332827635168,-0.06571475714833828,-0.5175863006620611,-0.7298609438286339,-1.4219888012214668,-1.0441690362392209,-1.1243790864846424,0.5480050466027371,-1.1570041097296255,-0.8697426274944469,0.3158222941429878,-1.525802743175618,0.5122700563902425,-0.48915415756834085
TCGA-5L-AAT1-01A,0.020595857031164518,0.36546067261053944,0.0,0.0,0.0,0.010576757228799942,0.0883748224337139,0.0,0.0,0.0,0.0,0.0,0.0,0.07948993372738401,0.0,0.0,0.0,0.0,0.36769902186769465,0.0,0.0,0.0,0.0,0.0,0.0,0.0,0.0,0.0,0.0,0.0,0.0,0.003864296824499378,0.0,0.0,0.0,0.0,0.0,0.0,0.0,0.0,0.0,0.0,0.0,0.0,0.0,0.0,0.03666029682043809,0.0,0.0,0.0,0.0,0.0,0.0,0.0,0.0,0.0,0.0,0.0,0.0,0.0,0.0,0.006229165732181015,0.0,0.0,0.0,0.0,0.0,0.0,0.0,0.0,0.0,0.0,0.0,0.0,0.0,0.0,0.0,0.006017177245981222,0.0,0.0,0.0,0.0,0.0,0.0,0.01139709450725675,0.0036349039703471196,0.0,0.0,0.0,0.0,0.0,0.0,0.0,0.0,0.0,0.0,0.0,3.085290578230065,Breast Invasive Carcinoma,0.44690016661992027,0.594480633179713,-0.3784360617053017,-0.6692483712299706,0.6604380590569046,1.6262799760526252,0.2745387392523512,0.16638362430379977,-1.2428924290011822,0.25465544786692257,-0.05680771672085266,0.4073812641282607,-1.4091881158313375,0.5986853708505144,0.9762257196248694,0.1519568828023803,-0.030459605823929415,-1.4155140600011435,-1.305395796993263,-0.8365880925483116,-0.7476565580230651,-0.5129704097397615,-0.0994407331827739,0.15314127969184568,-0.2434603197866923,0.8457037511350687,0.5990293184300457,0.8810791544828313,-0.2809820755001865,-1.3882212777241212,-1.2403526834578633,-0.18899203464237618,-0.43164183390316635,0.4404878338697257,-0.40642780713649135,0.8130239934136594,0.709576548152953,0.3570797672144281,-0.05698994729392269,0.6580080122113944,-0.5493390573572553,0.25203663714355895,-0.7733255358890636,0.18407444825957703,-0.34161293204251175,-0.14928266936478354,-0.08199774970166689,-0.5880135128085997,-0.2771144155582529,-0.07984237795974301
TCGA-62-8394-01A,0.0431685173485744,0.04253131353032404,0.0,0.0,0.0,0.0,0.05826915079060143,0.0,0.015075857547366648,0.0,0.0,0.0,0.0,0.05640934277301841,0.0,0.0,0.002602302125834039,0.0,0.12157078561341539,0.0,0.02953352349035901,0.0,0.010389176289149645,0.018856143726401608,0.0,0.0,0.0,0.0,0.0,0.0,0.05640805214212315,0.07514061340985574,0.0,0.0,0.0,0.0,0.0,0.0,0.0,0.0008318702766841087,0.031132527235924145,9.117037308208447e-05,0.007242159605983797,0.0,0.0,0.032444875205196386,0.3167616661312726,0.0,0.0,0.0,0.0,0.0,0.0,0.0,0.0,0.0,0.0,0.0324288037144092,0.0,0.0,0.0,0.035261693021462266,0.0,0.0,0.0,0.0,0.0,0.0,0.0,0.0,0.0,0.0,0.0,0.0,0.0,0.0,0.0,0.0,0.0,0.0,0.0,0.0,0.0,0.013850455648961845,0.0,0.0,0.0,0.0,0.0,0.0,0.0,0.0,0.0,0.0,0.0,0.0,0.0,2.0827853703164503,Lung Adenocarcinoma,-0.21762954906345475,-0.2645374550514239,-0.21939541838648685,-0.3725874898700356,0.5385198728050662,1.2015060913511382,0.6122050265763183,-0.7567937816684531,1.2084357707920594,0.6221494765731996,0.2886131460069371,0.5571992399713439,1.0117196908914285,-0.12486523692731397,0.15353802384863133,0.8521630062091751,0.4065622944908419,0.7005708268954592,1.198140383595218,-0.34487564275300775,-0.18832290113624028,0.574766807237257,0.5438678051797926,0.0314108691995386,0.18887699496205304,1.6272853458759002,0.936306911246561,1.3455136776178191,0.5273207929623992,0.6577610429198232,0.6955590414258803,0.1557639007023927,-0.15285518358784764,0.4609142242767965,0.781343483308182,-0.40873748672446264,1.0477040619552422,-0.7165720449855962,0.34172413076975905,-0.353321865557754,-0.3466552745634064,0.0067079210862265905,0.7014253503044158,0.2333443666709212,0.44725576754454127,-0.3517964957296144,-0.535227662498041,1.6085735884010968,-0.0077035862457804265,0.2215321092316153
TCGA-62-8399-01A,0.040050182666026245,0.13689094090850232,0.0,0.28204301674902915,0.0,0.002263554785648679,0.0,0.0,0.0,0.0,0.0,0.0,0.0,0.02734483690666899,0.0,0.0,0.0,0.0,0.1760104955394824,0.014948666775935685,0.0044424062369371005,0.0065111555988267445,0.01237227655567069,0.0010550040719338174,0.0,0.00019685446777789484,0.02211227147758529,0.0,0.0,0.0,0.0,0.0495534611173492,0.0,0.0,0.0,0.0,0.019985656655822012,0.0,0.014801386776598363,0.0,0.0,0.0,0.0,0.0,0.0,0.0,0.04160825401777439,0.0,0.0,0.0,0.0,0.0,0.0,0.0,0.0,0.0031540870042293164,0.0,0.01402189778975132,0.004966689873764293,0.0,0.0,0.0,0.0,0.0,0.0,0.0,0.0,0.0,0.0,0.0,0.0,0.0,0.0,0.0,0.0,0.0,0.0,0.0,0.0,0.0,0.0,0.0,0.0,0.027492875401869205,0.06643873081080931,0.0,0.0,0.02202549374339296,0.0,0.0,0.0,0.0,0.009709804068614634,0.0,0.0,0.0,0.0,2.724275869600789,Lung Adenocarcinoma,-0.3209520612522437,-0.5839274309350749,0.019522027181971848,0.4760167066047047,0.8263946509265012,-0.2897366183559711,0.5762530062416439,-0.5993176089636616,0.4941699353246394,0.5208932186850619,-0.44714727077142097,-0.09542339329417131,-0.13662374734140356,0.2530920226962226,0.14952131022795345,-0.030496125450384406,-0.3796187473356337,0.0006651495167342313,-0.8714583719021952,-0.4694058154995748,-0.37771657844300904,0.0035365821010420176,-0.38424740928724277,0.10445762209731987,0.4883979843457754,-0.9925424217351911,-0.543736643567595,0.6298232214744174,0.03376784687387504,0.5339143866640611,-1.1695104330167594,-0.4508139953816171,0.1418970670875306,0.3191419241142401,-0.0005215128627763635,-1.1288036248678326,-0.23650617280333933,-1.6210181389194835,-0.5818597915481646,0.5548804248083257,-0.7107444367284056,-1.175943759028815,-0.10976613723829548,1.3791247135548705,1.401846475937986,-0.2752287493235746,0.8905385969421141,-0.02482704497560008,0.5177066671401356,-0.10725083994093594
TCGA-62-A46O-01A,0.0137055630990387,0.06301337322811773,0.026463050840907533,0.5104272969292905,0.0,0.007378227935702614,0.018916947413887455,0.0,0.0,0.0,0.0,0.0,0.0,0.015085357989119183,0.0,0.0,0.0,0.0,0.065957808085193,0.0,0.0,0.0,0.003982769441922622,0.00025604359556151635,0.0,0.0036639201919723414,0.0,0.0,0.0,0.0,0.0231108331616694,0.03440662911062385,0.0,0.0,0.0,0.0,0.0,0.003420081807406442,0.00036392815100533943,0.0,0.012607304667794576,0.0,0.0,0.0,0.0,0.0,0.0,0.0,0.0,0.0,0.0,0.0,0.0,0.0,0.026487564141817244,0.0,0.0,0.00589299876691853,0.00036838698030621235,0.0,0.0,0.0,0.0,0.02746799590313582,0.0,0.0,0.0,0.0,0.0,0.0,0.0,0.0,0.03892217186493787,0.008755747080119525,0.0,0.0,0.0,0.0,0.0,0.0,0.0,0.0,0.0,0.01663228409830756,0.06609499271054006,0.0,0.0,0.0,0.0,0.0,0.0,0.0,0.0066187228047044425,0.0,0.0,0.0,0.0,2.948412965778601,Lung Adenocarcinoma,-0.5679992883632526,-2.079239396393293,-0.15195893147200748,-2.0500864686512794,-2.4401913238004336,0.010042684887392453,-1.9458196499368505,-1.2704492973837016,-0.39070173687188686,-1.8520466645331988,-1.6648397712272414,0.4952403205434941,1.292304137745613,-1.88807489344251,-0.08829200394782426,0.38464610846185865,-0.23730342135364396,1.2704851221445392,0.018013737671591208,-1.84571555690469,-0.3200566130746464,-1.0096891773287753,-1.825061941700672,-1.9596662349881966,-1.6281327024466705,-0.5618045734748661,-1.318239452387949,-0.8611763613143638,-2.344321103796066,0.7654737318220164,0.7136112620882158,1.1722042509322976,0.1708511770983982,-1.9187017898972576,-2.6060071665479265,-0.02116609582616379,-1.6253718192502058,-2.0278201480195204,-0.867453204935286,1.164122048696047,2.2375284475136636,0.5716012462768535,1.83783878762954,-0.060344529795628064,-1.1660992209063363,0.6229528339774156,-0.9808613471176433,-1.2354020043908411,-0.9449190702634321,-0.135049562180298
TCGA-62-A46P-01A,0.02493983526094876,0.0,0.0,0.1703714661730183,0.0,0.0,0.0024818833037162672,0.014408088071177523,0.03498523669664502,0.0,0.0,0.0,0.017797051160798112,0.0,0.0,0.0,0.0,0.0,0.0,0.04305637718278907,0.03815993910075871,0.0,0.0,0.0,0.0,0.003448363980328264,0.0,0.0,0.045370056315833546,0.0,0.0,0.24631192818590628,0.0,0.0,0.0,0.002993472500935704,0.0,0.0,0.0,0.0,0.0,0.0,0.0,0.0,0.0,0.008078319574146736,0.0,0.0,0.0,0.0,0.0,0.0,0.0,0.0,0.1175159991314458,0.0,0.0,0.0,0.02037939768301268,0.00363250542119866,0.0,0.01871275215373508,0.0021617887511183446,0.0,0.0,0.0,0.0,0.0,0.009265185326386248,0.0,0.00986255745446214,0.0,0.04806791912310983,0.0,0.0,0.0,0.0,0.03957041324365903,0.0,0.0,0.0,0.0,0.0,0.0,0.056966032075670754,0.0,0.0,0.02146343212919916,0.0,0.0,0.0,0.0,0.0,0.0,0.0,0.0,0.0,2.44870631990508,Lung Adenocarcinoma,0.6503326714334356,-0.9499712262110991,-0.8577532204105307,0.1125167261681281,-1.384309851092085,-1.8807978557463914,-0.8675470125724322,0.25209037141146745,0.9693192926452701,-0.024182402244119237,-0.8473536305472337,0.3668847933185625,-1.402526342544748,-1.5579535120649113,-0.2859820075749174,0.5421222283206587,0.716493326559594,-1.7307057072204561,-0.30158016968184487,-0.33771186737448783,0.28332391183834077,-0.7511133551025915,-0.8348762888504979,-0.3220542073658472,-0.7589971437916688,-0.24169061967501465,-0.7457358899835761,0.1067863197370401,-0.6396790358376899,-2.5354496135654685,-0.7923894327900022,-0.6770268249731287,-0.18021897786277105,-0.04335578000981277,-0.5266203470913396,1.0957981753796016,0.4983388055685097,0.6165574668424831,0.7488391466031886,-2.0927106273957214,-0.7800626113795608,0.4149258289776462,-1.2515886410055954,-0.35012025396609675,-0.4023365409862241,-0.09333660456098358,-1.5026773976503294,0.6503930915456865,-0.12114136252515048,0.08313785158414994
TCGA-62-A46R-01A,0.08284227382727462,0.09593694040698213,0.0,0.0,0.0,0.0,0.0,0.03783919576617004,0.0,0.0067580763550677365,0.0,0.0,0.026154386821972662,0.015719111597074772,0.0,0.0,0.0,0.0,0.0400855821298525,0.034850841418682936,0.0,0.0,0.0021914947157098902,0.0,0.0,0.0,0.0,0.06023918929077518,0.003420720262548242,0.0,0.0,0.19748406469254978,0.0,0.0,0.0,0.0,0.0,0.0,0.044467767340978244,0.005250876234726884,0.0,0.0,0.04899892370623507,0.026713291922887565,0.0,0.0,0.0,0.0,0.0,0.0,0.0,0.0,0.0,0.0,0.0,0.0,0.0,0.0015036148520309342,0.07328045288210178,0.0,0.0,0.0,0.0,0.0,0.0,0.0,0.0,0.008078984691835019,0.003974148091532425,0.0,0.0,0.0,0.023307646964591047,0.0,0.015185159611041079,0.0,0.0,0.0,0.0,0.0,0.0,0.0,0.0,0.0,0.04075610854724604,0.0,0.0,0.057469841381805,0.0,0.0,0.0,0.0,0.0,0.0,0.0,0.0,0.04749130648832845,2.164352855784437,Lung Adenocarcinoma,-0.1554319662783922,0.22555806005829676,-0.5373527648031329,0.680384743830503,0.12871507917073097,-0.36410591617097193,0.033654725079980095,0.050259534674366335,-0.9089714981507638,-0.5131447600607701,0.08724236894380424,-0.3064147714393009,-0.2787769550560436,-0.8584471250377683,-0.5970965934330336,-0.9096398447719375,0.014774230439621406,-0.5051311593472908,-0.3302481990668386,0.2486730868693985,-0.025593846338162952,-1.1277512682196853,-0.15953470982469317,0.11014002382285785,0.06273431695513511,0.8657539439385326,0.5196995759866515,-0.6945515997963867,0.011390881034119164,-0.014174400036150957,-1.0119759058418858,-0.5522504344915737,-0.7623639094914416,-0.9138604728345475,0.797615193634012,-0.42306005604157854,-0.8045151394059317,-0.32492659738820756,0.25254173550534376,-0.6070829777851795,1.4220565601190926,-0.15116286727291592,-0.5619984012632167,-0.8816661843363505,-0.599665134147676,-0.7227385387089174,-0.38256535209277565,-1.1061861369854364,-0.7763394596570388,0.19029510332958305
TCGA-62-A46S-01A,0.08871098498733825,0.009289707216700955,0.0,0.1568121902640054,0.0,0.0,0.09408785391958271,0.0,0.0,0.024943270027156086,0.0,0.0,0.0,0.0226191532265206,0.0,0.0,0.0,0.0,0.025005737336506878,0.0,0.0,0.008960767430182861,0.03057951535694234,0.004917284516915254,0.0,0.0681208396981476,0.0015183804837871568,0.0,0.041256767052190516,0.0,0.0,0.0,0.0,0.0,0.0,0.0,0.0,0.0,0.0,0.008633052995060108,0.0,0.0,0.0,0.0,0.0,0.0,0.0,0.0,0.0,0.0,0.0,0.03833703544758397,0.0,0.0,0.104472433176193,0.0,0.0,0.0010528787552289772,0.03776451620152692,0.0,0.0,0.008681749828313809,0.0,0.0,0.0,0.0,0.0,0.0,0.05448193054058106,0.0,0.0,0.0,0.017012618721112788,0.03494591789257069,0.0,0.0,0.0,0.0,0.0,0.0,0.0,0.0,0.0,0.0,0.038112914362376224,0.0,0.0,0.07968250056347578,0.0,0.0,0.0,0.0,0.0,0.0,0.0,0.0,0.0,2.0863598306747484,Lung Adenocarcinoma,0.28162358926160336,-0.4082944720164398,1.5696087622521562,0.10435030432751556,-0.5966575905552951,-1.5584785344787442,-0.6278091410625297,0.5209454382348935,0.6632337675508181,0.03385789912352658,0.06062349902865682,-0.7911926803158394,-1.670915198175892,-1.0768329817103077,-0.15417589576890153,-0.39260573123595477,1.0886158014854896,-1.634020244481576,-0.5840685129956636,0.5099405771401835,1.0718357923304889,-0.0069769613291827265,0.22792334885973556,0.20489244992846023,0.044309355597835325,-0.4896502078798122,-0.43485825440842896,0.11589822834804799,0.5339439949258786,-1.3946115689405103,-1.264416012585859,-1.0880395672861392,-1.0180767509783484,-0.0021282608102742313,0.11864038231289376,-0.11651611421739566,0.10673522433543486,1.6294203862576733,0.22406058897745448,-1.781153026643349,0.6969696243630938,-0.22357795483865708,-0.8860287321292543,0.5391772302218741,0.40199425793591265,-0.4701775917011323,0.459157481914633,0.6346436255391101,0.02923014243149524,0.21715837666019006
TCGA-62-A470-01A,0.12715536798089494,0.0,0.0,0.08339118180317596,0.0,0.0,0.04325396080330568,0.0,0.0,0.0004959375175279499,0.0,0.0,0.0,0.0,0.0,0.02670305730070018,0.0,0.0,0.03375529467050109,0.0,0.0,0.0,0.0,0.0014196349017334216,0.0,0.0,0.0,0.006035619399397004,0.009145371362580167,0.0,0.0,0.1912114918515946,0.07289912662171777,0.0,0.0,0.0,0.0,0.0,0.0,0.0,0.008939079629832787,0.008151557832341968,0.0,0.0,0.0,0.0,0.0,0.0,0.0,0.0,0.0,0.09712441503560337,0.0,0.0,0.0,0.0,0.0,0.0,0.06803617912617788,0.0,0.0,0.0,0.0,0.022319909584371505,0.0,0.0,0.0,0.0,0.011522639666917828,0.0,0.0,0.0,0.037520580779189364,0.0,0.0,0.0,0.0,0.0,0.0,0.0,0.0,0.0,0.0,0.033001251600838506,0.04403769899760977,0.0,0.0,0.0,0.0,0.0015952830029415132,0.0,0.0,0.07228536053104678,0.0,0.0,0.0,0.0,2.0718820073061255,Lung Adenocarcinoma,1.1363947265161225,-1.0398680108088743,-0.06026800307339788,-0.49944503973677284,-1.6544167649837034,-1.6949019027646228,-0.7703976606485732,0.34931267438972957,0.6487787156949809,-0.6644405231845891,-0.32177264647124965,-0.2509217007028507,-0.4696356344759976,-1.6843969361870008,-0.6052214420573249,0.2956810096599577,1.636596339537998,-0.6262585003587035,-0.27699760861085265,-0.2886674936080642,0.7557968861174685,-0.07705559717010117,-0.3473667213322104,-0.8682827888849701,-0.4374941795259425,-1.14481431989282,-1.218495958431502,-0.49682372034394195,-0.5551376848557095,-0.9204099444771281,0.15606079568223305,-0.23151194058180896,-0.10935374070314666,-0.1969670092493562,0.18538126829867738,0.621074696906468,0.18753936040864647,-0.504663372109652,0.36529960066626554,-0.4297239300269232,0.44339673178654104,0.6947270893639921,-0.44682006135410807,0.00422158785147037,-0.0758676441292737,-0.32273923064835447,-0.601694370957222,0.5297222275323609,0.727648235980493,1.2499688138353227
TCGA-62-A471-01A,0.002430328509395686,0.1485064839017668,0.0,0.0,0.0,0.0,0.0,0.026804825707017938,0.0,0.0013889094724464823,0.0,0.0,0.0,0.1790260216908751,0.0,0.0,0.0006725950892737873,0.0,0.176055841181525,0.0,0.06765423290268881,0.0,0.0,0.0,0.0,0.035058634360977725,0.0,0.0,0.0,0.0,0.0,0.0,0.0,0.0,0.0,0.0,0.0,0.0,0.0,0.0,0.004274264173136224,0.0,0.0,0.0,0.0,0.0,0.04596531452510729,0.0,0.0,0.0,0.0,0.0,0.0,0.0,0.0,0.0,0.0,0.0012860821284868588,0.020978721586827342,0.0,0.0,0.022174466225175816,0.0,0.027666682238925357,0.0,0.0,0.0,0.2181683486561754,0.0,0.0,0.0,0.0,0.0,0.0,0.0,0.0,0.0,0.0,0.0,0.0,0.0,0.0,0.0,0.0,0.021888247650198433,0.0,0.0,0.0,0.0,0.0,0.0,0.0,0.0,0.0,0.0,0.0,0.0,2.0791812460476247,Lung Adenocarcinoma,0.7189161270369434,-0.8585411561306089,-0.14284879579732362,-1.001820665867064,-0.8934283806203145,0.32631375721921635,-0.03187466593536629,-0.6666857390353426,0.5545119385065103,-0.0482916096497378,0.2357033216896188,0.9293326555674559,0.998705972397608,-1.146071128409874,0.47172638123884164,1.1584951253824554,1.1821603473452118,0.9646739466561473,1.7430001248818991,-0.5793231276284435,0.20965400931109457,0.6198061039061692,-0.6700886916930618,-0.5846157669622621,-0.5900338674788247,0.40463909696997447,-0.10890073614857673,0.3620140365947026,-0.9910868446575508,0.6097585578494125,1.1449102935076514,1.0635202862943394,1.0830831020679843,-0.7579250816818722,-0.6210900749512637,1.481108366686072,0.843473362585219,-1.0852397229267738,0.027523541842480122,1.1174207612145592,-0.31874607214115624,2.0824484488134694,0.2094518975427986,-0.5503579446935016,0.42520850085688033,1.201426073133741,-1.3543424621319988,0.8246674182221069,0.289938306223831,1.6641965806744219
TCGA-64-1676-01A,0.010767343244110845,0.0,0.0,0.5693023588755622,0.0,0.0,0.02163830948480152,0.0,0.0,0.0,0.0,0.0,0.0,0.0,0.0,0.0,0.0,0.0,0.0124544173871774,0.0015353409377598041,0.0,0.0,0.0010091113564373597,0.0,0.0,0.0015417550310589632,0.021644990341711932,0.005706848914745823,0.0,0.0,0.0,0.13111839343562437,0.0,0.007363477601214278,0.0,0.0001367820390582999,0.0,0.0,0.0,0.0177999326141612,0.0,0.0,0.0,0.0,0.0,0.0,0.011994845545086043,0.0,0.0,0.0,0.0,0.0,0.0,0.0,0.0,0.0,0.0,0.013467412837758812,0.032979538697019986,0.0,0.0,0.0,0.0,0.0,0.0027222623518247035,0.0,0.0,0.0,0.0,0.0,0.0,0.0,0.0,0.0,0.0,0.0,0.0,0.0024680175646163718,0.0,0.0,0.0,0.0,0.0,0.05303339585959281,0.08130879920117351,0.0,0.0,0.0,0.0,0.0,0.0,0.0,6.666679503757129e-06,0.0,0.0,0.0,0.0,2.7611758131557314,Lung Adenocarcinoma,1.2916845320764696,1.2779421315683834,-0.18640786981698923,0.400020244082594,-0.9772807686692352,-0.5137677293086225,1.6849821313976776,0.20277161257005433,-0.04649032527600103,1.0814273577285665,1.5919043188719224,1.6171768133146003,0.1063924809112848,0.41612338469413634,-0.7019899303077091,0.44250615821335937,1.292323208781548,-0.4654514444563038,1.664073900236274,-1.5814942961038638,0.39436613529825554,0.8887112668396485,0.485761634517407,1.136427040335568,1.156831644545711,0.4775445291105486,0.8190841424633598,-3.195803597516974,1.432790013595802,-2.5453839687047632,0.7963183863090306,0.8554486122025365,0.24925364585508486,-0.9397381020004616,-0.2920992430251418,2.1981589841256306,0.8058041511420498,0.4334268155783096,1.8557779236699985,-0.6453041642187859,-0.051458946067161386,1.6278957571241568,-0.6674793799629615,0.18366013788838056,1.1381886341252856,0.3080401898010484,-0.9504841913367365,1.288429757158391,-2.5791583474662665,0.8437953468533318
TCGA-64-1677-01A,0.03812376870990449,0.08022955858319168,0.0,0.0015640171748336732,0.0,0.0,0.04982844578203941,0.0,0.0,0.0,0.0,0.0,0.0,0.03290216181884126,0.0,0.0,0.0,0.0,0.14161284076528116,0.0,0.0,0.0,0.0012762005149673803,0.0,0.0,0.007840119690372151,0.004054808227113502,0.0,0.05585871068982762,0.0,0.0,0.11571555432062651,0.0,0.0,0.004216647114659809,0.0,0.0678506378651714,0.0,0.0,0.0,0.007824871313888572,0.0,0.0,0.0,0.0,0.0,0.11504727145701978,0.0,0.0,0.0,0.0,0.0,0.0,0.0016213111633397222,0.0008197511704973847,0.0,0.0,0.0,0.0281651657158016,0.0,0.0,0.026074525464157356,0.0,0.027041065353109055,0.0,0.0,0.0,0.0,0.0,0.003990611534331676,0.0,0.0,0.0,0.0,0.0,0.0,0.0,0.0,0.0,0.0,0.0,0.0,0.0,0.0,0.0,0.049201200573751186,0.0,0.0,0.0,0.0,0.0,0.0,0.0,0.0,0.0,0.0,0.13914075499727352,2.296665190261531,Lung Adenocarcinoma,-0.17167385565587648,0.3483022367418657,-0.6007259855740775,-0.7376548864629683,-1.686502632197155,-0.9862908960580459,0.38243436028003597,-1.1012199052689664,1.3617575499561942,-0.167155806427297,0.28652331315359186,2.343948439762209,1.0190168579859276,-0.925358978262956,-0.8912639952429312,0.22069048375800904,0.5670724835939265,0.45575480304832433,1.364515819409848,-1.6520037515566464,0.03784058287658714,0.1029216200167067,0.14883093961623162,0.3826144263499577,0.27009224121341213,0.44468493666020714,0.592502374123108,-1.234120792113888,-0.39173727968582084,-1.5459849185100585,1.51772873949568,1.913176664566384,1.23556809665989,-2.091852466418702,-0.7553248122781704,1.9160084615490323,0.3797409078858461,-0.8385221286008291,0.5939812705092746,0.371665649693268,-0.8666400307618431,0.2695896789614427,0.7032291018973367,-1.1448595435036644,0.3904973517983878,1.577406914233021,-1.586269674050348,1.2961760955987318,-1.2138053023103215,-0.5839970787673711
TCGA-64-1678-01A,0.01448014610966937,0.009204993515806063,0.0,0.609366351515633,0.0,0.0,0.07544934929193359,0.0033050680650477623,0.0,0.00788978264729581,0.0,0.0,0.0,0.0,0.0,0.0,0.0,0.0,0.016826780503148467,0.0,0.0,0.0,0.0,0.00032959626230883875,0.0,0.0,0.04602274378511798,0.0,0.0027408579895942596,0.0,0.0,0.09933350823527597,0.0,0.0,0.0,0.0020330011464401525,0.0,0.0,0.0,0.0,0.0006056700181715164,0.0,0.0,0.0,0.0,0.0,0.0,0.0,0.0,0.0,0.0,0.004393170532298267,0.0,0.0,0.0,0.0,0.0,0.007822285310789608,0.028942082869532162,0.007986329342320875,0.0,0.018721239486827725,0.0,0.0,0.0,0.0,0.0,0.0,0.0025374011170405985,0.0,0.0,0.0,0.010583862463683782,0.0,0.0,0.0,0.0,0.0,0.0,0.0,0.0,0.0,0.0,0.01799943666704653,0.013426343125017667,0.0,0.0,0.0,0.0,0.0,0.0,0.0,0.0,0.0,0.0,0.0,0.0,2.6180480967120925,Lung Adenocarcinoma,-0.03820991399427883,-1.8186518024256024,-0.48904202097883304,-1.364389941697047,-4.081117779325925,-2.3144067713019782,-1.8391985125901527,-0.4684502882160005,0.26306664703524446,-1.2682904044886454,-1.9483432459079786,2.197316506076232,1.685424556051895,-1.3585811082920194,-0.9256490941945955,0.28391236473589376,1.26051116159715,1.478777878619035,0.8167823526993073,-1.8441252197158968,-1.315277146871907,-0.3697756263548508,-1.2177493240877717,-2.1099660758732046,-1.8731694845647076,-1.9484788881077781,-1.8495042632516587,-1.0648773416846324,-1.9329270881425724,-1.9486477045657837,1.9837443302992344,2.2251330667169515,1.4636506376349006,-1.848247602615397,-1.8786510369315337,2.453972603350662,-1.0877154785254797,0.4188069740063619,1.1334321037537733,-0.6820119054375757,-1.1360572015176016,0.5837051522063537,2.154268147152901,-0.8337548382007959,-1.5334240896800577,1.7139576911849834,-2.3794416560776734,0.813969202687769,-2.9514475267775486,-0.43733104284966057
TCGA-64-1679-01A,0.007965415217474316,0.0062200588406857455,0.0,0.5036239464421292,0.0,0.0,0.02014929101498207,0.003498271063407599,0.0,0.0006748985329904061,0.0,0.0,0.0,0.0015533840464432244,0.0,0.0,0.0,0.0,0.027076776140290887,0.0,0.0,0.0,0.0,0.0,0.0,0.0,0.0,0.0,0.0,0.0,0.0,0.181338328460433,0.0,0.0,0.0,0.0,0.06688935560568021,0.0,0.0,0.0,0.0,0.0,0.0,0.0,0.0,0.0,0.0,0.0,0.0,0.0,0.0,0.0,0.0,0.0,0.0,0.0,0.0,0.014585884167526193,0.009708993356701731,0.0,0.0,0.0,0.0025123506741109992,0.02019192054709765,0.0,0.0,0.0,0.0,0.014119302518412103,0.0,0.0,0.0,0.051675193743320046,0.0,0.0,0.0,0.0,0.0,0.0,0.0,0.0,0.0,0.0,0.027981543764900887,0.040235085863413594,0.0,0.0,0.0,0.0,0.0,0.0,0.0,0.0,0.0,0.0,0.0,0.0,2.699837725867246,Lung Adenocarcinoma,-0.31132615480103654,0.35230035535542975,0.766101537390125,1.4240057478307069,2.095649724713213,1.2404263967368048,0.941349003894843,-0.42446010808384815,0.30822166864296824,1.562460738019864,0.6731431602976313,-0.7955633708908354,-0.4746988465687612,1.8328543976078853,0.577402722784074,0.16445860195682682,-0.8017266215377051,-0.2414898642041889,1.5460210216264265,0.9717092864039188,1.073467754585476,1.8278011196367605,0.6726481136891599,0.8422782047583964,1.2324154973550152,-0.06347395263112011,0.19567884478894462,1.4614375763405036,1.3929494505153974,0.43166090525253376,-0.04110167167590012,-0.9310477988022188,-1.068806817969071,1.4407360451620321,1.8518385098141044,-1.310518058160623,0.46446443179610564,0.3505965042119164,-0.5091515886915563,0.1212427889742595,0.23739923231009288,-0.3218793163307195,0.11901843468335685,1.0142406613918264,0.5871309706163774,-0.5809479588033115,1.7715780369103804,0.0035072698200447183,0.9410510714322382,-0.21062594131581164
TCGA-64-5774-01A,0.030039603360923515,0.004983366149957648,0.0,0.2473319827094105,0.0,0.0,0.0,0.03933960403598401,0.0,0.0,0.0,0.0,0.0,0.0,0.0,0.0,0.0,0.0,0.025442012547813867,0.03634933839621113,0.046496655777288384,0.0,0.0,0.0,0.0,0.0027861266416800805,0.026546152097205296,0.0,0.0,0.0,0.0,0.19377391526180887,0.0,0.0,0.0,0.0,0.0,0.0,0.0,0.0,0.0,0.0,0.06959379744807503,0.0,0.0,0.0,0.028952770381198,0.0,0.0,0.0,0.0,0.0,0.0,0.0,0.0731961561575608,0.0,0.0,0.0,0.04916724988741195,0.009789629809943742,0.0,0.0,0.0,0.05643272436828865,0.0,0.0,0.0,0.022543479992068356,0.00047560912210071977,0.003742139757038673,0.0,0.0,0.0,0.0,0.0,0.0,0.0,0.0,0.0,0.0,0.0,0.0,0.0,0.0,0.03301768609803078,0.0,0.0,0.0,0.0,0.0,0.0,0.0,0.0,0.0,0.0,0.0,0.0,2.1492191126553797,Lung Adenocarcinoma,-0.6570016099397474,-1.1554308848945254,-0.8528046984056586,0.22290050218911645,-0.7607562740528221,0.37988074447148024,-1.3165857624405501,-1.5844901502750708,-0.9950578185494143,-0.5260051817750316,-1.2445086444210114,-0.053415562193099786,0.7796049404263897,-0.19530625637469645,-0.45052738350900484,-0.47720246806930433,-0.16921404050523767,0.9279173768341619,0.9148250010853466,-0.519862880323042,-0.5712591082899537,0.7259638407992159,-0.4704116464646525,-0.9007092393114814,-0.7851093729276576,-0.804578849724319,-0.8370377811886681,-1.2114030924097892,-0.6487461226947508,0.5234733309626071,0.41359946541684656,0.5579167096416344,0.2845873156390798,-0.6783839756206427,-0.5504230107673657,0.321964489001552,-0.6817556469428255,0.1877959273494115,-0.40255325961478133,-0.5741453796021412,-0.15526573475263017,-1.122069650898368,1.2512745646521484,0.09015760017478983,-0.0340529835864714,0.7556763476197146,-0.8519536363350013,0.09392398792316563,0.7057611618525863,-0.6790656834527858
TCGA-64-5775-01A,0.013767974524255652,0.001643400330708421,0.0,0.3480102462098509,0.0,0.0156576493809657,0.021525242779287405,0.0,0.0,0.0,0.0,0.0,0.0,0.0,0.0,0.0,0.0,0.0,6.927917375965316e-05,0.0,0.0,0.0,0.0,0.0,0.0,0.0,0.015012434661974923,0.0,0.00486766062303051,0.0,0.0,0.08752227700562461,0.0,0.0,0.0,0.0,0.10155890581008686,0.05756737300083325,0.0,0.0,0.0,0.0,0.024705533670996302,0.0,0.0,0.0,0.02595862288600565,0.0,0.0,0.0,0.0,0.0,0.0,0.0,0.07522547255339145,0.0,0.0,0.015851315691034214,0.028624869480458545,0.0,0.0,0.0,0.0,0.0027942745386069683,0.0,0.0,0.0,0.0,0.007016838857931365,0.0,0.0,0.0,0.012826284431300558,0.0079201304782451,0.0,0.0,0.0,0.007353426256942962,0.0,0.0,0.0,0.0,0.0,0.0,0.049257932721812385,0.0,0.0,0.07526285493289667,0.0,0.0,0.0,0.0,0.0,0.0,0.0,0.0,0.0,2.6875289612146345,Lung Adenocarcinoma,-0.4297784178746948,-0.1321799899488831,-0.3810403624435049,0.7348326781443301,0.1702788125843302,0.0682196908431849,0.5942762898071985,-2.285181301488159,-0.497268192472476,0.16225210760695305,0.09348970025965926,1.136069381902923,1.0598703571356443,1.1121187480265924,-2.2973275083268767,-2.6622222090915426,-0.5628010356058607,1.1393472159889337,0.07215597725239606,0.8622930331567203,-1.5748770088455653,0.7661083986373389,0.17121211625374963,0.19914989965382782,0.24950821202707762,-0.018444422434958915,-0.2766777375367727,-3.416909439231865,0.474048950192799,1.0092005501953278,0.7017735801333447,1.429048012253166,1.4047579907172498,-0.6008875730239417,-1.0093170389784398,-0.09591385661991457,-0.11981586256482947,0.1196172866320187,-1.0244072849781105,-0.3389167675035165,-0.14204426326711023,-0.8646199648926143,0.23876613462709254,1.6708151469027894,0.5264342152530551,1.073064044788532,1.4433608425712652,-1.026651214034166,2.756732708070974,-0.9793581429782893
TCGA-64-5778-01A,0.01842675711036827,0.037802663897360415,0.0,0.4998044231780253,0.0,0.0,0.0,0.013987952663827323,0.0,0.0,0.0,0.0,0.006444118732557211,0.0,0.0,0.0,0.0,0.0,0.005683866590974935,0.0,0.0,0.0,0.0,0.0,0.0,0.0,0.0,0.007981489381375318,0.0,0.0,0.014088627017987396,0.11249272784777951,0.0,0.0,0.0,0.0,0.0,0.0144297160126607,0.0,0.007908483986042932,0.0,0.0,0.0,0.0,0.0,0.0,0.0,0.0,0.0,0.0,0.0,0.0,0.0,0.0,0.0,0.0,0.0,0.001749755860083968,0.029318480183340337,0.0,0.0,0.0,0.020469355656760193,0.019436405002061004,0.0,0.0,0.0,0.0,0.03456938006531652,0.0,0.0,0.0,0.028029233184545893,0.0,0.0,0.0,0.0,0.011385683277247175,0.0,0.0,0.0,0.0,0.0,0.0040675587872372986,0.05452213535251313,0.0,0.0,0.057401186211935226,0.0,0.0,0.0,0.0,0.0,0.0,0.0,0.0,0.0,2.6665179805548807,Lung Adenocarcinoma,0.385483566889866,1.4010575612340759,-1.2720912821154042,-2.1223579419571426,-0.6376896810655773,-0.7411480181348564,0.6616917204781135,-0.32633666350182566,-0.1919542417559889,0.5735944593523861,0.9071199659926106,1.542065627515755,0.03460175194111848,-1.2203638137981319,-0.8835389407538705,0.013849497587725816,0.813830255829679,-0.7045863472266585,0.1604559531956195,-2.1833256662520193,-0.3921680539547238,-0.512004205332503,0.5455689329239428,0.7641545036759422,0.4689889930430542,1.7750335883958743,1.4817409222945526,-0.3834401366627952,0.63465798867729,-1.668809220154889,-0.43784092875116787,0.8022113736251194,0.2654431621208818,-1.0747053667702307,-0.5545173440583424,1.7338304577253918,0.5097821568760255,0.11056463035178277,1.865621037528541,-1.0464138834293557,-0.5382452807707732,0.7830877433152071,-0.02907711234714935,-0.99609839351126,0.2539916723335151,-0.1817713880967931,-1.4336156309743562,0.9506053421634459,-1.7087193898914932,0.34095256138669106
TCGA-64-5779-01A,0.002711348447524749,0.012131549387311836,0.0,0.3025660863071421,0.0,0.0,0.0,0.0,0.0,0.0,0.0,0.0,0.00928915785001437,0.007097550943277532,0.0,0.0,0.0,0.0,0.0,0.03974035392359845,0.0499167082145925,0.0,0.0,0.0,0.0,0.0,0.011648117756834284,0.008800523710837109,0.0,0.0,0.0,0.1721824669363677,0.0,0.0,0.0,0.0,0.0,0.0,0.06317885547040399,0.0,0.0,0.0,0.02901188494515099,0.0,0.0,0.0,0.0,0.0,0.0,0.0,0.0,0.0,0.0,0.0,0.06646213563656406,0.0,0.0,0.00014915570038687699,0.027916699488893512,0.010803829951569303,0.0,0.0,0.008929216454117319,0.015359704962567446,0.0,0.0,0.0,0.0,0.0,0.0,0.0,0.0,0.08114750482165584,0.0,0.0,0.0,0.0,0.0,0.0,0.0,0.0,0.0,0.0,0.0,0.06477964545114177,0.0,0.0,0.0,0.0,0.0,0.0,0.0,0.01617750364004821,0.0,0.0,0.0,0.0,2.550228353055094,Lung Adenocarcinoma,-1.6028427912174743,-0.18453789194179765,0.507724665434163,0.8455723756281891,0.11140474305951738,-0.39412438407533806,-0.06793929877094657,-0.9604574919047639,-0.4276666438510021,-0.5423047254006728,-0.22930354419482454,-1.061004403298725,0.2722526722556792,0.6919257958234233,-0.48447747211266295,-0.8218206964828042,-1.325794316358161,0.4032843330970447,-0.6522862219084612,0.25153209602779897,-1.0942395344960385,0.4465424046878311,0.03221963208478084,-0.45352971507918516,-0.3554517162493308,-0.8483468016009861,-0.43140374885314375,-0.30641318580706856,0.4415992872153441,0.7292122085342518,-0.4353049977462066,-0.12819059129497204,-0.3905480526505899,0.37604375556865444,0.8619725893839975,-0.7051782238557533,-1.2576691221595462,0.5431730317951636,-1.204624203060466,-0.9591875134231628,0.048589876176932105,-1.6220241984585118,0.7772111675659521,0.8887085176587827,0.1421806088198462,-0.15127507634380508,0.3711076231860651,-0.46876256514538034,0.13227852480636773,-1.5957875789505263
TCGA-64-5781-01A,0.011224524650370849,0.050645175494773445,0.0,0.47124355544178986,0.0,0.0,0.02787450129549372,0.0,0.0,0.0,0.0,0.0,0.0,0.0,0.0,0.0,0.0,0.0,0.02873083726752677,0.0,0.0,0.0,0.008936776285104114,0.0,0.0,0.0,0.0,0.0063426953381694445,0.0,0.0,0.0,0.10284300903077088,0.0,0.0,0.0,0.0,0.0,0.0,0.0,0.0,0.0,0.0,0.005416353963323246,0.030903806790781092,0.0,0.0,0.011532898075734805,0.0,0.0,0.0,0.0,0.02348471524474249,0.0,0.0,0.0,0.0,0.0,0.018862710879771448,0.028911610457756396,0.0,0.0,0.0,0.0,0.003235443688568305,0.0,0.0,0.0,0.0,0.0,0.0,0.0,0.0,0.029828663052223824,0.006243751418417317,0.0,0.0,0.0,0.0,0.0,0.0,0.0,0.0,0.0,0.056182018005316164,0.07755695361936572,0.0,0.0,0.0,0.0,0.0,0.0,0.0,0.0,0.0,0.0,0.0,0.0,3.04688519083771,Lung Adenocarcinoma,0.9463051850712144,1.2789554556266445,-0.8495570379689468,-0.04101242990289903,0.4967098715016708,0.894835607997967,1.6329114695824951,0.17750921095139954,0.6223590549305174,1.2256318025153843,1.0076904004413991,1.4803692640366946,0.041650077646830555,1.3694996191575668,0.11062947631126573,1.1856015493887457,0.24798042348596358,-0.14461506638341914,1.3694749811018085,-1.0711860103872801,0.3216680298923241,1.0355147424729694,0.2312750053422493,0.6588304021966849,0.6830713445011488,0.6761514813724201,0.9983695750945676,-0.6025138676955079,0.54778306297421,-1.3272571481998576,0.6098603875421531,0.5335269315900248,0.5075269637770012,0.2752766895851803,-0.9047674420316026,1.6633786592345652,1.6525088764158842,-0.2620986939318954,1.6150921563705052,0.5872233112761026,0.0018007589148556211,1.5308670100948523,-0.4334024758318804,1.0117042340461286,1.8057461455512192,1.09999158488491,-0.1388765070978791,2.3696094665861827,-0.6206017041121089,1.225195726221839
TCGA-64-5815-01A,0.029906897647566603,0.0,0.0,0.19323539858969507,0.0,0.0,0.0,0.0,0.0,0.0,0.0,0.0,0.0,0.0,0.0,0.0,0.07646060599653336,0.0,0.01209519375560977,0.00813397874351215,0.0,0.0,0.0,0.0,0.0,0.0,0.0,0.0,0.07156029983714472,0.0,0.0,0.08466754489049351,0.0,0.0,0.0,0.0033875552581637334,0.0,0.0,0.0,0.0,0.0,0.0,0.0,0.0,0.0,0.019089793559029216,0.0,0.0,0.0,0.0,0.0,0.0,0.0,0.0,0.00645649018487595,0.0,0.0,0.02839293064877042,0.0072419153190316264,0.0,0.0,0.0,0.00853166855681291,0.0,0.0,0.0,0.0,0.0,0.0,0.0,0.0,0.0,0.0,0.13159117291611858,0.004164940454933999,0.0,0.0,0.015086996397822933,0.0,0.0,0.0,0.0,0.0,0.02509277664451796,0.0,0.0,0.2105099748736671,0.04444315789433093,0.0,0.0,0.0,0.0,0.0,0.0,0.0,0.0,0.019950707831369523,2.24551266781415,Lung Adenocarcinoma,0.45326748693555763,0.7702014168319079,0.6239478695333691,2.037284901525057,1.9360436132112793,0.9339861925038073,1.4368156283173235,0.478683549791635,0.7692835421216031,2.109527487334536,1.5482130622359314,-0.8794103400836065,-1.0070236790633327,2.0876922378294154,0.5938046501127495,0.6951793607119089,-0.10300882460434876,-0.787694318852921,1.22882004186449,0.9040358073690782,1.0696141974898807,2.444757067300046,1.5807764213260151,0.8546836907351251,1.4967267040972225,0.5772095526737105,0.7219311933582082,0.3102519141928875,2.216962959691637,0.0053784090203483174,-0.02092639808306172,-0.9869689014245091,-1.1119233582704489,1.5434247593439598,1.438731689655751,-0.6534623499030541,1.7864275525161004,1.0074346708019846,-0.09916940431951347,-0.21858255870916188,0.39337392333238697,0.124666231361973,-1.428689481424789,1.7215218652869377,1.509778530578243,-0.40102152531318713,0.8985179603561321,0.49414723717690545,0.598922612975848,0.9436127202670466
TCGA-67-3770-01A,0.029736583294846082,0.00539628347070616,0.0,0.2787979978629392,0.0,0.0,0.0,0.022917529074727383,0.0,0.0,0.0,0.0,0.0,0.00033666048234407475,0.0,0.0,0.0,0.0,0.0,0.0,0.0,0.0,0.0,0.00033281490856843437,0.0,0.0,0.0,0.02956565357747993,0.0,0.0,0.0,0.07306961143213392,0.0,0.0,0.0,0.0,0.0,0.0,0.009772665258409904,0.0,0.04172725446874703,0.0,0.012327300587079242,0.0,0.0,0.0,0.08121285075287196,0.0,0.0,0.0,0.0,0.0777637425660983,0.0,0.0,0.0,0.0,0.0,0.02798310536480158,0.07198084067841498,0.07372748650217795,0.0,0.0,0.0,0.009527183345525995,0.0,0.0,0.0,0.0,0.013466652480601433,0.0,0.0,0.0,0.0,0.0,0.0,0.0,0.0,0.0,0.0,0.0,0.0,0.0,0.0,0.005621995978720136,0.03834620478532189,0.0010245643245772626,0.04278028630947444,0.05258473249343273,0.0,0.0,0.0,0.0,0.0,0.0,0.0,0.0,0.0,2.305351369446624,Lung Adenocarcinoma,2.106073236750254,0.1256226324577655,0.036584378868937256,-0.5755690219498256,-0.8214807419983342,-2.38770557062686,1.1067269014802383,2.926256783140599,1.3241163202229769,0.6457525545363133,0.375822033753773,0.4710428027543105,-1.1522865353936829,-0.5239912190756906,0.023605322803423402,0.4041071140060547,2.6913928676618517,-1.8158772750998002,0.6851444938576017,-1.8674205164538549,1.7963218811955086,0.1026991863767821,0.36524402839111203,-0.07519783017025408,0.45163816178876703,0.4788821589738643,0.5026780968740735,0.8066006945963372,0.369131266921589,-2.778255390107861,0.4122317236592532,-0.4955265849265054,-1.13692004839815,0.4738652848107517,-1.46991141746871,1.9095225803925466,1.5797311009768247,-0.31904650751685165,2.7248095206657044,-0.3937943985355652,0.6097160177965424,0.5168632761015527,-1.2863126577191804,0.001125901187068451,-0.07719550335265929,-0.5067085058751125,-0.8257503542225241,1.4915324442771454,-2.830720748342133,1.849707928498088
TCGA-67-3771-01A,0.011197113170279386,0.09787490178597008,0.009161554773604431,0.2706693481705401,0.0,0.0034467599891046118,0.0167050510098162,0.05109816538321216,0.0,0.00044326772243476816,0.0,0.0,0.0003844198528859189,0.011547905620582968,0.0,0.0,0.0,0.0,0.12564379706956572,0.0,0.0,0.0,0.010748754836809357,0.0,0.0,0.0087126023537661,0.010415963859994416,0.0,0.0066310968469300855,0.0,0.0,0.07766000941435407,0.0,0.0,0.0,0.0,0.0,0.015839184938640942,0.0024203932606434676,0.0,0.0,0.0,0.0,0.0,0.0,0.0,0.07497439393156687,0.0,0.0,0.0,0.0,0.0,0.0,0.0,0.018227145802326497,0.0,0.0,0.006191213858994512,0.011208890387380963,0.0,0.0,0.0,0.0,0.028655212489471206,0.0,0.0,0.0,0.0,0.0,0.0017710652212219783,0.00732368734465836,0.0,0.004542477586551048,0.006463705050634125,0.0,0.0,0.0,0.0,0.0,0.0,0.0,0.0,0.0,0.00400074738339619,0.05976445413334275,0.030985014835239202,0.0,0.01529170191608153,0.0,0.0,0.0,0.0,0.0,0.0,0.0,0.0,0.0,3.0576661039098294,Lung Adenocarcinoma,-0.08948090767309373,0.30243058319190624,0.5338108208740141,-0.6798752846221812,-0.21479760761357414,-1.0285819988735885,-0.299982572712015,-0.06380964733121354,0.39876110035801143,-0.2520325332522791,0.1975533462823818,-0.7504488832433666,-0.47388124619638533,-0.06989534472001949,-0.038352199450112666,0.2976381539437446,0.1970450743651207,-0.19714331151184425,0.7854052770013737,0.6829118688086496,1.226963371801814,0.45963952414742515,0.2737226850046385,0.12617696056883249,0.33938457577970643,-0.3282843064137911,0.08185879691530416,1.548697395250278,-0.07882569402673477,-0.4599970207902616,0.9032946639587347,-0.32601555751589395,-0.16680908780755002,0.48099047883267343,-0.20123709521352467,-0.3454568338386898,0.23839801335256353,0.39538575887694616,-0.29271499115369387,-0.12125145040165669,0.8271089735795738,0.8206829788994017,1.5062534530837464,-0.09318041431341943,-0.5332781850094808,0.25833701901988465,-0.5227410152772223,0.5685143728495126,-0.5068433635895112,1.1764866081852499
TCGA-67-3774-01A,0.0,0.008948867038690543,0.0,0.17545578305421866,0.0,0.039978861776368224,0.0,0.0,0.0,0.0,0.0,0.0,0.018226035123784252,0.006486117168709793,0.0,0.0,0.0,0.0,0.0,0.0,0.0,0.0,0.0,0.0,0.0,0.0,0.0,0.0,0.05792143180517249,0.0,0.0,0.018766658397670256,0.0,0.0,0.0,0.0,0.11450827767945294,0.0,0.0,0.0,0.0,0.0,0.000540179260469102,0.0,0.0,0.0,0.0,0.0,0.0,0.0,0.0,0.0,0.0,0.0,0.0,0.0,0.0,0.008969911333258048,0.0,0.0,0.0,0.0,0.02036743572353515,0.013807781568741708,0.0,0.0,0.0,0.0,0.014321567507511344,0.0,0.0,0.0,0.02258185178745802,0.0,0.0077579408570537765,0.0,0.0,0.006322393657928565,0.0,0.0,0.0,0.0,0.0,0.10173636769695206,0.05835463434101756,0.011409725717082708,0.0,0.05067552472980397,0.0,0.04608801711236935,0.0,0.0,0.0,0.0,0.0,0.0,0.19677463666275144,2.0492180226701815,Lung Adenocarcinoma,0.5168291542274921,0.2665129477031405,0.9132415902140297,0.423063549171344,0.37908340778264477,-0.6161195164924225,0.6597902869207056,0.9665501962813973,0.9205183274092026,1.132300690163992,0.641558363077036,-0.4401935036658344,-1.363150036921618,-0.1778759420620841,0.4585946965360058,0.43272058332117747,0.8265149449241144,-1.412803051133925,-0.6243831924240173,-0.16822378146658823,1.616422831568386,0.519573505805359,0.6937074162775639,0.6121494815335641,0.68506604908651,-0.29141164372131745,0.1156162310948958,1.1482364022940257,0.8519732811159755,-1.0922102748720552,-0.738873966892987,-0.7637406809740849,-1.0747816800259176,0.6895574962281628,-0.6540052400843451,-0.20544027650900684,1.465735173661075,1.8865354618803412,0.778275615676087,0.6680216541490973,0.450719115224704,0.7182855874723221,-0.7874343541360194,1.5416288701168068,0.8579478894057543,-0.36018405876685045,0.7923131149090188,1.0482746747834397,-0.1384527100199584,1.2330865990074842
TCGA-67-4679-01B,0.026351801936412386,0.0,0.0,0.46512208981577424,0.0,0.0,0.05356057790659916,0.0,0.0,0.0032026065159085474,0.0,0.0,0.0,0.0,0.0,0.0,0.0,0.0,0.0,0.0,0.012757875418710525,0.0,0.0029202071353918615,0.0004508164184221238,0.0,0.0,0.0,0.0,0.021339134106238597,0.0,0.0,0.16724009472065135,0.044495745212267915,0.0,0.0,0.0,0.0,0.0,0.0,0.02402076699318518,0.0,0.0,0.0,0.0,0.0,0.0,0.07017640346327508,0.0,0.0,0.0,0.0,0.0,0.0,0.0,0.0,0.0,0.0,0.0,0.029367565036933177,0.0,0.0,0.0,0.0,0.0,0.0005483281491200519,0.0,0.0,0.0,0.0,0.0,0.0,0.0,0.0,0.0,0.0,0.0,0.0,0.00990742231894107,0.0,0.0,0.0,0.0,0.0,0.041086079514919494,0.02514723016993732,0.0,0.0,0.0,0.0,0.0,0.0,0.0,0.0023052551673118553,0.0,0.0,0.0,0.0,2.4533183400470375,Lung Adenocarcinoma,0.5794419787102227,-0.05302327294384653,0.48960921971408977,0.8655199270440785,0.6708359006363911,-1.4684304518782905,0.6611889252518915,1.2456589915405067,0.6060319341769704,1.1123052515090521,0.1148586945523358,-0.9094860700406706,-1.5688483129481265,-0.16576527065254915,-0.023874913525004968,-0.17703950040151,0.7852885169956663,-1.5337290054361252,-1.4135438441043675,0.23194526070471588,1.1505044491117056,-0.49250639728283874,0.6446467660367675,0.38169134266353794,0.5739384229967088,-0.700010843994886,-0.4513037255626891,0.8623499379880725,0.5251505525723927,-1.0373241037867718,-1.7290498557352876,-1.5635540570694109,-0.9460692905133985,0.8864758217900819,1.669663099812936,-0.30526645586243456,0.6327328533532428,1.0323554157058679,0.7964292452921183,-0.9437260698278307,0.16896355349963635,-0.13041880694201755,-1.362555639128348,0.6897539747803547,0.5279249239225235,-2.207770487632703,0.7319409304362593,-0.09830191784623199,0.074822776608243,0.5311283207424057
TCGA-67-6215-01A,0.006652055201066578,0.03048959747815589,0.0,0.0,0.0,0.0,0.0155529485276103,0.0,0.0,0.0,0.0,0.0,0.0,0.0,0.0,0.0,0.0,0.0,0.005836146228742383,0.0,0.0,0.0,0.012985081936865046,0.3219691068136536,0.0,0.0856242857265202,0.0,0.0,0.0,0.0,0.0,0.0,0.0,0.0,0.0,0.08047575992476536,0.0,0.0,0.0,0.0,0.0,0.0095044311325368,0.0,0.0,0.0,0.0,0.0,0.0,0.0,0.0,0.0,0.0,0.0,0.0,0.0,0.18975054931014754,0.0,0.0,0.0,0.0,0.0,0.002920997014952428,0.0,0.0,0.0,0.0,0.0,0.0,0.013804033863306768,0.0,0.03858416314188794,0.0,0.0,0.0,0.0,0.0,0.0,0.0002632521138674003,0.0,0.0,0.0,0.0,0.025412717219966158,0.0,0.0,0.0,0.0,0.0628267383208162,0.0,0.004239995811442908,0.022632604857565894,0.07047553537613054,0.0,0.0,0.0,0.0,0.0,2.0253058652647704,Lung Adenocarcinoma,0.3550737306337361,-0.43270454361262256,0.5578573445041038,-0.1713879219932613,-0.020560137372297817,-0.797804909557272,0.013121490752188561,0.16377550543117736,1.6782990301020717,-0.17620685132661404,-0.3565446087368741,-0.12116656394861991,-0.366803874539198,-1.605336226763895,0.08088869714609112,0.03282678027078941,0.7331590509022139,-0.33542978574626253,0.353511848909182,0.13533550308906636,1.6270984025833257,-0.6068805803068383,0.25721588214829044,0.06054877018109375,0.02725969090015641,-0.5224681339413315,-0.7752176503261023,0.3221972947696971,-0.3763966937011775,-0.10515888471121088,0.11146297294966657,-0.24051647345864266,-0.061306568741424615,-0.8430555511116887,-0.07495932495037959,0.017280852588051572,0.5392055260050276,0.7032711909430368,0.6022665385971687,-0.39711529419143504,0.6091179882689949,0.3497227325697842,-0.9481815433315487,-0.6810102944006851,-0.5277726255866747,-0.36625898813106006,-0.6542903865902583,0.08005750571029305,-0.30540177602713225,0.49071646025376175
TCGA-67-6217-01A,0.006133074283177551,0.0,0.0,0.45764909560368966,0.0,0.0,0.0,0.0,0.0,0.0008409330898764741,0.0,0.0,0.0410679229378284,0.00583685997447184,0.0,0.0,0.02247898771958398,0.0,0.016582845530585227,0.0,0.007966989776976454,0.0,0.0,0.013168390997477582,0.0,0.0,0.0,0.0,0.0,0.0,0.0,0.0,0.0,0.0,0.0,0.0,0.0,0.0,0.0,0.02200978461646121,0.005245025341340072,0.0,0.0,0.0,0.0,0.0,0.0,0.0,0.0,0.0,0.0,0.0,0.0,0.0,0.014681975454311214,0.0,0.0,0.0,0.018117511653133165,0.0,0.0,0.0,0.0,0.02742341902727377,0.0,0.0,0.02514345173822766,0.0,0.015390020385282104,0.0,0.0,0.0,0.0,0.0,0.0,0.0,0.0,0.0,0.0,0.0,0.2539595107141824,0.0,0.0,0.04529643772690393,0.0,0.0,0.0,0.0,0.0,0.0,0.0,0.0,0.0010077634292173776,0.0,0.0,0.0,0.0,2.2430380486862944,Lung Adenocarcinoma,-0.27019830712233606,0.37043951423186133,0.34065831452656736,-1.0328355778702278,0.3946626529022759,-1.737988897375611,0.1937315610877121,1.8545644720755023,0.9181170027073017,0.14883849010793015,-0.1365445496010536,-0.7337699943753124,-1.7832982759965774,-0.6999357369216301,0.11269266342835689,-0.5487353031741878,0.1334852176794748,-1.8546378635165377,-0.2592803077374419,0.006949282723345735,0.42580666159647806,-0.6147822090568549,0.22648502266385162,0.20407994513084074,0.3086979435911235,-0.02097507301747314,0.2640316356464484,-0.3767864970883154,0.0006007556387632393,-0.924887252154145,-1.1376997554526163,-1.488641534652737,-1.6008557772053724,0.47308588431309306,-0.5143525145713637,-0.44482234745589966,0.3906644569786061,-0.2345731059516188,0.6701055696189263,-0.8770985307215629,0.9402834495442449,-0.30236890880192546,-1.4996504104736352,-0.20998351767782605,-0.04605772397170585,-0.7895294986632396,0.2662140697728308,-0.6204404806833336,-1.165462918595223,0.26437984002361153
TCGA-69-7765-01A,0.0,0.04141946482908213,0.0,0.46422186306989416,0.0,0.0,0.004399356179833102,0.0,0.0,0.0,0.0,0.0,0.013299124910059091,0.0,0.0,0.0,0.0,0.0,0.025848153551927253,0.033044935520772256,0.0,0.0,0.0,0.0,0.0,0.016969852465543406,0.03350155541696565,0.0,0.007159717252973077,0.0,0.0,0.12511357658055797,0.0,0.0,0.0,0.0,0.0,0.03472207673668409,0.03070690123997714,0.0,0.0,0.0,0.012372823617022202,0.0030736681927721193,0.0,0.0,0.0,0.0,0.0,0.0,0.0,0.0,0.0,0.0,0.0,0.0,0.0,0.0,0.04844676294499622,0.0,0.0,0.0,0.0,0.006657579686655023,0.005000503587036907,0.0,0.0,0.0,0.0004275437916504719,0.0,0.0,0.0,0.011500789538910601,0.0,0.0,0.037764101065017146,0.0,0.0,0.0,0.0,0.0,0.0,0.0,0.011845697722166568,0.017505964068584692,0.0,0.0,0.014997988030918752,0.0,0.0,0.0,0.0,0.0,0.0,0.0,0.0,0.0,2.7944880466591697,Lung Adenocarcinoma,-0.19362789556854426,0.5147193710700984,1.2183300007092586,0.8935149419802794,0.6399921150969774,0.7178407531446791,0.5697605895070907,0.7383202049495986,1.0753924984197842,1.161838779568427,0.8375472325879089,-1.3352723166734812,-1.0736293072631438,1.2699488727184534,0.6084856765615394,0.053889840515444286,-0.5102157644918677,-0.7275801648177684,0.5142883207940506,1.1101898112941617,0.7027750289011941,1.2697265037300758,0.9850571342464182,0.6272426469516144,0.8238443287273265,0.07130551433927446,0.3960416770996216,-0.5210101411460096,1.1984584052651988,-0.3652046994108598,-0.08708116993201169,-0.8289529144866798,-0.8389732405447227,0.4798888497182616,0.9828211806986562,-1.100477797045917,-0.6798789808861108,1.1234818545453773,0.1826198159634797,-0.9243641013368956,1.4045329508779691,0.17844804296216593,-0.2587265412886142,0.6555786482451509,0.580008034193362,0.006319607667530996,1.439010100753545,-0.9216302925572037,-0.40957764481272313,-0.2819296586958116
TCGA-69-7973-01A,0.0,0.009296999869938552,0.0,0.5337440075608434,0.0,0.07574500589741691,0.0236257099693284,0.0,0.0,0.0013298831865509008,0.0,0.0,0.0,0.0,0.0,0.0,0.0,0.0,0.004565072262799892,0.0,0.017529946913795176,0.0,0.0,0.0,0.0,0.0,0.0,0.0,0.02809091480643536,0.0,0.0,0.0,0.0,0.0,2.726617892899459e-05,0.0001352497390725335,0.10824841919550181,0.0,0.0,0.009675238816976186,0.0,0.0,0.0,0.0,0.0,0.03606442310741168,0.01222277237859238,0.0,0.0,0.0,0.0,0.0,0.0,0.0,0.0,0.0,0.0,0.0017060729264903036,0.033459701935089035,0.0,0.0,0.0,0.014009089212652629,0.00042592732520082443,0.0,0.0,0.0,0.0,0.006004209179610121,0.0,0.0,0.0,0.0,0.0,0.0,0.0,0.0,0.0,0.0,0.0,0.0,0.0,0.0,0.005520511785188914,0.07662192367079351,0.0,0.0,0.0,0.0,0.0,0.0,0.0,0.0019516540813824031,0.0,0.0,0.0,0.0,2.3891660843645326,Lung Adenocarcinoma,-0.23666008234467562,-0.9676049981269789,0.7200966507783715,0.17558490885035793,-0.4529041763907312,-0.3303189762089094,-1.0405185188595947,-0.649690422083034,-0.6910354122684905,0.22760304715546387,-0.6267791229575208,-0.3585001312022895,0.7300732311043492,-0.13746411943997872,0.5027979203511727,0.6203128002932443,0.026700640317025983,0.7285993955576175,0.4185514223046,-0.3625007082910667,-0.033602970571482496,0.15595122872096145,-0.21154032647767224,-0.8240559078504903,-0.6579781143730343,-0.5455173070802054,-0.6893173778856058,-1.2766673939867457,-0.3260512559793218,1.0313880728434415,0.6701940514198115,0.22532371160279682,0.5936536420527788,0.15323526043819508,-0.16664262672555188,-0.3410689847155694,-0.46418653665336823,1.4424634998387351,0.4709822246417504,-0.7666555965126641,-0.08296598723083964,-0.8623420933135748,0.6402382123317824,-0.10205265437965558,-0.7382686955924789,1.2585427561883018,-0.06768051502314666,-0.16605118420108472,0.5073337011513329,-0.5294572318580539
TCGA-69-7974-01A,0.017138640465128335,0.0,0.0,0.3799533283780649,0.0,0.0395743305297685,0.03439480847579879,0.0,0.0,0.0,0.008332906670901877,0.0,0.0,0.0,0.0,0.0,0.0,0.0,0.02632669176351451,0.0,0.0,0.016721405815242424,0.00404493688997589,0.0002623167891988742,0.0,0.01693317630908713,0.0,0.0,0.0,0.0,0.0,0.015372537191043749,0.0,0.0,0.0,0.0,0.08502513518896604,0.0,0.0,0.0,0.0,0.0,0.0,0.0,0.0,0.0,0.0,0.0,0.0,0.0,0.0,0.020366546943799465,0.0,0.0,0.0,0.0,0.0,0.005947564181571129,0.04123332064445181,0.037396317565982905,0.0,0.0,0.033637041146151736,0.03150457878776056,0.0,0.0,0.0,0.0,0.0045689259552307996,0.0015775783524271778,0.0018681502372033024,0.0,0.032295354842542506,0.0136175249514212,0.0,0.0009918066194867668,0.0,0.0,0.0,0.0,0.0,0.0,0.0,0.033597968172134646,0.02404964984333229,0.032440347901316814,0.04082710938849602,0.0,0.0,0.0,0.0,0.0,0.0,0.0,0.0,0.0,0.0,2.6580113966571126,Lung Adenocarcinoma,0.144035506012432,0.902866726439849,0.7127762060424383,1.0512803127238854,1.2155133549291421,0.31621182970181216,2.00111403029844,0.23929090192273206,0.339265847599757,0.8983331850393323,1.1857134896525008,-0.8320600995278725,0.03140043553153205,0.04564189775796351,0.2705032142912626,0.034190132726689255,0.2002922701726464,0.12762748076693148,0.4467041291261782,-0.3208956252638289,0.7833629589614116,1.05271257907919,1.384228313917755,1.5553357068131084,1.5852202355421314,0.7369135718577912,0.9793936498265083,0.420133218285844,1.4000500398350575,1.1573941356203492,0.32751933382547116,-0.5258024798108973,-0.22317804181851314,0.20427911425472825,0.754998012788826,-0.8566624804648854,0.9824386357363418,0.048751112992273936,0.12285532758754712,0.4595912340574752,0.7857435646061284,0.5726423429062728,-0.12476069315662534,1.3585426306595705,1.5520938646939053,-0.4989681049815152,0.4968146466778066,0.3508898944360243,-0.322147259672635,0.7441704397002864
TCGA-69-7978-01A,0.028451574788347964,0.09967209796789184,0.0,0.4475245683267349,0.0,0.0,0.0,0.0,0.0,0.0,0.0,0.0,0.0,0.03170951104658488,0.0,0.0,0.0,0.0,0.13527990856722097,0.0,0.0,0.0,0.0,0.0,0.0,0.00029130125067259964,0.0,0.0,0.0,0.0,0.0,0.04366647366420771,0.003026166081384851,0.0,0.0,0.0,0.0,0.0,0.013400508268144177,0.0,0.0,0.0,0.004017655979709452,0.0,0.0,0.0,0.03965637639763141,0.0,0.0,0.0,0.0,0.0409753122268363,0.0,0.0,0.0,0.0,0.0,0.0,0.02079482537498255,0.0,0.0,0.0,0.0,0.023726773152265603,0.0,0.0,0.0,0.0,0.001515874070062599,0.0,0.0,0.0,0.0,0.0,0.0,0.0,0.0,0.0,0.0,0.0,0.0,0.0,0.0,0.026049611674498513,0.03420500412649635,0.0,0.0,0.006036457036327413,0.0,0.0,0.0,0.0,0.0,0.0,0.0,0.0,0.0,2.767897616018091,Lung Adenocarcinoma,-0.964278211974929,1.6318599820053585,0.2111419259103444,1.3738727813046268,1.561002235433648,1.4280956274492,0.9788467764037189,-0.8572509053835508,-0.8220374662917305,1.340893892952036,1.9859739508323304,-1.2091474418421606,-0.4601149093808453,1.061086303649704,-0.2925574962125083,-0.6795606161068766,-1.2611944110088176,-0.1996146113083727,0.38282399595487965,0.32861287993952737,0.7753509743522666,1.1010172826044413,1.7412109984674393,1.8328203762616941,1.7377467946566703,0.856341512723868,1.3394813805487553,-0.7630889183559665,1.6351933553373674,0.7274412949245584,-0.08814302985035358,-0.919815942973733,-0.649435695046481,0.14070895607946107,1.0586995216560093,-1.9081579405697302,0.3589681646931566,0.7608267841782678,-1.2317779947758025,1.3901118889596238,0.3155262170195597,0.18707868513349007,-0.6257628431567702,1.1172135521794437,1.2372624993747752,-0.05293088358560151,1.1928289089348154,-0.31693950859818776,0.6360947915636889,0.28220059147930504
TCGA-69-7979-01A,0.016648152495645368,0.014512658864068065,0.0,0.6177591638258123,0.0,0.0,0.0,0.00539022108755307,0.0,0.0,0.0,0.0,0.0,0.004835743092768306,0.0,0.0,0.0,0.0,0.02063404236291942,0.0,0.0,0.0,0.0,0.0,0.0,0.0,0.02693715413206715,0.0,0.0,0.0,0.0,0.115013349121843,0.0,0.0,0.0,0.0,0.0,0.02413378210501378,0.0,0.0,0.0,0.0,0.006920510421902494,0.0,0.0,0.0,0.0,0.0,0.0,0.0,0.0,0.0,0.0,0.0,0.0,0.0,0.0,0.011244382529216956,0.0385220147582184,0.0,0.0,0.0,0.0,0.00200869737567114,0.0,0.0,0.0,0.0,0.0,0.0,0.0,0.0,0.020940968224558817,0.0,0.0,0.0,0.0,0.0,0.0,0.0,0.0,0.0,0.0,0.030208390970508835,0.044290768632233,0.0,0.0,0.0,0.0,0.0,0.0,0.0,0.0,0.0,0.0,0.0,0.0,3.156851901070011,Lung Adenocarcinoma,-0.7291411664613208,-1.0435307260118871,-0.26473537610553055,-0.01904602954338969,0.3786871220609339,-0.2978181452292116,-0.7729129736266668,0.03416942547720138,2.0535296472927715,-0.10342283349883823,-1.2814082859168885,0.3014234632604778,0.08455124864461022,0.2593519127705847,0.256220593335649,-0.3210384597400584,0.2094484716571794,0.051367525848487874,0.3574531509336184,-0.3050998486833615,0.060484296449893435,-0.6142219582527637,-1.1526586455945946,-0.8434745670173647,-0.7924667689073787,-1.1168070230986302,-0.9297051888794418,0.8343811805767474,-1.4293256234886333,0.057853834954723925,-0.00334705400101939,-0.13887792845833516,0.3644197189700159,0.8563275216721729,0.7151937526225247,-0.03526204921584278,-0.405389472677408,-1.5305410588734547,0.08685264114262263,-1.2900802415527557,-1.307095285508186,1.1302054497399272,0.35010371245776034,-0.9233708435262995,-0.7974439326739514,0.3848207591173714,-0.42287118242598676,0.24933149615622105,0.6586538239127883,0.18089719139863944
TCGA-69-7980-01A,0.005761709293868161,0.053627164898465834,0.0,0.4042479100626672,0.0,0.0,0.03938820370488503,0.0,0.0,0.0,0.0,0.0,0.005107637180497425,0.01043686749763282,0.0,0.0,0.0,0.002543298162052393,0.1072377454779202,0.0,0.0,0.0021775926393581887,0.0,0.0,0.0,0.0,0.011706583554280746,0.00039571953611561517,0.0,0.0,0.0,0.10582347778004658,0.0,0.021548225384749344,0.0,0.0,0.0,0.0,0.018978513363494615,0.0,0.0,0.0,0.0,0.0,0.0,0.0,0.05942526264019504,0.0,0.0,0.0,0.0,0.0,0.004533265178091617,0.0,0.009774202967535702,0.0,0.0,0.013787769008593487,0.010878521721519097,0.0,0.0,0.0,0.0,0.021980012819327634,0.0021230296669726132,0.0,0.0,0.0,0.00019935125878640388,0.0012151664897792683,0.0,0.0,0.0,0.04886023907718844,0.0,0.0,0.0,0.0,0.0,0.0,0.0,0.0,0.0,0.03221094331272203,0.0,0.0,0.0,0.00603158732325446,0.0,0.0,0.0,0.0,0.0,0.0,0.0,0.0,0.0,2.89707700320942,Lung Adenocarcinoma,-1.091735038965737,0.17274448812363472,-1.0873156730551528,-0.08535216281461662,0.9133493951273401,-0.10905442972831146,0.5953654351865617,-1.755049731450842,-1.1404212258062159,0.9518011261779241,0.6092470829151619,-0.6171517310234764,-0.5502551588168977,0.31332900102970884,-0.2091342208382931,-0.46047603722790825,-0.9575785314676776,-0.4923451943303306,-0.4580926606729847,0.11976046765714413,0.1302640947969584,-0.24267408823570125,0.27631022012149326,0.5900660912579134,0.4918091902747453,0.9678339678768515,0.7851319790185421,0.8929887321323816,0.6318932030973891,-0.015670926812604322,-1.3134926235782478,-0.699625307702571,-0.7348703696296874,0.505056823588568,0.9872857845436914,-0.9163069372849129,0.3597299327542688,-0.14811578983427315,-0.7917672168871175,0.5199406589556494,-0.5755579214877736,-0.4707470471582226,-1.3429949012531741,1.5465137152929822,0.8823542691305732,-0.6062303659132682,0.29358290764125394,0.13412544877889215,-0.6366173319661805,-0.10037338788694329
TCGA-69-8253-01A,0.03670447383421798,0.06976696685278339,0.0,0.09800033942546418,0.0,0.0,0.0,0.0032411484390789595,0.0,0.0,0.0,0.0,0.0,0.0,0.0,0.0,0.0,0.0,0.03294913962397547,0.0,0.0003026364985347218,0.0,0.0022815781459189694,0.004334061264467851,0.0,0.0,0.0,0.0007273151520021652,0.06367380712168914,0.0,0.0,0.3053536052433387,0.0,0.0,0.0,0.0,0.0,0.0,0.0,0.0,0.0,0.0,0.0,0.04036254008535983,0.0,0.0,0.12946057411635434,0.11892235558473438,0.0,0.0,0.0,0.0,0.0,0.0,0.0,0.0,0.0,0.0,0.06349550082145629,0.0,0.0,0.0,0.0,0.0,0.0,0.0,0.0,0.0,0.0,0.0,0.0,0.0,0.0,0.0,0.0,0.0,0.0,0.0,0.0,0.0,0.0,0.0,0.0,0.024432401250378426,0.0,0.0,0.0,0.0,0.0,0.0,0.005991556540245268,0.0,0.0,0.0,0.0,0.0,0.0,2.1818435879447726,Lung Adenocarcinoma,0.8580024126111183,-0.7806855463216208,-0.05825495267677769,0.7855968717108702,-0.22115596004874039,-0.711692734995441,0.0753004816526949,0.04647409010826449,1.3730808871418305,0.4516284405414808,-0.26091054578857276,-0.04474480630392305,-1.5570455609096796,-0.7529306781214458,0.21028523236326926,0.338719083757041,1.0394408879688712,-1.6093176309894777,0.6886200050152872,-0.5246054387610118,1.2509746885621766,0.6651409102745793,-0.04032847351367662,-0.3131836151684626,-0.27659696280518775,-0.8416442208292682,-0.7438177908532743,1.1818483003932616,-0.19815248976236094,-1.4114940875765063,-0.08945529534220122,-0.412616020254626,0.296733221169565,-0.18964267447647257,0.08605714976832327,0.5434542098717269,1.0226127861004217,0.5069603184413559,0.4730733134673438,-1.667911620050219,-0.1277139989330418,1.9527056919818446,-1.6858514122664807,0.2728198174163193,0.25448859921594,0.5024607471627742,0.051651924174030195,0.25845890565277496,0.7983844629041396,0.9677041889378685
TCGA-69-8255-01A,0.024811235619337322,0.05395036059708444,0.0,0.045683799228998484,0.0,0.0,0.010881510156150484,0.0,0.0,0.0,0.0,0.0,0.000738796439532134,0.005856105589393218,0.0,0.0,0.0,0.0,0.02718659884541839,0.0,0.022614230774539782,0.0,0.014075703243849085,0.01192606787245566,0.0,0.0,0.0,0.0,0.02492896705549984,0.015016708286301694,0.0,0.1898172298035389,0.0,0.0,0.002981572315163625,0.0,0.0,0.0032627696036471765,0.0,0.007376098841286507,0.0,0.005096921645737671,0.0,0.0,0.0013144552525832921,0.0,0.09233881222557194,0.0,0.0,0.0,0.0,0.0,0.0,0.0,0.08685753817480929,0.0,0.0,0.0,0.008813341581725332,0.0,0.0,0.0,0.011065478375048366,0.05301457982381332,0.0,0.0,0.0,0.0,0.0,0.0,0.0,0.0,0.05767630561608162,0.0,0.0,0.021137288329337586,0.0,0.025053403823425177,0.0,0.0,0.0,0.0,0.0,0.07245986613179625,0.04028566480840364,0.0,0.0,0.0,0.0,0.0,0.0,0.0,0.0,0.0,0.0,0.0,0.06377858993946987,2.4578818967339924,Lung Adenocarcinoma,0.8925313694497083,0.9419625928006774,-0.8434610394042454,-2.584522506236099,-2.1942236101375387,-1.29536157518008,-0.6955636594377991,1.3759120003132634,1.734822033132758,-0.2449842577679213,0.4273695438589254,1.6990611722593787,1.528194222423474,-2.14759300504802,-2.3033074339236665,-0.9949394591664209,1.2682121837009723,1.2258849641639102,0.3682981912968641,-1.660681948770365,-1.9958592250951175,-1.4299215509766319,0.2030580281545268,0.22122713340849107,-0.047333056123553846,0.5480128655425847,0.6296743900693467,-1.349303121801235,-0.5285689967408859,0.35313857750173794,2.293629252595674,1.8324531478361143,2.6402590624916513,-1.8930746811326165,-2.406116614005067,1.6428799510431522,-0.8839078196322149,-1.1910273915500158,1.1310367679376425,0.8858764915817637,-0.879936521146206,1.3846036374691324,1.4273225771413895,-2.7705657515265267,-0.4490223508326507,2.4703066445426844,-2.230220339802819,1.7615272665827457,-1.3690830287180953,1.955060452322345
TCGA-69-A59K-01A,0.02524285412162578,0.05203671692894491,0.0,0.5041625449473642,0.0,0.001764898430148183,0.0,0.0,0.003712242573312121,2.9115582363080697e-05,0.0,0.0,0.0,0.0,0.0,0.003977520190546121,0.0,0.0,0.032275521972812124,0.0,0.0,0.0,0.0,0.0,0.0,0.0,0.0011878279214273051,0.006325293437174244,0.0,0.0,0.0,0.0911879752488694,0.0,0.0,0.0,0.0,0.0,0.0,0.0,0.0,0.0,0.0,0.0,0.0,0.0,0.0,0.0,0.0,0.0,0.0,0.0,0.05787268016036639,0.0,0.0,0.11536850813234613,0.0,0.0,0.0,0.0032493789366652586,0.0,0.0,0.0029896466902581673,0.0,0.0,0.0005384975820747566,0.0,0.0,0.0,0.0,0.0,0.0,0.0,0.006616160449126217,0.053002818871765604,0.0,0.0,0.0,0.0,0.0,0.0,0.0,0.0,0.0016882496313650223,0.0252705690863555,0.0,0.0,0.0,0.0016370685912696884,0.0,0.0034366067451707836,0.0,0.0,0.006427303768648965,0.0,0.0,0.0,0.0,2.655138434811382,Lung Adenocarcinoma,-0.578488428704643,-0.04043781118596328,-1.4989597167511657,-0.5646342376825092,-0.06133164503609964,-0.569890031868721,0.46564836577723445,-0.1783917702402195,-1.6073569087106774,-0.9341901307887078,-0.3689779378940085,-0.5934931903775805,-0.02635091574800051,-0.7057508468533358,-0.6747754753700147,-0.9813484303741127,-0.942247576331598,-0.20194111432854717,0.46523311860862077,-0.7267143874132035,0.1779524734076947,0.19184387666128944,-0.5616002759877043,-0.08109368245822045,-0.1309378769554592,-0.4123943144039449,-0.12625675788837595,-0.561308335175632,-0.30213820422237014,-0.2886711672944101,0.46803970122868926,-0.6083792679611609,-0.1145003159849547,-0.3213719044835735,0.5712656268308361,-0.8419298170683773,-0.6323701185590355,-0.15131624034679747,-0.7469535939811653,0.004166113144275349,0.2930689817914657,0.9921668662978823,-0.061754468779069004,-0.9213171819185009,-0.08242267827455466,0.22435992934808927,-0.9043281570573084,0.39349624079035445,-0.7609845035784992,-0.312245863289055
TCGA-73-4658-01A,0.015141314732762359,0.21667314155138853,0.0,0.22934035021151827,0.0,0.0,0.0,0.0,0.0057325909916669604,0.0,0.0,0.0,0.004952103991338974,0.0,0.0,0.0,0.0,0.0,0.12228481412614117,0.05763590920671048,0.000710945481174815,0.0,0.000787633939445364,0.0,0.0,0.0,0.0,0.0,0.0,0.0,0.0,0.059413265188358315,0.0,0.0,0.0,0.0,0.0,0.0,0.04732706210383411,0.015917025277018805,0.0,0.0002572304636777101,0.0,0.02484365832135602,0.0,0.0,0.040395841348991726,0.0,0.0,0.0,0.0,0.03985013098470686,0.0,0.0,0.0,0.0,0.0,0.0,0.023289511740939208,0.0,0.0,0.0,0.0,0.0004329024823895316,0.005775413013520527,0.0,0.0,0.0,0.0,0.0,0.0,0.0,0.0,0.0,0.0,0.0,0.0,0.0,0.0,0.0,0.0,0.0,0.01881845568346146,0.030574069476354472,0.03206770581951458,0.0,0.0,0.0,0.0,0.0,0.0,0.0,0.007778923863729813,0.0,0.0,0.0,0.0,2.4785664955938436,Lung Adenocarcinoma,0.7819728500898778,1.1926760672995236,1.6933733498051373,1.9409872897285796,1.92364653155784,0.26718044284397874,1.8918523076777192,0.610747898608375,0.5128065130162649,1.963354235508181,1.6203944487530466,-0.5181519054334138,-0.8978926519002935,1.6827371274094076,0.34646155156626285,-0.000236588835276702,0.19245874803985602,-0.9018033180970918,0.7630300979860114,0.6888197797091017,1.7678164426809644,1.683666569688113,2.298974533462573,1.427695845069122,1.7856036227047698,-0.1070507307544736,0.5747499628567384,-0.6633618471968616,1.9166402469801387,-0.8405741654883133,0.21631318992497073,-0.42104700048959925,-0.5070518058687924,1.3628492099439493,1.8070428290647518,0.09573018440988706,1.4331256850960647,0.8907478952996855,0.7528193442449255,-0.11247630332326576,0.7115904039045299,1.0204562906624635,-1.4278504331726551,1.6649897781169014,2.164563982833336,-0.07670222336861071,1.0981923873279678,1.2545968309795095,0.5126214879211165,1.0466953910732386
TCGA-73-4659-01A,0.005896545859331561,0.0,0.0,0.37656687423665364,0.0,0.0,0.022212365147088665,0.012789016668733375,0.0,0.0,0.0,0.0,0.0,0.0,0.0,0.0,0.0,0.0,0.0047995365457277825,0.003387617602139116,0.0,0.0,0.019108818967493748,0.0,0.0,0.045018137730292514,0.0,0.0,0.0,0.0,0.0,0.13211006732400268,0.18704629139732756,0.0,0.0,0.0,0.0,0.0,0.0,0.0,0.0,0.0,0.0,0.057311840963185576,0.0,0.0,0.0,0.0,0.0,0.0,0.0,0.0,0.0,0.0,0.0,0.0,0.0,0.0028734821068037717,0.007724339562709149,0.0,0.0,0.0,0.0,0.0,0.0,0.0,0.0,0.0,0.0,0.0,0.0,0.0,0.01894365235135024,0.06414709897708591,0.0,0.0,0.0,0.0,0.0,0.0,0.0,0.0,0.0,0.0,0.040064314560074775,0.0,0.0,0.0,0.0,0.0,0.0,0.0,0.0,0.0,0.0,0.0,0.0,2.3384564936046046,Lung Adenocarcinoma,1.274060965195106,-0.37620468964328396,1.254717412561055,0.7740099043876446,0.37215265775665457,-0.47461602392453994,0.10155599835742567,1.0172335669362214,1.0290101374072034,0.9818624059207574,0.5101707343260422,-0.08794542190915189,-0.033448321754804916,0.36179700709826607,0.7764678829455317,1.1391698924636906,1.0917637775374514,-0.046491374481664516,0.9345112260248932,-0.16619797997273691,1.5546586946893761,0.6494957735296237,0.5370243158829184,0.1267455280536252,0.36305400696367424,-0.9365585022987742,-0.4954697053734148,-0.40516594607307577,0.5741493753716009,-0.1844153620057932,1.1137656215369898,0.07062063787790063,0.4055759338809724,0.7009978476280649,0.21317089900132158,0.3380176797322662,0.7341550260825439,1.4653349692353554,1.4387931366373694,-0.11419294588848114,0.3422687982170484,1.1349747528425793,0.01005646337122207,0.30217754084481935,0.40010049218074695,0.6922418124738444,0.18450036854627386,1.181365107201185,-0.1315907761053132,1.4461846238907266
TCGA-73-4662-01A,0.0,0.0202596214947527,0.0,0.3409407148757507,0.0,0.0,0.028785054737408607,0.0,0.0,0.008677990460285355,0.0,0.0,0.0,0.0,0.0,0.0,0.0,0.0,0.03156836544161363,0.0,0.0,0.019808277296811175,0.0,0.0,0.0,0.0,0.0,0.014257818287092069,0.0,0.0,0.0,0.2042300238132051,0.0,0.0,0.0,0.0,0.0,0.0,0.05215465046937029,0.048086477008711576,0.0,0.0,0.025863791330853803,0.0,0.0,0.0,0.0,0.0,0.0,0.0,0.0,0.0,0.0003842032357326028,0.0,0.0,0.0,0.0,0.00894566391737534,0.04546501580058326,0.0,0.0,0.0,0.0,0.0,0.0,0.0,0.0,0.0,0.0,0.0,0.0,0.0,0.016711523102316734,0.07718270581712915,0.0,0.0,0.0,0.0,0.0,0.0,0.0,0.0,0.0,0.020785974450339615,0.020076901216459452,0.0,0.0,0.0,0.0,0.0,0.0,0.0,0.01581522724420897,0.0,0.0,0.0,0.0,2.278753600952829,Lung Adenocarcinoma,-0.029095800026038763,0.4679647978033323,-0.04819489135333216,-0.007478102000071039,0.6573002468134103,-0.8254967327928479,0.26701685625423677,1.375135144918836,0.7704171036589387,0.13627378110463756,0.31954138625161593,-0.4833221116850043,-0.9198772511850235,-0.4263510248959658,0.03511463366861183,-0.2877793218911191,0.10259360882458057,-1.088199713812893,-1.0046316674561562,-0.3117681146468546,0.7092929416235885,-0.5584961775026941,0.46909762176432845,0.0726172347960256,0.3747769648919831,-0.09310349585507069,0.08222537843548815,-0.8537195586264097,0.2843931165371683,-0.32239844794903677,-1.055511325537899,-0.8516949342036886,-0.916980308567297,-0.07719846347093308,0.6470657500668404,-0.21444616953012416,0.7061802094979911,0.9656310815016308,0.6383345093491085,0.2300808828693119,0.5888013499849308,-0.5107604059506545,-1.40787512659177,-0.5968398016360044,0.46422741580224164,-1.2669748520860737,0.40069323796549905,-0.019715188674628157,-0.6107779024842654,0.22401389396445082
TCGA-73-4666-01A,0.002907431867375938,0.02145972730099956,0.0,0.4302194717884041,0.0,0.0,0.007944440650189311,0.0,0.0,0.002038828227390593,0.0,0.0,0.0,0.0015921357127299332,0.0,0.0,0.004361387940839216,0.0,0.022244469457562848,0.023393853482621532,0.018176455599358345,0.0,0.01043400546027863,0.016542011919066887,0.026462458337265363,0.0,0.0,0.0,0.0,0.0,0.0,0.07982489999883928,0.0,0.0,0.0,0.0,0.0,0.0,0.0,0.0,0.0043185290814632925,0.0,0.0,0.0,0.0,0.0,0.0,0.0,0.0,0.0,0.0,0.036077299575553314,0.0,0.0,0.0,0.0,0.0,0.004317679699877703,0.018429211231732245,0.0,0.0,0.0,0.0,0.0,0.0,0.0,0.0,0.0,0.00546528242747829,0.004466274941638124,0.0,0.0,0.018862859156347212,0.0,0.0,0.033466900040234566,0.0,0.0,0.0,0.0,0.0,0.0,0.0,0.042982711238707894,0.08389766759759339,0.0,0.0,0.07588741418004069,0.0,0.0,0.0,0.0,0.004226593086411668,0.0,0.0,0.0,0.0,2.571708831808688,Lung Adenocarcinoma,-0.17233730356296145,1.3275232380454538,-0.573398908623634,-1.5770124697079253,0.4075095940021844,0.4172104446210923,0.6852647302843424,0.008017217157057574,0.4312147543832344,0.08715676892831979,1.5607301067410375,1.3128777568705876,1.711026269174703,-0.7279931673667615,-0.4575824644621634,0.03824680990470423,0.44576597040637134,1.384837205868308,1.094553872215191,-0.34459714333933184,0.26380087313277983,0.2559118347755681,0.6140869655443701,0.8587460049707287,0.8526306169107915,0.9258534092808381,1.2115135032831676,-0.9177022063710714,0.5028131945214953,0.9747492042119643,1.537360881172961,0.892022275890847,1.4360549023544227,-1.1393166701989397,0.36541994359781493,0.14434647573564258,0.32713196659764704,-0.16562841941802264,-0.11458674121375474,1.8512265509550403,0.03437593772045428,1.1283616450963048,0.4731928500628105,-1.128088788194318,0.5027452502209315,0.2841507818977099,-0.6218608099658888,0.27326594124550874,-0.2606109801734354,1.1230394028559019
TCGA-73-4668-01A,0.0,0.0,0.0,0.42328731828563065,0.0,0.014521829766918766,0.0,0.0,0.0,0.0,0.0,0.0,0.0,0.0,0.0,0.0,0.0,0.0,0.0076893839708810285,0.0,0.013452987114767776,0.0,0.0,0.0,0.017447245325352956,0.0,0.0,0.011559316486759225,0.04205700731652691,0.0,0.0,0.1390127717403778,0.0,0.0,0.0,0.0,0.0,0.0,0.0,0.0,0.008480502753135827,0.0,0.0,0.07088005760226822,0.0,0.0,0.022778655173184646,0.0,0.0,0.0,0.0,0.03311303185266724,0.0,0.0,0.0,0.0,0.0,0.009456124567774945,0.0,0.0,0.0,0.0,0.0,0.018211765281902444,0.0,0.0,0.0,0.0,0.0,0.0,0.0,0.0,0.01363302487467563,0.0,0.0,0.0,0.0,0.0,0.0,0.0,0.0,0.0,0.0,0.05999225408868849,0.0272587658448272,0.0,0.0,0.06716795795366025,0.0,0.0,0.0,0.0,0.0,0.0,0.0,0.0,0.0,2.6314437690131722,Lung Adenocarcinoma,-0.25393728795074383,-0.5049860868968756,0.6730924118502611,0.8478401045716704,0.8016374883954507,0.20198731803526807,0.7176034052493082,0.18464504182038566,0.92430527739617,1.0241915103322525,0.1619448315731416,-0.15391747379962484,-0.09348739265194876,0.8309076342859688,0.5461386864058074,0.06528042057535863,-0.3579187639742012,-0.01931635458519527,1.3404561854692432,-0.2233423438501578,0.7452510793409105,1.213117356307233,0.3714550113086685,0.031052768785671626,0.17864656767007003,-1.395183146313004,-1.0915636736902565,0.6936683914038688,0.3585953451803834,0.2952553749049802,0.10384173324676435,0.15604027275586702,0.42488404220024384,0.32000054877426415,0.865345773251564,-0.5621703110638546,0.7261062362645362,-0.3657458605188945,0.11782624130713447,-0.33740731612085406,0.586975404300658,-0.16404854854414813,-0.28831732568219115,1.4600087598665425,0.6989969106654678,0.5711835174973519,1.0612256229558976,0.2691645218483373,0.34463304058217176,0.3839168966719704
TCGA-73-4670-01A,0.011596047045582088,0.0,0.0,0.29351618403095575,0.0,0.0,0.07230318239121246,0.014479671056095593,0.0,0.0,0.0,0.0,0.0,0.013030294964227517,0.0,0.0,0.0,0.0,0.004924038990765554,0.0,0.0,0.019325215806000457,0.0246767397114967,0.02187547347689872,0.0,0.0,0.11682321221857787,0.042218734079987406,0.006598740364260157,0.0,0.0,0.06174937170698997,0.0,0.0,0.0,0.0,0.0,0.0,0.0,0.0,0.0,0.0,0.0,0.0,0.0,0.0,0.051555566151279895,0.0,0.0,0.0,0.0,0.0,0.0,0.0,0.0,0.0,0.0,0.0,0.0471841698242905,0.003099043613740283,0.0,0.0230924328802923,0.0,0.0,0.0,0.0,0.0,0.0,0.0,0.0,0.0,0.0,0.0,0.03698271758186989,0.0,0.0,0.0,0.012350914130133884,0.0,0.0,0.0,0.0,0.0,0.04859089617142603,0.05117818609628544,0.0,0.0,0.02284916770763157,0.0,0.0,0.0,0.0,0.0,0.0,0.0,0.0,0.0,2.5010592622177517,Lung Adenocarcinoma,1.0744636894051678,-0.7823932163064672,0.44678651808886977,0.3593285670118181,-0.34544944612107514,0.2456067230452654,0.023151767038526238,-1.1800672528385465,-0.08572412331582592,-0.05843418127754778,-0.21825823550950335,0.8492751986851469,0.7933635243405177,0.6249511101335462,0.25987301118758493,0.7954828193643159,0.5243963509769521,0.7849429446957634,2.3250269922299243,-0.2697800849035593,-0.2158684758152999,1.7355722915233818,-0.5846084514565648,-0.2780247377076869,0.035549119301755874,-0.921113964429744,-0.738129582672108,-1.6096637518011614,0.09556885361083431,-0.13407797574404356,1.5405772660647814,1.243524662992273,1.1505477099151953,-0.09980463637051944,-0.5281650160160807,1.571035939414429,0.4473940189934208,-0.9346294938233469,0.49677042429750395,0.1764085784330768,0.895848782124389,1.4198631968425914,-0.30658234862322226,0.4873883528687377,0.8468131959918257,1.7031549904446717,-0.4733957525333313,1.7304830437422516,-0.3938476362629252,1.2116320511380656
TCGA-73-4677-01A,0.011720168329696613,0.005736683820071048,0.029775125604739758,0.28670450517157925,0.0,0.0,0.029964750288701856,0.0,0.0,0.0,0.0,0.0,0.0,0.0,0.0,0.0,0.0,0.0,0.008567310415542623,0.0,0.0,0.0,0.0,0.006459893829851211,0.0,0.05777397353669904,0.0,0.0,0.0,0.0,0.0,0.06643998027201224,0.0,0.0,0.0,0.0,0.1770545559115483,0.0,0.0,0.0,0.0,0.0,0.0,0.0,0.0,0.061282527220021574,0.0,0.0,0.0,0.0,0.0,0.0,0.0,0.0,0.0,0.006578735639771655,0.0,0.008388529245464314,0.0,0.04194122503366273,0.0,0.0,0.0,0.013492359111550644,0.0,0.0,0.0,0.0,0.0,0.0,0.0,0.0,0.03803282163249277,0.03820650915989528,0.0,0.0,0.0,0.0,0.0,0.0,0.01560655563087906,0.0,0.0,0.005779700907277177,0.0,0.007681916347087299,0.0,0.0,0.0,0.0,0.0,0.03520521854439172,0.0030902813760118253,0.0,0.0,0.0,0.044516672971052024,2.4149733479708178,Lung Adenocarcinoma,1.3510727697897,-0.28735390887546125,0.8245666725699147,0.2051866860483921,-0.5305670418901317,-1.053088766907161,-0.09535810700320423,1.7970745930937917,1.320753061793596,0.4247473840780808,0.046849866388327104,-0.4254275767923895,-1.6634531273372268,-1.2538293077746627,0.533563819907267,0.5199479571146406,2.0108625581167034,-1.7218766861068966,-0.4162715307684111,-0.338047932703172,2.4985613320337228,-0.1174617672770687,-0.07993339197798857,-0.319739415147063,-0.035909165417946615,-0.964294101992057,-0.7600715394322012,1.602989618616859,-0.13387092126497463,-1.6592553599390643,-0.6949350237474646,-0.9770399645686536,-0.9911992150102268,-0.6206249165678089,-0.03270229870867483,0.5811324381006128,1.255191439695135,2.082223154044213,1.1751024792499367,-0.9004305477191084,0.8781465845109574,1.5911667175791173,-1.5032698406491725,-0.45480953734871366,-0.04203219743024494,-0.6291998077828869,0.19643874416417662,0.28407583516788715,0.13704769918458612,1.6009374644622567
TCGA-73-7498-01A,0.028008803624969325,0.0,0.0,0.0,0.0,0.0,0.027429167847397434,0.01494103536049579,0.0,0.015446395370484768,0.0,0.0,0.02183135943917068,0.0,0.0,0.0,0.0,0.0,0.005394373262407393,0.0,0.031251910395143113,0.0,0.0011515733317795163,0.013783657388640761,0.0073472475455861695,0.0,0.0,0.0,0.0023053866622105754,0.0,0.0,0.23471229604314572,0.0,0.0,0.0,0.0,0.0,0.003911701030478941,0.0,0.0,0.0,0.0,0.0,0.0,0.0,0.0,0.0031479092350297218,0.0,0.0,0.0,0.0,0.0,0.0,0.0,0.0,0.0,0.0,0.0,0.0557349562623585,0.023958456499726475,0.0,0.0,0.11394554745983088,0.0,0.0,0.0,0.0,0.0,0.0,0.0,0.0,0.0,0.0,0.08183160022247439,0.0,0.0,0.0,0.0,0.0,0.0,0.10897519809339101,0.0,0.0,0.06060668769990585,0.022987623834816073,0.09531138681576144,0.0,0.0,0.0,0.0,0.0,0.0,0.025985726574795528,0.0,0.0,0.0,0.0,2.0086001717619175,Lung Adenocarcinoma,0.8385918880405563,-0.49242269633486313,-0.25879945824999195,0.3237302885011358,0.9416241757089746,-1.080639837717728,-0.2837787152221996,0.9150726756431841,-0.20419474051265254,0.34600901413574886,-0.43231291852920606,-1.070033224115743,-2.0500298039428726,-0.5354732015175022,-0.2408994825125225,-0.4405287831839808,1.1791715310648132,-2.0307824204922102,-1.3112720032951888,0.8842549590268364,0.5946063391176165,-1.3070783553020657,-0.38401352504560315,-0.2558321573265201,-0.5941497402640276,-0.9790729925850202,-0.8391295647747827,0.20782822249643895,-0.4070472456207115,-0.9969485288319627,-2.084234381330078,-1.7588778399815748,-1.5142444579481602,1.1075346336450695,1.5808546323145403,-0.3914708466525175,0.3985628857459759,1.8731158828430654,0.4653321068545136,-1.3626263908820315,-0.5789481940537226,0.1180132523098096,-1.8483936355068862,-0.0688144684009101,-1.0172288549894264,-2.1673828281275194,0.5718723929225878,-0.9260085949010802,2.082623077036302,0.9302188848976432
TCGA-73-A9RS-01A,0.0006728614823533,0.017155506762780447,0.0,0.6478108768360432,0.0,0.0,0.02637982677467848,0.0,0.0,0.0,0.0,0.0,0.0,0.0020432618595730093,0.0,0.0,0.0,0.0,0.027887898917605344,0.0,0.0,0.0,0.0,0.0,0.011728084475445245,0.0,0.0,0.0,0.0,0.0,0.0,0.046119561985703994,0.0,0.0,0.0,0.0,0.0,0.0,0.0,0.0,0.00022092068449345464,0.0,0.0,0.0,0.0,0.0,0.03908069735098624,0.0,0.0,0.0,0.0,0.037266326840056076,0.0,0.0,0.0,0.0,0.0,8.783874285816317e-05,0.012303060838793244,0.0071535991462366305,0.0,0.0,0.04156508023675724,0.01042725920169032,0.0,0.0,0.0,0.0,0.0,0.0,0.0,0.0,0.0,0.015217291421204428,0.0,0.0,0.0,0.0,0.0,0.0,0.0,0.0,0.0,0.015178212633912141,0.041701833808828956,0.0,0.0,0.0,0.0,0.0,0.0,0.0,0.0,0.0,0.0,0.0,0.0,2.9934362304976116,Lung Adenocarcinoma,0.004296160852348053,-1.3117175021635705,0.19591716000407813,-2.9872920835405226,-2.7631202174347385,-1.8093254756024182,-1.465960221358536,-0.35402315340061724,1.611528594132313,-1.266163157634549,-1.4008278928110085,0.990814186615054,0.9902362370134923,-2.2778877100072172,-0.7982380206240279,-0.12569706540256825,-0.06050888754751557,0.9437160098360883,-0.1386550139832286,-2.275949365731611,-1.2726392248881138,-0.8624394484574027,-2.115686899774793,-1.2719167367370083,-1.5227452883389463,-0.4523605768140025,-0.8119982504618576,-1.703796609462889,-1.9580459509360404,0.48863300696007145,1.4140343727887543,0.7721351956654239,0.6925687284031747,-1.754401234560518,-1.6252009503809264,1.1420956997805707,-0.883536015345507,-2.2035787448140827,0.01338147910682783,0.3166863190400024,0.333892075696025,0.44197282950698097,1.6225103080008108,-2.4825915983374465,-0.8478226336366607,2.242200368461629,-1.623994625240162,-0.2325123882535698,-2.6435746458380853,-0.6673433790408295
TCGA-75-5122-01A,0.0,0.0,0.0,0.0,0.0,0.14071776924466645,0.09476595277522878,0.0,0.01790607880484121,0.033355003715391435,0.07258724777089887,0.0,0.0,0.0,0.0,0.0,0.0,0.0,0.07390592108406603,0.0,0.0,0.0,0.0,0.0,0.0,0.0,0.0,0.0016305755007665667,0.0,0.0,0.0,0.03628813705514094,0.0,0.0,0.0,0.0,0.012453713656375438,0.0,0.011445216259859056,0.0,0.0,0.0,0.09942925267826472,0.0,0.0,0.0,0.0,0.0,0.0,0.0,0.0,0.0,0.0,0.0,0.0,0.0,0.0,0.004395683182402947,0.03224976011294556,0.09363926619496989,0.0,0.0,0.03643070911337117,0.03913998989890811,0.0,0.0,0.0,0.0,0.018344049010257716,0.0,0.0,0.0,0.05943264768776453,0.027424702652980932,0.0,0.0,0.0,0.0,0.0,0.0,0.0,0.0,0.0,0.0,0.0,0.024379033673815855,0.0700792899270837,0.0,0.0,0.0,0.0,0.0,0.0,0.0,0.0,0.0,0.0,2.1072099696478683,Lung Adenocarcinoma,0.5774696105707542,3.0218649606797836,0.2967129533958611,0.2852910050237382,0.037245286480103064,-0.30766730497369454,2.8291130105941145,0.08173338013713362,-0.2507724466083716,0.7716392514363115,2.6960881076966556,0.39613654364654594,0.32953900796707764,-0.203220224015595,-1.0782500349391442,-0.509435053994121,0.4335929372296411,0.13895021562289742,0.25950630908371297,-0.8375526208129943,1.1447171488881978,0.498534955892774,2.7241283689120004,3.2215551987676028,2.838024107039053,1.539876980423935,2.344056943042143,-0.19831088494822077,2.2149808072729837,0.008950665250098331,0.9257005590639046,0.3241478756316838,-0.21425269735026012,-0.9768082336824506,-0.44383666452041276,0.3743356068854709,1.8240119125717302,0.16259997765796644,-0.48340636794712244,2.591995589688535,0.9403126886548983,1.6979509486854418,-0.3231864846639192,0.377397431340772,2.572263968295698,0.3119076688340223,0.11670098570957847,1.358704908616216,-0.8348729733426399,1.1737692705437632
TCGA-75-5125-01A,0.014545910882271276,0.06544253626898226,0.023663647617313693,0.14642155352586517,0.0,0.007438732728119601,0.02454205279457762,0.0,0.0,0.0,0.0,0.0,0.012700505942437218,0.07714189548019006,0.0,0.0,0.0,0.0,0.10727133224833298,0.0,0.022124775973753244,0.0,0.0,0.01136273608820964,0.0745837282569733,0.0,0.0,0.010210772220233947,0.0,0.0,0.00019124504727181633,0.04735665512352288,0.0,0.0,0.0,0.0,0.0,0.0,0.0,0.0,0.0,0.0,0.0,0.0,0.0,0.0,0.058780375994597095,0.0,0.0,0.0,0.0,0.062146176587895535,0.0,0.0,0.0,0.0,0.0,0.004518015847808082,0.0,0.0,0.0,0.0,0.0,0.058595757211257156,0.0,0.0,0.0,0.0,0.0,0.0,0.0,0.0,0.0,0.030635355367415944,0.0,0.0,0.0,0.0,0.0,0.0,0.0,0.0,0.0,0.0,0.025439321716300253,0.0,0.05567446623489408,0.026329656550507705,0.0,0.0,0.0,0.007803845315686852,0.0,0.0,0.0,0.0,0.025078948975582674,2.187520720836463,Lung Adenocarcinoma,-0.22557219811636853,1.0875959436003042,-0.7372122990797294,0.24542219768373572,0.48373686434487706,0.5051771823089701,0.6632581465493926,-0.7563012771234111,-0.9831213787579639,0.14191585698391868,0.8772685899031413,0.5386210882675913,0.9682921260501796,-0.05117116133716596,-0.7484764893439334,-0.496323720371339,-0.22504961245227476,0.9156237734296088,0.601118652752958,-0.7617246035060787,0.6411653241583933,0.2523561055297388,0.7363564352352424,1.2322637252499204,1.0021395921633354,0.6995483758637141,0.9039425858946132,-0.8128762860761484,0.5797170328104697,1.0830897888068853,0.6584971099024268,0.7200714049574393,0.6138252035869395,-0.7822787494571594,-1.1369031756621695,-0.3708744896922032,-0.3351515161902356,-0.14583156094086624,-0.06875057649441603,1.407512546283014,1.4405752810805705,0.143378049903802,0.5981871053540614,-0.44005907726871596,0.18980370081345588,0.2846712990158428,-0.25290432356133785,0.18589502415661605,-0.16175326221491487,-0.5847350237445859
TCGA-75-5126-01A,0.0,0.09220638192689318,0.0,0.39464590013011125,0.0,0.02308470359274046,0.0,0.0,0.0,0.0,0.0,0.0,0.0,0.01986326610801407,0.0,0.0,0.0,0.0,0.11617683072135358,0.0,0.0,0.0,0.00014328985702021793,0.0,0.0,0.0,0.04112593358678251,0.0027734328101385202,0.01489473250478569,0.0,0.0,0.0,0.0,0.0,0.0,0.0,0.09808406055884121,0.0,0.0,0.001311280570949056,0.0020659406961202114,0.0,0.0,0.0,0.0,0.0,0.0,0.0,0.0,0.0,0.0,0.0,0.0010485027239172696,0.0,0.0,0.0035217799926568977,0.0,0.002653736627274357,0.016404905185985218,0.0,0.0,0.0,0.0,0.0,5.8664437421489295e-05,0.0,0.0,0.0,0.0,0.0,0.0,0.0,0.03309889363601373,0.0021830903713298587,0.0,0.025674030790268067,0.0,0.0,0.0,0.0,0.0,0.0,0.0,0.043936739331153905,0.017364841454720788,0.0,0.0,0.04767906238550848,0.0,0.0,0.0,0.0,0.0,0.0,0.0,0.0,0.0,2.7752462597402365,Lung Adenocarcinoma,1.0970398693549077,1.5031437005137558,0.7484739105607104,0.9350155350586697,0.9755825160011786,0.01072036094924167,1.861100237156353,0.5933341838840249,1.079210005789523,1.6002905184458553,2.173726964738598,0.29697575650048036,0.4061171942863294,0.6359250849943254,-0.13201555154399025,-0.0038416254527213075,0.7217444680338033,0.2832429501909296,1.3880607653826031,-0.6130248907587292,1.4707322239998444,1.4927687716050886,1.9000092519068756,2.2378387053330058,2.314321563279591,1.328535372393798,1.6291664468620057,-1.521944598176037,1.9655232871880843,0.16804084287059207,1.1993610898704354,0.3936870387763162,0.43406424574684344,0.07069383596233782,-0.18502590288069337,0.44909873439623854,1.253766837599692,0.5093290672837597,0.3739505122687076,1.3433646048389116,0.5519077335828483,1.241301051650927,-0.4720396851315645,1.0836371842566297,2.044772495593161,0.05209272927568788,0.33483012023914765,1.2181620792361099,-0.7953145325244358,1.4148558905633108
TCGA-75-5146-01A,0.0,0.028720496964646472,0.0,0.4711120599974878,0.0,0.0,0.0,0.01611558127059104,0.0,0.0,0.0,0.0,0.0,0.00360300571673124,0.0,0.0,0.0,0.0,0.0,0.0,0.0,0.009505767635642459,0.0,0.0,0.0,0.0,0.0,0.0,0.0,0.0,0.0,0.0,0.0,0.0,0.0,0.0024907851034611057,0.11829930945387977,0.02287095947564377,0.0,0.0,0.0,0.0,0.0,0.0,0.0,0.0,0.10999817428123738,0.0,0.0,0.0,0.0,0.0,0.0,0.0,0.0,0.0,0.0,0.0,0.07772610443342488,0.02115992980077189,0.0,0.0,0.0,0.057649628781596365,0.0,0.0,0.0,0.01373845496801046,0.0,0.0,0.0,0.0,0.0,0.034726401174438364,0.0,0.0,0.0,0.0,0.0,0.0,0.0,0.0,0.0,0.012283340942437047,0.0,0.0,0.0,0.0,0.0,0.0,0.0,0.0,0.0,0.0,0.0,0.0,0.0,2.2695129442179165,Lung Adenocarcinoma,1.6032844076966708,0.10861244229047239,1.1125226639061923,-1.4401635487931916,-0.9450984081599338,-1.790672852537554,0.25078605977571533,1.0487917870265537,1.2878875136639252,0.004417024467417697,-0.06872747979468548,0.30257777470460845,-1.0790901393705397,-0.9725684406980076,-0.0584943098620136,0.6448153961539886,1.6052269307847749,-1.6693891807023014,-0.43861675546793666,-1.1720666490366682,1.7820647827916345,-0.30926455972546124,-0.13091000043633766,-0.004591919674370569,0.0409538719598276,-0.38493002087231515,-0.32993946363498805,0.2779887738798798,-0.018106811343257867,-2.466047974568597,-0.1986873842433614,-0.2239779247817701,-0.9743103881805026,-0.33849669428369317,-1.0188677687789676,1.2497533886490306,0.38680113584866516,1.1239448683621989,1.6642242664926898,-0.04490689796337239,0.22459336188450552,-0.11980927424779504,-1.0867307433745774,0.39488105867709355,-0.4372616425807837,0.032101629049620654,-0.2866895530646737,0.37332103554791257,-1.7182349869532443,0.8963105946849788
TCGA-75-6211-01A,0.025046284430923264,0.007231656300994281,0.0,0.4215797164051753,0.0,0.0,0.0,0.0,0.0,0.0,0.0,0.0,0.005632844489502514,0.0035091087435579886,0.0,0.0,0.0,0.0,0.0254117008350213,0.0,0.0,0.021091021248607875,0.005436020870866019,0.0,0.0,0.0,0.026647144276811554,0.0,0.0,0.0,0.0,0.0891126577662637,0.02188683029503427,0.014483294364576474,0.0,0.0,0.0,0.0,0.0,0.035383941185414776,0.00800336541845187,0.0,0.025834366544571843,0.06831712150805445,0.0,0.0,0.0,0.0,0.0,0.0,0.0,0.005927400059527979,0.0,0.0,0.01217456185113282,0.0,0.0,0.0,0.0056216500198654085,0.0,0.0,0.0,0.0,0.0,0.0,0.0,0.0,0.0,0.022549243072629174,0.0,0.0,0.0,0.033971130932963625,0.0,0.0,0.0,0.0,0.00844295339562868,0.0,0.0,0.0,0.0,0.0,0.05292806050011805,0.024890032824614508,0.0,0.0,0.02187258082730872,0.0,0.007015311832383501,0.0,0.0,0.0,0.0,0.0,0.0,0.0,2.5415792439465807,Lung Adenocarcinoma,-0.5358828400933298,-0.8626997145988698,0.35509884209348713,-0.0871883977417895,-1.3031184702212086,0.3452143009368514,-1.132515843528407,0.6774946587600229,-0.7967528839441783,-0.7341263030115932,-0.7150402469924091,0.10143704014880034,0.4567808682471008,-0.13528707800033857,-0.030013697590565314,-0.08396303846132915,0.2760530327144737,0.5390155000586876,-0.03955529194500634,0.8864748638477211,0.02791375957121305,-0.9829691342168447,-0.6997878001992488,-1.1539069139134865,-1.3626382521742688,-1.6387388329067858,-1.326125728366573,-0.8621372796425456,-0.6453125889975965,0.376380148588596,0.8433763754705637,0.5498480946163279,0.5189533020790117,0.06037390171802699,-0.7600744892166648,-0.07293653775954212,-1.1863300930826786,-0.6635561181995637,0.12988611006312975,-0.6704875903026795,0.40299015439840336,0.27134043176182504,0.41375166994927604,0.5937623796070636,-1.179622875071948,0.6369562806039532,-0.8480899962098913,-0.7835121174215747,-0.37414612923587937,0.7193470225033215
TCGA-75-6214-01A,0.009871944998410563,0.06970495360718973,0.0,0.22915283115819313,0.0,0.0,0.04343895751403844,0.0,0.0,0.0,0.0,0.0,0.0,0.021825558758031258,0.0,0.0,0.0,0.0,0.09579563311242371,0.0024233972876363365,0.0,0.0,0.0,0.0,0.0,0.0,0.0,0.0,0.0,0.0,0.0,0.15253703668097468,0.0,0.0,0.0,0.0,0.0,0.0,0.0,0.01456802853982817,0.0,0.0,0.07720828877568962,0.0,0.0,0.023405981698628998,0.06984278474427495,0.0,0.0,0.0,0.0,0.0,0.0,0.0,0.013660890621025507,0.0,0.0,0.009761052232292039,0.0,0.0,0.0,0.0,0.02636937863974961,0.0,0.0,0.0,0.0,0.0,0.0,0.0031073204783191952,0.017008321761036806,0.0,0.0,0.0,0.0,0.0,0.0,0.0,0.0,0.0,0.0,0.0,0.0,0.02999360856700899,0.016566943752242734,0.0,0.01267839891991028,0.061078688153095397,0.0,0.0,0.0,0.0,0.0,0.0,0.0,0.0,0.0,2.841359470454855,Lung Adenocarcinoma,-0.6832361552088159,-0.9393360721347233,-0.7823555658626912,-0.5344050205872082,0.6093257870159725,0.5595916762265273,0.29483821466932214,-0.9923678073448949,-1.026860329570278,-0.6051208390616702,-0.3085126027189287,0.09725071171722238,0.5956633868823705,-0.5682733186748868,0.14336370985427507,0.5562492149691004,-0.5184691147407544,0.7403121994263332,0.6284275199021125,-0.779737443123953,-0.12065210626509416,-0.19107963800587655,-0.3836107441332268,-0.4352304364850603,-0.417831961004218,-0.04630826968432652,-0.31577743851667783,1.8395144359286624,-0.37486087920666417,0.84188385514695,-0.06993967935375546,0.2097297312006727,0.779652750116868,-0.8568438720015089,0.9076088683002075,-0.38450896329573525,1.302663694774706,-0.9761046779100544,-0.3006289079343612,0.5887078354733942,0.07629827252238217,-0.3037793237917444,0.23756409883871088,0.67506237126589,-0.07092601452558854,-0.23633294994089507,-0.1509694751774159,-0.35975612274182456,0.7567527352932782,-0.1975610396782536
TCGA-75-7027-01A,0.036309453721346904,0.006543232280874369,0.0,0.31405824775608643,0.0,0.0,0.016036569482559795,0.0003732572082289617,0.0,0.0,0.0,0.0,0.0,0.0031552589535559757,0.0,0.0,0.0,0.0,0.005636084745858335,0.0,0.0,0.008057612143361733,0.0013007874551464228,0.0,0.0,0.0,0.0056698429187717805,0.012674467143878576,0.0,0.0,0.0038730584569647503,0.07930934089379303,0.0,0.0,0.0,0.0,0.05744578748824047,0.0,0.07194684239967088,0.0,0.010639729387127428,0.0,0.09340681929000125,0.0,0.0,0.0,0.021946125100396847,0.0,0.0,0.0,0.0,0.02508350130530205,0.0,0.0,0.0,0.0,0.0,0.01651302392519158,0.0,0.0714479554538047,0.0,0.0,0.0,0.0,0.0,0.0,0.0,0.0,0.0,0.0,0.0,0.0,0.0,0.0062624260459153225,0.0,0.0,0.0,0.02530016732092535,0.0,0.0,0.0,0.0,0.0,0.0014460273456077897,0.07444983136946166,0.0,0.0,0.031114550407927603,0.0,0.0,0.0,0.0,0.0,0.0,0.0,0.0,0.0,2.3891660843645326,Lung Adenocarcinoma,0.07937375777185438,-0.9935645018572343,0.5447044135658768,0.5616115240894605,0.6523457363585797,-0.4074466451884831,-0.20377910596486085,0.04654275436863358,0.05224650679551812,0.22950936412667453,-0.4175764781039551,-0.3664509987376735,0.560988554090122,1.1398455381658528,-0.07171357903139752,0.196035066649516,0.3937552122925868,0.76147155884526,1.1268580443082266,1.1487947672221555,-0.08954762155509761,0.6044849081507291,-0.12819536364450212,-0.9707220309127902,-0.6235260039148043,-1.423999669742583,-1.1233312451364044,-0.8788046569696838,0.4015111655203286,1.1938401057995376,1.4592215562259687,0.6973258661497089,0.5154378311941927,0.5443065732483725,0.4446684420219372,0.32269467971276156,0.4284609655774532,0.6235197552094285,0.4635981063640364,0.459299645975601,0.4458518198370884,1.072455129459822,-0.05736913850490472,0.8675179669329774,0.28672807938775463,0.8498724050792725,-0.051790078722360786,0.16281737748506198,1.3403435272809492,0.9475777368418485
TCGA-75-7031-01A,0.03497372340090763,0.015106181779235582,0.0,0.1204907030575162,0.0,0.0,0.0,0.04283630279126575,0.0,0.005035346854178191,0.0,0.0,0.009673038255660377,0.0,0.0,0.0,0.0,0.0,0.06296136343765567,0.0,0.0,0.0,0.027538425574606784,0.0,0.0,0.0,0.0,0.0,0.00731256008721646,0.0,0.0,0.13146912899201962,0.0,0.0,0.0,0.0,0.0,0.07017298327203444,0.0,0.02792929632844613,0.0,0.0,0.0,0.05528581204143473,0.0,0.0,0.001626986018904931,0.0,0.0,0.0,0.0,0.0,0.0,0.0,0.0,0.0,0.0,0.0,0.014796262020756821,0.0,0.0,0.002108651337359336,0.0,0.025219731525396225,0.01845111202702997,0.0,0.0,0.0,0.0,0.0,0.0,0.0,0.0698458315527975,0.06634739085908901,0.0,0.0,0.0,0.019056592550071014,0.0,0.0,0.0,0.0,0.0,0.015076033068378061,0.0,0.0,0.0,0.1566865431680395,0.0,0.0,0.0,0.0,0.0,0.0,0.0,0.0,0.0,2.294466226161593,Lung Adenocarcinoma,0.43066165738445944,0.18618420509454928,1.080953888373979,-0.7453046816263963,-1.3995499497570156,-0.9119062099908023,-0.2647309251183706,0.39663652870883453,1.09818299810363,0.20109182328714753,0.31341437805384237,0.7387636990455199,0.18066322970445434,-1.3780398916663306,0.062156387028106205,0.9508788956237416,1.730534060047894,0.12712175444951587,0.31964610511261443,-1.265094728731755,0.9174517198676658,0.14963689675944572,0.2504123533037684,-0.011045122988497205,-0.06229528479244994,0.4121921461875811,0.20285750902277971,-0.20319394843733016,-0.32219993005431136,-0.5227194585215004,1.1869066864814917,0.9273220836682855,0.7267158273938524,-0.8996653110397588,-0.8668271692032807,1.1099537935519102,-0.2614577557484125,-0.05775200098670306,0.501630297944649,-0.2673752433032076,-0.483949718398129,0.9218722710074877,-0.4738327688729975,-0.1828869959077811,-0.1954092813251826,0.8947747635248056,-0.6025346868019021,0.8804029714812269,0.5205491060761894,1.2936881127738837
TCGA-78-7145-01A,0.028930858926012326,0.0026587609143939087,0.0,0.33769402585463526,0.0,0.0,0.0,0.004540687916011472,0.017193075022626386,0.0,0.0,0.0,0.0,0.011782336962887406,0.0,0.0,0.01573425242765758,0.0,0.030736522027288864,0.0,0.0038426263634066564,0.0,0.002225439516304915,0.0032666559448114776,0.0,0.0,0.0,0.0,0.008995765039103197,0.0,0.0,0.10106566823802272,0.0,0.0,0.0,0.0,0.0,0.039002004277130665,0.0,0.0,0.0013156793775773055,0.0,0.0,0.013080931340466992,0.0,0.0,0.0,0.0,0.0,0.0,0.0,0.009042960413441187,0.0,0.0,0.01479685494405935,0.0,0.0,0.001760574915089942,0.002758358404532275,0.0,0.0,0.0,0.0,0.006223198341092349,0.0,0.0,0.0,0.0,0.0,0.0,0.0,0.0,0.0,0.0,0.0,0.0,0.0,0.0,0.0,0.0,0.0,0.13576676232020055,0.0,0.0712794069062838,0.09707802207897469,0.0,0.0,0.03922857152798885,0.0,0.0,0.0,0.0,0.0,0.0,0.0,0.0,0.0,2.2329961103921536,Lung Adenocarcinoma,0.5962240646778039,-0.13576097645553703,0.7791991710453193,1.0624704098545605,0.39174039113449194,-0.30289414242119705,0.9811640870405272,0.156001376115638,0.8203515366995955,0.47329454980224034,0.6159261548788124,0.2099661331259023,0.45799269552161415,0.5181852268359672,-0.4246520273059607,0.07651561957381839,0.6540093546306083,0.4931001482233025,1.7693107941848745,0.48047656208874684,1.011660673031213,1.1331256168515456,0.7847752695754878,-0.016710109716878054,0.5707092713135371,0.3143481377774342,0.08456591988662435,-0.8198984933441898,0.9718174133811386,0.46207749711328805,0.802160328224013,0.4979706478412533,0.6566541092184294,-0.09568718009170903,0.33942634719261444,0.041736207966517634,0.6469919937955118,-0.10940132393702402,1.5915963831073363,-0.39862950586496715,1.5400227668570714,0.30620866622979487,0.5876733663708885,1.3596005824481912,1.0413940779081488,0.9236572807723379,0.7755353462685409,1.0078994769212912,0.43013533728680353,0.845823390791206
TCGA-78-7146-01A,0.051776353193507395,0.08402271130769184,0.0,0.28242429609368513,0.0,0.0,0.05496223435768663,0.013021447404854477,0.0,0.0,0.0,0.0,0.0,0.004122188270227213,0.0,0.0,0.0,0.0,0.08851537254532484,0.0,0.0,0.0,0.0,0.0,3.984225500998981e-05,0.0,0.01745506330127417,0.014249618322238386,0.01743102210779029,0.0,0.0,0.17421633450584512,0.0,0.0,0.0,0.0,0.0,0.0,0.0008704499600247713,0.0,0.0,0.0,0.008216734067178788,0.0,0.0,0.0,0.06412713944223529,0.0,0.0,0.0,0.0,0.0,0.0,0.0,0.0,0.0,0.0,0.0,0.023200509243235325,0.0,0.0,0.008050550544062455,0.0,0.012569370475320092,0.0,0.0,0.0,0.0,0.0,0.0,0.0,0.0,0.0,0.024946632866001312,0.0,0.0,0.0,0.0,0.0,0.0,0.0,0.0,0.0,0.006165892170587825,0.045088170007348195,0.0,0.0,0.0,0.0,0.0,0.0,0.0,0.00452806755887039,0.0,0.0,0.0,0.0,2.5352941200427703,Lung Adenocarcinoma,-0.30490789702285115,-0.13376698978232315,0.08956054292223668,-0.13181862822366502,0.24702096220215133,-0.21407413035322326,0.3872977145840098,-0.7301089503806403,0.09554814134673367,-0.674318122029409,0.20714205552963696,0.0868604610316464,1.221163977597617,-0.5767052744204129,-0.10713682705808218,-0.3369632276897489,-0.20214862230718983,1.2918089226740714,1.5105203692204314,-0.48017459072843954,0.8821131189986129,0.9273625360327763,-0.005071922311851026,-0.12428151026943722,0.17436155986006394,0.45353756675688583,0.06316983871320936,-1.318900709669646,-0.5322989853211703,1.0698638694005667,1.1651180443075573,1.1166342016818218,1.474640798093401,-0.39917514354483924,-0.9231838597864006,-0.7450023033574287,0.17506761168308238,-0.25346671016808947,-0.1741155299893465,0.6217594923757701,1.2011410666843978,0.8606309285463163,0.6327851705021125,0.8645917907995985,0.6430190440622169,1.6097420770964,-0.18778489152554265,0.7706640719271698,-0.28773884007256756,0.05713128417905205
TCGA-78-7147-01A,0.03597543690870241,0.07308499022680727,0.0,0.2077469820052044,0.0,0.0,0.00783473021037359,0.0,0.0,0.0,0.0,0.0,0.016933918395031073,0.0,0.0,0.0,0.0,0.0,0.03238306661303807,0.0068124497511423,0.02013627802883203,0.0,0.0012132131691325802,0.0005157966095558824,0.0,0.041638597755257925,0.023857539069637935,0.0,0.012770291454101414,0.0,0.000786909430837706,0.01885292805210947,0.0,0.0,0.0,0.0,0.0,0.04208282810326041,0.007440105111709168,0.0,0.0,0.0,0.03835442263764099,0.0,0.0,0.0,0.14236341313401576,0.0,0.0,0.0,0.0,0.0,0.0,0.0,0.0,0.0,0.0,0.0077372311278929495,0.01793547854756661,0.0,0.0,0.0,0.0021411684335468878,0.022942198226557794,0.0,0.0,0.0,0.0,0.0,0.0,0.0,0.0,0.00788836940186753,0.0,0.0,0.0,0.0,0.0,0.0,0.0,0.0,0.0,0.0,0.017911429497400704,0.04751165824529942,0.0,0.0493814403279764,0.09576712952550126,0.0,0.0,0.0,0.0,0.0,0.0,0.0,0.0,0.0,2.507855871695831,Lung Adenocarcinoma,0.058237923368283206,-0.39265116278383005,-0.5599038599263907,-1.879496179536601,-0.8872724737660713,-0.3535810817456286,-0.12998822831288837,0.6006174012509832,-0.005979761143155421,-0.1586013541188809,-0.3176297322053203,0.8636223706413763,0.34858835750271505,-1.3155098069316449,-0.3217367260915148,0.17312493851234048,0.458159165473509,-0.06912458334484396,0.9845863089837451,-1.0028907063201025,0.4692240146722926,-0.8451837619385097,-0.7899734791017816,-0.3701699141875589,-0.5199194386193124,0.7072230571164655,0.35419639438911094,0.046654103160947674,-0.5791628936651912,-0.35010536247419377,0.39573012758615606,0.2900997353636251,-0.28804272789298624,-0.43471691451801775,-0.09878661502682994,0.33883976800726523,0.38748314841721526,-0.5350143228440437,1.4728979070783332,-0.3951926642640745,-0.3244877578889091,0.686640786023578,0.016178872257799806,-0.816238628764767,-1.055808311137911,0.04388168368356516,-1.2913836712285003,0.4631463042526166,-1.2098124319865051,0.3172565681422824
TCGA-78-7148-01A,0.0,0.022933035723604254,0.0,0.10672012966709993,0.0,0.0,0.0014484375713278922,0.04483181235427322,0.0,0.0,0.0,0.0,0.0,0.0,0.0,0.0,0.0,0.0,0.0040439187124010805,0.047655164747260545,0.0,0.0,0.0,0.01518101282889059,0.0,0.0,0.0,0.04319153497664144,0.004995383992634103,0.0,0.0,0.21198953884364377,0.0,0.0,0.0,0.0,0.0,0.0,0.030773706084025094,0.0,0.0,0.0,0.02115472185009471,0.0,0.0,0.0,0.0,0.0,0.0,0.0,0.0,0.008758762303748665,0.0,0.0,0.07057474619191899,0.0,0.0,0.0,0.04524984395830587,0.0,0.0,0.0,0.020882918930673258,0.038756027640057304,0.0,0.0,0.0,0.0,0.0,0.0,0.0,0.0,0.0663491691421548,0.031201448558223793,0.0,0.0,0.0,0.0,0.0,0.0,0.0,0.0,0.0,0.011158442712955265,0.0751123422484958,0.0,0.0,0.07703790096156958,0.0,0.0,0.0,0.0,0.0,0.0,0.0,0.0,0.0,2.315970345456918,Lung Adenocarcinoma,0.7824235477578987,-0.19834651694915637,1.5908645733819369,-0.050006297132144197,-0.14402972655346283,-0.4468934187052673,0.2925554057983281,1.2290005397945898,0.45901941959206743,0.4249135662840987,0.17148053369737593,-0.20876923399348565,-0.08919552800779627,-0.6243261004537479,0.7626644447246493,0.9103304023461226,1.6330935401261961,-0.0296015837793634,1.7561710461305196,0.05300664644323537,1.6279812120134496,0.5198086792511987,0.2723257915075338,-0.24893940940017634,-0.10523395511659561,0.023365956724032605,-0.08844475058854814,1.277492549584711,0.2909339300320424,-0.05460649469917878,0.5888152948450424,0.1928062556902523,-0.0780894398661939,0.070210375475809,0.5335290823617829,0.3287635119332872,0.49693924966185865,1.2721220642458695,1.107299274695633,-0.2102822977055501,1.171038980484416,1.426772003978481,-0.6498393290363819,0.6216557648771422,-0.09036898841783401,0.09057262226956599,0.15561512187968835,-0.03892676561950065,0.1835367382406994,1.6983103741310148
TCGA-78-7149-01A,0.0,0.20933753144400966,0.0,0.026571152029811716,0.0,0.0776685460690275,0.009568280210225658,0.0,0.013469763574496741,0.0,0.0,0.0,0.0,0.0015770868791499745,0.0,0.0,0.0,0.0,0.1846360600020711,0.0,0.0,0.0,0.007712074543532693,0.0,0.0,0.0,0.0,0.05675042390124366,0.01737545807680681,0.0,0.0,0.14023697308330713,0.0,0.0,0.0,0.0,0.0,0.05073495981220608,0.0,0.0,0.0,0.0,0.0,0.0,0.0,0.0,0.056590728838238936,0.0,0.0,0.0,0.0,0.0,0.0,0.0,0.03432322478481968,0.0,0.0,0.0024767661485607744,0.0,0.0,0.0,0.04729606810805724,0.006852199372769101,0.0,0.0,0.0,0.0,0.0,0.0,0.0,0.0,0.0,0.019614886542360908,0.028790600037717252,0.0,0.008417216541587523,0.0,0.0,0.0,0.0,0.0,0.0,0.0,0.0,0.0,0.0,0.0,0.0,0.0,0.0,0.0,0.0,0.0,0.0,0.0,0.0,0.0,2.164352855784437,Lung Adenocarcinoma,2.0410798622706956,-0.958051678919241,-1.3905801616339213,0.886127018960685,-0.4537729642133391,-1.7021238895997306,-0.5800887821600367,0.2635684836648116,-0.70467882404254,0.380804554624225,-1.0643517916373326,-0.046066065021048194,-1.614485338372261,-0.5273268958919547,-0.335181251243146,-0.0007932596966389773,1.8809770226760827,-1.8004576742158644,-0.6967378772468448,-0.22351961340874474,1.3038697950574516,-0.8059396715770648,-0.7708345130152875,-1.153837487060108,-1.1753564860858723,-1.1494732757607247,-1.2550968299521634,0.49310597189732486,-0.7287339814419909,-1.6812751824551184,-1.2409832881246343,-0.6544010207512616,0.07923983427110162,0.6714992802926893,0.22387874172697583,0.9436369237729701,1.1022805646593734,0.7775427207002057,0.4769441446070766,-1.8035407727093071,-1.0196737584659448,0.9563382381243688,-1.505945831357098,0.0358399967983135,-0.9881886746269843,-0.7536898803378951,-0.3083064101353251,-0.45708357084469015,1.9257188075593747,1.0695696899164402
TCGA-78-7150-01A,0.0,0.10314565102677391,0.0,0.16879296820624337,0.0,0.025279068382201644,0.03793451147316975,0.0,0.0,0.0,0.0,0.0,0.0,0.03375996602723914,0.0,0.0,0.0,0.0,0.13321267464173012,0.0,0.0,0.010538819445764125,0.010198826098876429,0.0031109585341857456,0.0,0.0,0.011239338980165624,0.0,0.0,0.0,0.0,0.0,0.0,0.0,0.0,0.0,0.0,0.0,0.0,0.0,0.0,0.0,0.0015589143404022693,0.0,0.0,0.0,0.0,0.0,0.0,0.0,0.0,0.0,0.0,0.0,0.0,0.0,0.0,0.0,0.0,0.0,0.0,0.0,0.021577060255237947,0.01975230791478782,0.0,0.0,0.0,0.0,0.020240383847381343,0.0,0.0,0.0,0.03500997113935725,0.05579926634839002,0.0,0.0,0.0,0.017664343086719846,0.0,0.0,0.09664171908314687,0.0,0.0,0.10085833378563908,0.0355234883658734,0.0,0.0,0.0237563583929362,0.0,0.026011065135158107,0.0,0.0,0.008394005488620073,0.0,0.0,0.0,0.0,2.622214022966295,Lung Adenocarcinoma,0.8573246325850518,-0.9276314402996058,0.6524622990988073,0.02994090545967317,-0.1644920486166276,0.5986078033820179,0.14716802871821552,0.4373960462421458,1.4738460743219761,0.5774153050628059,-0.12135381939653836,0.14503071354898284,0.7221640911326953,0.9669482187803582,0.6034922579766712,1.2919239380119818,1.1300057605072882,0.7915820651709871,1.848106105941705,-0.6051142160520578,-0.3769151232493587,1.062984843421909,-0.12971994313513355,-0.49152570804588264,-0.3875143971847925,0.15403477258158482,-0.300819174765311,0.1373427015782158,-0.287135579479473,0.7637517214214565,1.5713970333776635,0.7376072622437123,0.6828436182925528,0.08915459479812482,0.4188377326554694,0.624288579271376,-0.03920394841285872,0.04869368980281927,0.8718464795705932,0.8391476065674951,1.5172514989153545,1.0907639409916772,0.7146241845200163,0.789433842196183,0.06926834832757303,0.9290881080936684,0.7561593909947987,0.18974361809079154,-0.05088840029904348,1.7680880212447114
TCGA-78-7152-01A,0.0012740455858496625,0.12339574066495332,0.0,0.044275921378917574,0.0,0.0,0.0,0.07477342804292748,0.0,0.0,0.0,0.0,0.0,0.07346134536168587,0.0,0.0,0.0,0.0,0.18872003326352058,0.0,0.0,0.0,0.0,0.00934216720323267,0.0,0.0,0.004185248053420521,0.0,0.023449411597061355,0.0,0.0,0.019600578929377454,0.0,0.0,0.0,0.0,0.17945576180553324,0.0,0.0,0.0,0.01065181333529894,0.0,0.04121324233583115,0.0,0.0,0.0,0.0,0.0,0.0,0.0,0.0,0.038972064087868394,0.0,0.0,0.0,0.0,0.0,0.005161377821165574,0.028921500048832153,0.005661347911037556,0.0,0.0,0.0,0.037600333375434086,0.0,0.0,0.0,0.030987395526497777,0.0,0.0,0.0,0.0,0.0,0.0,0.0,0.0,0.0,0.0,0.0,0.0,0.0,0.0,0.0,0.007066790454886346,0.007815257792164356,0.0,0.0,0.04401519542450393,0.0,0.0,0.0,0.0,0.0,0.0,0.0,0.0,0.0,2.305351369446624,Lung Adenocarcinoma,0.787932317738252,0.4097398072659776,-0.3964025144196149,0.35247216681860616,-0.13519466187244597,-1.1500850835845922,0.46291029596432975,0.06863900160387912,0.3385957055794101,0.12115482214099015,0.14624418614826903,-0.0586550729117934,-0.7411748535578278,-0.8215049829209684,0.29655853516436986,0.4254260524109242,0.21552958912112916,-0.9229061120533012,-0.6567048945477842,-0.22669586310565887,0.781235050446107,-0.39301408891943607,0.10234198193304972,0.013759167387636842,0.2554541835958513,0.17207918205412617,0.1758381624530094,0.23841115158070586,0.04059172955721568,-0.6513339640664945,-0.7312236043448789,-0.08658631489576012,0.3150550138998631,-0.4509033618556587,-0.5095296209705968,0.19935992629541532,1.317408415967944,1.141530128714637,0.49697245032317855,0.18985602710839716,-0.3657022870354345,0.4657097247901727,-1.2686566530640342,0.2866458523335489,0.015727105461917853,-0.06998855413040057,-0.07438964193032402,0.4774190934323734,0.606060647674099,0.21155592112221105
TCGA-78-7154-01A,0.06787657898539984,0.14169904635494035,0.0825210285021717,0.050076443718582,0.0,0.046361218922942475,0.06379605673933186,0.0,0.0,0.0,0.0,0.0,0.0,0.041470261451322106,0.0,0.0,0.0,0.0,0.1744489342525808,0.0,0.0,0.023751964343818863,0.004830478378072495,0.005665669099251901,0.0,0.02249675582529163,0.004687305633753682,0.0,0.0,0.0,0.0,0.09364588398813764,0.0,0.011158887255794248,0.0,0.0,0.0,0.0,0.009748351332559559,0.0,0.0,0.0,0.0,0.0,0.0,0.0,0.010510587200743791,0.0,0.0,0.0,0.0,0.0,0.0,0.0,0.0,0.0,0.0,0.006388428738334207,0.02315327756216554,0.0,0.01741591792443372,0.0,0.0,0.05382438920762635,0.0,0.0,0.0,0.0,0.0,0.0,0.0,0.0,0.0,0.0,0.0,0.035044127741085604,0.0,0.0,0.0,0.0,0.0,0.0,0.0,0.0021962957181821292,0.005506583777181573,0.0,0.0,0.0,0.0,0.0,0.0,0.0,0.0017255273462961783,0.0,0.0,0.0,0.0,2.4082399653118496,Lung Adenocarcinoma,0.5483178219591662,-0.5306834967314893,1.3182822550888866,0.33766595927297255,-0.24658177051583816,0.11214804518269399,0.1932659393963096,0.3816361088213786,2.0260254611041213,0.06117763688357222,-0.16696904865972392,0.27086248733701107,1.064294313559913,-0.07914920037823728,0.6870239541713151,0.6233116780389658,1.3107146305858526,0.9392008434119434,1.796231804125206,1.4320191582113535,0.9719459987007537,0.19238188860944364,0.26264334892897234,-0.4152694751910821,-0.28892723395403136,-0.7578422678348906,-0.7485380412192879,-0.7628324036981201,0.11686307958439422,0.4300889959226563,2.769579883298153,1.4059317840300172,1.4330893452406752,-0.8190682583497552,0.630062070203513,0.9093854634161315,0.04171072707919741,0.3671996004605783,0.12139747046563062,-0.4897304205252285,1.1687191675355053,1.2596870168305179,1.2796630854200257,-0.5146906085364447,0.04648186787259666,1.5240002351731061,0.047921309240799286,0.7586678926304352,-0.9615913041292767,1.4625186324038413
TCGA-78-7155-01A,0.0,0.029843082812608137,0.0,0.6115179257303748,0.0,0.007363127558088734,0.024054121199053487,0.0,0.0016210672197912628,0.0,0.0,0.0,0.00791929580496373,0.0,0.0,0.0,0.0,0.0,0.019398935527869293,0.0,0.0,0.0,0.004910077979518332,0.0,0.0,0.0,0.0,0.0,0.00806236183502255,0.0,0.0,0.054517690240517065,0.005626927454819054,0.00744910851822224,0.0,0.0,0.0,0.0,0.0,0.0,0.0,0.0,0.0,0.0,0.0,0.0,0.01614219722452262,0.0,0.0,0.0,0.0,0.0,0.0,0.0,0.0,0.0,0.0,0.0010607342757968327,0.025383080784505747,0.0,0.0,0.0,0.0,0.029127250537718235,0.0,0.0,0.0,0.0,0.004525669735266556,0.0,0.020390461516836243,0.0,0.03031176277613798,0.03229971208935854,0.0,0.0,0.0,0.0,0.0,0.0,0.0,0.0,0.0,0.0025565571817059716,0.05164093943951593,0.0,0.0,0.0,0.0,0.0,0.0,0.0,0.004277912557786637,0.0,0.0,0.0,0.0,3.1792644643390253,Lung Adenocarcinoma,-1.6076126604995828,-1.674498465647007,-0.9760683175524938,-2.3382251504067537,-1.4730009023219324,-1.7701589214475684,-3.3262393766594127,-2.8645667508408423,-0.9412480704576833,-3.31791103750096,-2.3533139869003574,0.8169057767271961,2.0876471395919687,-1.9599945439550395,-2.6912142208491603,-3.1826784479265786,-1.9382983219238836,1.904928860346165,-0.4612945790363106,0.47394172421223607,-2.9090468023539695,-2.01418242118357,-2.1702796066347037,-2.0826834890912376,-2.091209587216115,-3.2997003071431483,-3.0270138968574187,-0.6535668676305677,-2.1610465886680954,1.997383387568185,0.5109760226229985,1.609519566505844,1.3263701853056826,-2.6655259845902557,-0.29725456810515477,-0.7072621459342024,-3.4554174438135306,-2.316009238286975,-1.4937181231775243,-1.6180712260031853,0.39204873921792793,-3.330708859774646,2.6891053326499,-1.047477235375581,-2.8772657345108663,0.3791000066808887,-0.42438707866694414,-1.1462133945400699,1.3704644717835026,-2.7543574303322584
TCGA-78-7156-01A,0.014904869158632246,0.14535150908057784,0.0,0.1603826200930292,0.0,0.0,0.0983579769776298,0.0,0.0,0.0,0.0,0.0,0.018765665516245724,0.0167505140570284,0.0,0.0,0.0,0.0,0.1766066743390071,0.0,0.004321898042565437,0.0,0.0,0.0,0.0,0.0,0.0,0.0,0.01607475087515034,0.0,0.0,0.10901268040401058,0.0,0.0,0.0,0.0,0.03732099460725244,0.0,0.0,0.0,0.0,0.0,0.0,0.0,0.0,0.0,0.012017963658671707,0.0,0.0,0.0,0.0,0.0,0.0,0.0,0.0,0.0,0.0,0.0,0.03553229582083923,0.0,0.0,0.0,0.014738552953362929,0.00135657141407267,0.0,0.0,0.0,0.0,0.0,0.0,0.0,0.0,0.0,0.0,0.0,0.0,0.0,0.0,0.0,0.0,0.0,0.0,0.0,0.02527582748384816,0.045600023491326525,0.0,0.0,0.021090973995723645,0.0,0.0,0.0,0.0,0.0,0.04653763803102601,0.0,0.0,0.0,2.4800069429571505,Lung Adenocarcinoma,1.222965006440403,-1.3959461189147544,-0.7168271591568339,-1.5418615169351115,-1.5054067127508979,-2.2379617252484434,-0.8468066005708638,1.9571580393238879,-0.5183104450503193,-0.5908018610586451,-1.0525031677017422,-0.021040113401550768,-1.5722595070576164,-2.335845162622059,-0.3910155817977673,-0.7558002971486166,2.847761573523228,-1.72112483738335,-1.9326124185604767,-0.400054658553754,1.1222119336286513,-1.609118148090222,-1.687821423336371,-1.391203148043433,-1.4263574607971894,-1.043607997510482,-1.1716457092753543,0.7338361699931,-1.5570974935262292,-1.3306919716043724,-1.9310802729744478,-0.6553878256003354,-1.398953850651253,-0.6614029841973729,-0.3027401906388531,0.8094804230532389,0.08584733738504824,2.4531455652544354,0.5331868861824419,-1.0539211805685536,0.9312015612492482,0.765094477444139,-1.034063728641026,-0.8978974862876806,-1.3037142849831576,-1.8780180741423245,-0.20628099168062364,-1.2774777641899029,1.3024771410236693,0.6705572506553232
TCGA-78-7158-01A,0.004500728592409587,0.07549392875946957,0.0,0.19353880463926323,0.0,0.009061908293283715,0.02724037876125052,0.0,0.0,0.0,0.0,0.0,0.03148259131959293,0.0024515741388087763,0.0,0.0,0.0,0.0,0.051561784226162304,0.0,0.0,0.0,0.0,0.008840184372689333,0.0,0.0,0.04791106954255848,0.004539764451642103,0.0,0.0,0.0,0.008780150890837392,0.043481154336556714,0.0,0.0,0.0,0.15604087426152846,0.0,0.0,0.0,0.0,0.0,0.0,0.0,0.0,0.0,0.05102973284687434,0.0,0.0,0.0,0.0,0.01222640843849753,0.0,0.0,0.0,0.0,0.0,0.016862469287379625,0.0,0.0,0.0,0.0,0.06053202685117332,0.02995513613715799,0.0,0.0,0.0,0.0,0.0,0.0,0.010805679558801795,0.0,0.0,0.09078288421836372,0.0,0.0,0.0,0.0,0.0,0.0,0.0,0.0,0.0,0.042455985097389064,0.02042478097830944,0.0,0.0,0.0,0.0,0.0,0.0,0.0,0.0,0.0,0.0,0.0,0.0,2.3560258571931225,Lung Adenocarcinoma,-0.45570088951030974,-0.8088013356596789,0.029489311547494488,0.40748508226302943,-0.5556575356459089,-1.282401791670694,-0.984323041345627,0.009952773702625756,-0.8642730695193501,-0.6578194013084319,-1.310147490496772,0.11663777600933853,-0.48932672207599504,-1.3548832967974773,-0.8619580249984238,-0.4787529168894567,0.756281612931323,-0.5528790484262789,-1.0614021354636953,0.2462932347203996,-0.3316812359309451,-2.2286842420809756,-0.6378368090269229,-1.4240231346238232,-0.8913220284486202,-0.6953118078774612,-1.1448900212331823,-1.1263155650139167,-0.8092247580244856,-0.8499164270987698,-1.2347207600246424,0.44615959298943264,0.9686697435420782,-1.1571196860658755,0.9690279410275536,-0.1500565976753881,0.02027831561723238,0.10559972616147711,1.1776775457047892,-1.4963133301708598,-0.33159925851063754,-0.42038611102083473,-0.7611032776789702,-0.4730074907799825,-1.1370972215420803,-1.0376919461831946,-0.9226888698733524,-0.928530124217832,1.6518934410802322,-0.24713242234425153
TCGA-78-7159-01A,0.032493686786724825,0.02528186761091544,0.0,0.29365006538193766,0.0,0.0,0.0,0.0,0.0,0.012449879723720105,0.0,0.0,0.0,0.0,0.0,0.0,0.0,0.0,0.0027838596314200092,0.0,0.040270379770499735,0.0,0.007733168219266062,0.001862501460444011,0.018263825453488255,0.00674264535678569,0.0,0.0,0.05388207023422133,0.0,0.0,0.05606219389245553,0.0,0.0,0.0,0.0,0.09125612178864367,0.015074238079069326,0.0,0.007575796056805149,0.023908075733579077,0.0,0.009497670125637018,0.016876669993052793,0.0,0.01141178242213709,0.09616097497372203,0.0,0.0,0.0,0.0,0.0,0.0,0.0,0.0386099411358887,0.0,0.007466981435071707,0.001023053893921423,0.044820601992508764,0.0,0.0023202247655742234,0.003224567692850821,0.0,0.008695079912219504,0.0,0.0,0.0,0.0,0.003987840225212952,0.0,0.017552603428446754,0.0,0.0,0.0,0.0,0.0,0.0,0.0,0.0,0.0,0.0,0.0,0.0,0.001631828158981408,0.0,0.0474298046647988,0.0,0.0,0.0,0.0,0.0,0.0,0.0,0.0,0.0,0.0,0.0,2.462397997898956,Lung Adenocarcinoma,-0.4043485965060638,-0.3481150258645747,0.09586174272758155,0.861904085156431,-0.4185345658024306,-0.8484987826016229,-0.8822193203888538,-0.595483982931391,-0.47437323216270655,0.18977776842599836,-0.2313940360320587,-0.04244284103872201,0.19279121730264956,0.07189480858608703,-0.34084152710645804,-0.022731890440942256,-0.46618043933505465,0.18568465376683238,0.35814633227372067,0.05970920685737028,0.06457686642351783,-0.05150941535801494,-0.19723116948119548,0.12397369354477222,-0.1892672622256374,-0.2580676261088124,-0.23259362250125754,-0.48012831129171163,0.2585516754514829,0.09911721338207585,0.5007215922098391,0.2207532832758356,-0.22207234966802508,-0.4603335950366853,-0.6303291487838619,-0.11906995602640584,-0.6453993131154809,0.8450829817887269,-0.37747182838914867,-0.6654938696933249,0.25901936288154437,-0.4938498030045185,0.3070440370634221,0.4095330941344069,-0.14059902696389137,0.5255884132759726,-0.16325375491095379,-0.23305417757709332,0.38648242898373747,-0.8821665515591651
TCGA-78-7161-01A,0.0,0.03439544846622345,0.0,0.3841705970579609,0.0,0.08753154267870308,0.0,0.0,0.014937996111286728,0.0,0.0,0.0,0.0,0.0,0.0,0.00014014015261907672,0.0,0.0,0.015576395813263467,0.0,0.0,0.0,0.0,0.003933584480782861,0.0,0.0,0.0,0.0,0.009292931580301016,0.0,0.0,0.04401341047050458,0.0,0.0,0.0,0.0030918890561710826,0.0,0.049262311831021845,0.0,0.0,0.0070003450272076205,0.0,0.0,0.0,0.0,0.0,0.0,0.0,0.0,0.0,0.0,0.0,0.0,0.0,0.0,0.0,0.0,0.003372645114631564,0.024712736324334298,0.0,0.0,0.013146191527629417,0.0,0.0,0.0,0.0,0.0,0.0,0.0,0.0,0.0,0.0,0.0,0.0,0.0,0.0,0.0,0.0,0.0,0.0,0.21338521690298862,0.0,0.0,0.0005420970249698375,0.017546853595412984,0.0,0.0,0.029600289267853755,0.0,0.014916552526223233,0.0,0.0,0.02943082498991055,0.0,0.0,0.0,0.0,2.250420002308894,Lung Adenocarcinoma,-0.6330214668778901,-1.6006642395816586,0.1510413530886842,0.4231187159170063,-0.5502041418429724,-1.3125092516023475,-1.1594112592165788,-0.2362089501035315,-0.07367159362325883,0.29584095295368223,-0.9062955940146075,-1.031455306750986,-1.4795782848882846,-0.12846115759764795,-0.23664814156721176,-0.5696594551951275,-0.2835607784340107,-1.4030546548067262,-0.7257179240464803,0.15700410551920257,0.008209283600306167,-0.3597869000101485,-0.41608563638680374,-1.0081219037126812,-0.7847056330458978,-0.4804139264198222,-0.7191494110595649,-0.034631563033146656,-0.8134675262095273,-1.1954694716724699,-1.4720987488821948,-0.9419164319047548,-0.789170839049047,0.24505578132716396,-0.290719855124468,-0.7374968468585382,-0.6125665388620409,0.024370829772917463,-0.7026850248377573,-2.46570842484905,-0.378138460759251,-1.2824069584915097,-0.9530942234131908,1.0775840199543367,0.08639563691742186,-0.8832005648403695,0.31235766673253046,-1.1001567571920943,0.672842063411188,-0.23188741783621017
TCGA-78-7166-01A,0.009974149279498907,0.0026829832632282004,0.0,0.5427997963678517,0.0,0.0,0.05869272460930842,0.0,0.0,0.010536966395034776,0.0,0.0,0.0,0.0,0.0,0.0,0.0,0.0,0.0,0.0,0.0,0.0,0.005029046716803832,0.010402595891042837,0.0,0.0,0.1077175500577833,0.0,0.024579521443236857,0.0,0.0,0.018534882523744516,0.0,0.0,0.0,0.0,0.0,0.0,0.0,0.0,0.0,0.0,0.0,0.0,0.0,0.0,0.0,0.0,0.0,0.0,0.0,0.0,0.0,0.0,0.0615158670357935,0.0,0.0,0.01054970312692885,0.0,0.0,0.0,0.0,0.021609396118848743,0.01234920834302112,0.0,0.0,0.0,0.0,0.0,0.0,0.0,0.0,0.0022711537670479197,0.0,0.0,0.0,0.0,0.0,0.0,0.0,0.0,0.0,0.0,0.0,0.05149514410575213,0.0,0.0,0.04925931095507447,0.0,0.0,0.0,0.0,0.0,0.0,0.0,0.0,0.0,2.359835482339888,Lung Adenocarcinoma,0.8513253253134465,-0.6447998903994556,-0.9393721165567515,-1.3186285902707453,-1.1727997161942512,-0.6588469960614315,-0.0055714609515882104,0.32267718155970665,0.7309483746510432,-0.033118736589797276,-0.32652700579189997,1.097762216161429,0.1271640069828686,-0.9728205916458924,-0.15227220899371904,0.40552685959113977,1.8514879495586554,0.017277134891910486,1.820776992888728,-1.2655380913466314,-0.0234276949899241,0.8320265430617098,-0.43702947881410675,-0.4444504863538435,-0.9253391346294217,-0.3145006032125761,-0.4316792551100714,0.3247708380797336,-0.6424164893882783,-0.6330884551149992,0.3342050755960131,0.6603101881608463,0.7851556280729877,-0.7921112654477814,0.3111320300527925,1.5366094189458572,1.1505066578301697,-1.5990739176880862,1.622820092456368,-1.1310563091422425,-0.6555654416802374,2.177205929092355,-0.5137253558964872,-0.413610301869974,0.2660100680581617,0.08078627290435587,-1.3520323013004258,0.0757280132275546,0.894166477260712,1.327360855668101
TCGA-78-7220-01A,0.0,0.049940419991257666,0.0,0.4635006916490491,0.0,0.012123523457869484,0.02843181559950017,0.034810466820936074,0.0,0.004693394555184126,0.0,0.0,0.0,0.0,0.0,0.0,0.0,0.0,0.04347491718086167,0.0,0.0,0.0,7.454541193014432e-05,0.003564418599558141,0.0,0.0,0.0008646036222614527,1.8205028647107448e-05,0.0,0.0,0.0,0.11473994522168755,0.05814570591628715,0.0,0.0,0.0,0.0,0.0,0.0,0.015503932197617046,0.0,0.0,0.0,0.0,0.0,0.0,0.0,0.0,0.0,0.0,0.0,0.0,0.0,0.0,0.0,0.0,0.0,0.003991596739481933,0.014934612007030291,0.009617940298636335,0.0,0.0,0.0054532945711137926,0.008860992721593788,0.0,0.0,0.0,0.020562358249659556,0.0,0.0,0.0,0.0,0.02118577591842466,0.0,0.0,0.0,0.0,0.012610421269471515,0.0,0.0,0.0,0.0,0.0,0.020548986159586346,0.038822104589154124,0.01352533222320089,0.0,0.0,0.0,0.0,0.0,0.0,0.0,0.0,0.0,0.0,0.0,2.9180303367848803,Lung Adenocarcinoma,0.8183723774146161,-1.2188359818644372,0.8854999808153001,-0.930272664948559,-1.0863456609129671,0.35929644071845235,-0.29315216266393473,0.952311571043251,0.10490960915639137,-0.06027009548182411,-0.12205046587669985,0.40815217989225727,1.0229260658380441,-0.8208834814946305,0.3449943561730894,1.1240823362961383,1.1368424110649662,0.9736782540468326,0.6187360649599691,-1.2576588154133725,0.2185798636091624,-0.2835745918353588,-0.7061862588209378,-0.8809572442333444,-0.8654196753043155,-0.4282085233024631,-0.8565394987841917,-1.0578558713416062,-0.6183130228215109,1.1711227795749277,0.8779496584568689,0.8597039198852396,0.6323498884943309,-0.4830842150783457,-0.8910843822554965,1.153353761115076,-0.6717714285134812,0.5829808474805637,0.549509550342406,1.566311041994124,1.3206143991582213,1.467626343610482,1.5713553322501843,-0.14409732555664606,-0.7117870149558523,0.7795940636644648,-0.4103841019635628,0.616623564357916,0.15696430751339882,1.5027034808858137
TCGA-78-7535-01A,0.0,0.01347369649334787,0.0,0.22998584069223563,0.0,0.0,0.0,0.0,0.0,0.0,0.07574478369456945,0.0,0.0,0.01637448183058931,0.0,0.0,0.0,0.0,0.0,0.0,0.02889133758167422,0.0,0.008877141284402354,0.04992519303217277,0.0,0.017718956724567903,0.0,0.0,0.0,0.0,0.0,0.09231950788476315,0.0,0.0,0.0,0.0,0.0,0.0,0.0,0.0,0.0,0.0,0.0,0.0,0.0,0.0,0.07896280268628186,0.0,0.0,0.0,0.0,0.0,0.0,0.0,0.0,0.0,0.0,0.017803533881126484,0.07999437233303583,0.033081232089541404,0.0,0.0,0.0,0.08265161058923312,0.0,0.0,0.03211950913447514,0.0,0.03464022279446789,0.0,0.0,0.0,0.0,0.0,0.0,0.0,0.0,0.0,0.0,0.0,0.0,0.0,0.008146210004058836,0.04612242438471721,0.0054402300456407,0.04772691283909893,0.0,0.0,0.0,0.0,0.0,0.0,0.0,0.0,0.0,0.0,0.0,2.247973266361807,Lung Adenocarcinoma,0.07985944340933357,0.14768558934466106,-1.788712806331963,-0.8238217512171357,0.5504706536278516,0.33848080187465,0.583854743174213,-0.18054435426905294,1.432267003329513,0.4481784298176737,-0.31252569516424544,0.7485623421105387,-0.01550766501628534,-0.6286706643176166,-0.3183521727973572,-0.08534978893457862,-0.6010977860938521,-0.2275997895608943,0.7086526378034459,-0.19735775219743543,-0.4087389588118169,0.04177433997780133,-0.6659927869859799,0.25690664343152597,0.1502172637950573,-0.3952570289349993,-0.38368959012028336,-0.5700508689588142,0.15340819695288774,-0.8433708800873359,-0.6963351996984474,-0.8412749359968056,-0.3279386269358224,-0.3656341535149999,0.847358535678344,0.18719483083768984,0.6191495529687737,0.6101092932041324,0.7950110657421667,-1.130456109127239,-2.7039759045990723,0.8852101540491445,-0.9372078669044349,-0.43604108399752595,0.1038872154876181,-1.653336149975089,-0.5976986861270644,-0.10333586798285851,-0.7977230105215842,-0.10016254496311744
TCGA-78-7536-01A,0.010067450215169702,0.015842338389510314,0.0,0.46356572972384424,0.0,0.0,0.0,0.0,0.0,0.0,0.0,0.0,0.0,0.0,0.0,0.0,0.0,0.0,0.0,0.0,0.0,0.0,0.005380590833934477,0.0,0.0,0.0,0.0,0.0,0.0,0.0,0.0,0.1103899809319502,0.0,0.0,0.0,0.0016685736167853348,0.0,0.0,0.0,0.01680264194604479,0.0,0.0,0.0,0.0,0.0,0.0,0.009874337720103746,0.0,0.0,0.0,0.0,0.012343998190949272,0.0,0.0,0.0,0.0,0.0,0.004398218238590155,0.012721949345103243,0.0,0.0,0.0,0.021074522747164676,0.0187081738455279,0.0,0.0,0.0,0.05089822508724335,0.0,0.0,0.0,0.0,0.04773042871392621,0.0,0.0,0.0,0.0,0.0,0.0,0.0,0.14054927913365556,0.0,0.0,0.0397265351004075,0.018257026220089477,0.0,0.0,0.0,0.0,0.0,0.0,0.0,0.0,0.0,0.0,0.0,0.0,2.800717078282385,Lung Adenocarcinoma,-1.4438316228624632,-0.2147401639705064,0.4768118360708396,-1.714176364444269,-1.9244699716130105,-0.8948683364606563,-1.1564937121798025,-1.1405761766513915,-0.43293428953818697,-1.947640175194795,-0.8928261350209945,0.8244928206815044,1.5803614204867986,-1.6729294478448613,-0.6409486583259835,-0.19669675337632855,0.12027409432271548,1.4612704551015612,0.2817484279907845,-0.8514223026422915,-0.902776905976757,-0.6728557628253816,-0.8727367809227451,-0.1816665883549049,-0.40713112150952413,-0.5754138211746609,-0.46402095139964467,-0.8576028323564266,-1.1071204394189191,1.0758275291175652,0.9213982685042403,1.1534238659504878,0.8355806676023378,-2.4432995854908315,0.6076517992161662,0.11052110254894494,-2.2080672106473442,-0.7568212895679022,-1.0536533037996256,0.8985904599040444,0.06168353530323426,-0.8065020568211748,2.078646830536348,-0.7099955888247331,-0.5261318144167323,0.5138882782527227,-1.220115793738616,-0.2418961047142916,-0.10808040373871855,-1.0439328947113957
TCGA-78-7537-01A,0.007011224867132535,0.0338106944046551,0.0,0.28440895730610083,0.0,0.0,0.02788740858684174,0.0031157843258941905,0.0,0.0,0.0,0.0,0.0,0.0,0.0,0.0,0.0,0.0,0.022247429904243235,0.0,0.0,0.0,0.0,0.005599720837203105,0.0,0.0,0.0,0.0,0.10712058303464078,0.0,0.0,0.1491625393146095,0.0,0.0,0.0,0.0,0.0,0.05933241923672052,0.0,0.0,0.0,0.0,0.007122345314932754,0.0,0.0,0.0,0.001605974117703729,0.0,0.0,0.0,0.0,0.0,0.0,0.0,0.0,0.0,0.0,0.021226662441515175,0.012075033206299685,0.07095199355543463,0.0,0.0,0.0,0.026026258792492006,0.0,0.0,0.0,0.0,0.0,0.0,0.0,0.0,0.05742022284012571,0.0,0.0,0.0,0.0,0.0,0.0,0.0,0.0,0.0,0.0,0.027722888004700918,0.020917988861275456,0.0,0.0,0.05523387104747852,0.0,0.0,0.0,0.0,0.0,0.0,0.0,0.0,0.0,2.1172712956557644,Lung Adenocarcinoma,0.7089633696425722,-0.41324936199923085,-0.6419628430779835,0.957150447068048,-0.12415395825746625,-0.48180157476883023,-0.4944462558403299,0.30419236961637236,-0.30535092113570056,-0.03532772320109963,-0.9955079737305559,-0.1458469490169978,-1.8061047893046724,-0.17890546770936577,0.10570058423284737,-0.07311133036602191,0.689595935445561,-1.838796822645932,-0.46234639617675843,0.3719573076669776,1.2959426834647196,-0.8314656385257381,-0.5441849200061284,-0.5344220882304473,-0.42810671858925625,-0.7402072583516207,-0.963098992847633,-0.17969636745419046,-0.2581753533164654,-1.7895190981415987,-1.592546376952646,-1.013093248654106,-0.8537761790204128,0.21837001852118745,-0.015479214825080283,0.5384340303926198,0.7642799965978625,1.0518482419439554,-0.21176803309532177,-1.5395042892286697,0.04936755232074989,-0.04212718088668493,-1.8515313697161682,0.27268478620043385,-0.9496290396448193,-0.1723622082198501,-0.13197531504135762,-0.44485156472712206,0.5203657701643883,0.23684880944842887
TCGA-78-7539-01A,0.013573491037208986,0.14511946462463277,0.0,0.09863845364785441,0.0,0.012106363926846329,0.06333985965002908,0.0,0.0,0.0,0.009538382041087385,0.0,0.0,0.05792332223426566,0.0,0.0,0.0,0.0,0.29630640500804134,0.0,0.0,0.0,0.0,0.0,0.0,0.0,0.0,0.005133515963895358,0.0,0.0,0.0,0.056710392514166104,0.0,0.0,0.0,0.0,0.0,0.0,0.0,0.0,0.0,0.0,0.0,0.0,0.0,0.011198655066228257,0.029511552711156852,0.0,0.0,0.0,0.0,0.001083552536039494,0.0,0.0,0.0,0.0,0.0,0.0,0.011660353901255794,0.0,0.0,0.0,0.012244566647819205,0.013207872685298126,0.0,0.0,0.0,0.0,0.0,0.0,0.0,0.0,0.0,0.0,0.0,0.0,0.0,0.0,0.0,0.0,0.0,0.0,0.0,0.03855024079192502,0.04470033364675927,0.0,0.0,0.04095208265983361,0.0,0.0,0.0,0.0,0.0,0.03850113870565692,0.0,0.0,0.0,2.690196080028514,Lung Adenocarcinoma,-0.36989091027992593,0.7802550633066104,-0.7114460523605306,-0.780407688383981,-0.08012228879220391,-1.0881205125858695,0.37249154717493266,0.81231882504011,-0.06460425967748938,-0.12728837841213672,0.3422456742324654,-0.5648239813087051,-1.3702782773035087,-1.0415836004633556,0.4328870599569709,0.1744317249571357,0.18971234970303824,-1.4825399213911463,-0.7888736764326145,-0.7307965166071151,0.3540494308580451,-0.7305749953946923,0.7481655751501435,0.6601549289372509,0.5612599589203323,0.9924996115851756,0.8817436698894294,0.7063890249790409,-0.3009997479486717,-1.3877415965378594,-1.1531300611660893,-0.8503238241544987,-0.705752291805509,-0.05521920283302714,-0.17648417547145784,0.2941483796881408,0.6257252717439115,0.15129112450207724,0.010541087739394097,0.1970896063828737,-0.01894986787783746,-0.14613340688764587,-1.7507745051783257,-0.1054625717293051,0.5349734598594426,-0.8627183464130675,-0.6592564321443259,0.3206063241614217,0.13685883627058065,0.3566543861749856
TCGA-78-7542-01A,0.04479350605172417,0.04752271699907662,0.0,0.511226719540017,0.0,0.0,0.0,0.037078464487829574,0.0,0.005343172913446937,0.0,0.0,0.0007550852034878242,0.021254450640536396,0.0,0.008782890554573828,0.0,0.0,0.013233831642413362,0.0,0.0,0.0,0.0025469662217187873,0.0032617839972269693,0.0,0.0,0.0,0.0,0.007769083305665962,0.0,0.0,0.09996687143112143,0.0,0.0,0.0,0.0,0.0,0.0,0.0,0.002161686450783142,0.0,0.0,0.0049808624959265056,0.0,0.0,0.0,0.0,0.0,0.0,0.0,0.0,0.027761006524283503,0.0,0.0,0.035652714307077796,0.0,0.0,0.0,0.019899109570773947,0.0,0.0,0.0,0.04280016451927031,0.0,0.0,0.0,0.0,0.01328925782609808,0.0,0.0,0.004399398088876066,0.0,0.0,0.0,0.0,0.0,0.0,0.0,0.0,0.0,0.002269989457360369,0.0,0.0,0.006132811954295925,0.0,0.0,0.0,0.03711745581641547,0.0,0.0,0.0,0.0,0.0,0.0,0.0,0.0,0.0,2.5634810853944106,Lung Adenocarcinoma,-0.9124347308030355,-0.04107286008956062,-0.11140896673476924,-0.10911363587821496,0.4290940941226001,0.4699856742396113,0.4704133661048305,-1.6433006720622547,1.2471827632691348,-0.7856647277170027,0.4171084382397139,0.9636791728960318,1.326989204402062,-0.9330545975426676,-0.2419842533003656,-0.14397946463069536,-0.00526246728361286,1.3862821027775378,1.4195701339239162,-0.582829736200946,0.1135059040566588,0.4196602504634636,-0.12190928157048583,0.3311820314843869,0.2897872813767971,1.8050288402042365,1.2272841436771795,-1.2211153648658997,0.10450933934232384,1.5507136316986734,1.1049369119941135,0.7521590866614128,0.5762589342730217,-1.179036484613167,-0.5545839983719963,-0.36227497208768433,0.9488011343113533,-1.5755918408710674,-0.18808975914396586,1.0221851285589854,1.446004295238049,0.458229449285847,0.01692119816116189,0.21577924757081648,0.6030489780464287,0.7132426841625362,-0.04532671624434667,-0.6434365638469466,-0.7654691364494294,-0.5707777106319106
TCGA-78-7633-01A,0.007410527399627768,0.0,0.0,0.0728856698378429,0.0,0.0,0.025438724720607306,0.0,0.0,0.0353539805436094,0.0,0.0,0.0280915331867342,0.0,0.0,0.0,0.0,0.0,0.02425598192265736,0.0,0.016841785622585283,0.0,0.0,0.0,0.0,0.0,0.0,0.0,0.016042400986139824,0.0,0.0,0.21308446003318748,0.0,0.0,0.0,0.0,0.0,0.0789573354517416,0.0,0.0,0.01070669354639444,0.0,0.0,0.0,0.0,0.0,0.06678076900713592,0.0,0.0,0.0,0.0,0.0,0.0,0.0,0.029156102491397794,0.0,0.0,0.0,0.04745497672359232,0.0,0.0,0.02594978675606073,0.1468131690711897,0.04606010768584954,0.0,0.0,0.0,0.0,0.0,0.0,0.0,0.0,0.0,0.0,0.011458693025130019,0.03613681296338989,0.0,0.010061771406880478,0.0,0.0,0.0,0.0,0.0,0.05105871761824588,0.0,0.0,0.0,0.0,0.0,0.0,0.0,0.0,0.0,0.0,0.0,0.0,0.0,2.0253058652647704,Lung Adenocarcinoma,1.2135938312090233,-1.4013272128699579,-0.34371089148786954,-0.42031900615906126,-0.3546475864520749,-1.1163862904252084,-1.2702788447290916,1.609176659183632,0.8870808350124664,-0.14407463158098563,-0.656249977067267,-0.24446556747792383,-1.1623923792907345,-1.3048865671033558,-0.005470451479342715,0.1681146363603745,1.4183455161411587,-1.2508837572511522,-0.6726020495092765,-0.2262584461517795,1.5319829447534075,-0.7990586928168837,-0.904741542717095,-1.1210238350738422,-0.9345255702433359,-1.4107717589251032,-1.4285286973542082,1.223531066877527,-0.6801713608156513,-0.6033433339744453,-1.097987508307952,-0.8593513293046233,-1.0472904270334762,0.2899951817570448,0.6571069385586618,0.24762513148162404,0.6407434806137895,2.17380818603244,0.3998266907738906,-1.3305803179158973,0.3613548342990987,0.7286176099441714,-0.7784244723082099,-0.03496545413959278,-0.8891827150022151,-1.1473347811791021,0.6573377681614393,0.21136720106452195,1.4072351459500279,1.2935440159551668
TCGA-78-8640-01A,0.022209994000320928,0.06481535616912414,0.03914000603640325,0.34999472343860133,0.0,0.0,0.003654564762446941,0.0,0.0,0.002028007440196562,0.0012475111598217704,0.0,0.0,0.0014026460244470373,0.0,0.0,0.0,0.0,0.0667012378398589,0.030253212619699675,0.0,0.0,0.01892111567915029,0.002683264784335766,0.0,0.016161044794903694,0.0,0.0,0.0,0.0,0.0,0.001366571492019552,0.0,0.0,0.0,0.0,0.05216325931428031,0.0,0.008833837633925645,0.0,0.0019428986745701057,0.0,0.00727583491657438,0.0,0.0,0.0,0.07876947943617829,0.0,0.0,0.0,0.0,0.0738977835864617,0.0,0.0,0.0,0.0,0.0,0.0,0.0,0.0,0.0,0.0,0.0,0.024994155800888335,0.0,0.0,0.0,0.0,0.00011882358063080918,0.0,0.0,0.0,0.0028402626981573528,0.014066505784931203,0.0,0.0,0.0,0.004847661505248288,0.0,0.0,0.0,0.0,0.0,0.0005154930304319284,0.07167238797315852,0.01030438993575766,0.027177969887475662,0.0,0.0,0.0,0.0,0.0,0.0,0.0,0.0,0.0,0.0,2.864511081058392,Lung Adenocarcinoma,-0.3566361806273783,-0.35080334693789783,-0.605193981103589,-2.1705186451973013,-1.161127404244624,-1.5384164501752615,-0.5075538282884731,-0.7893571268986842,0.5773642189107603,-0.9984903684575168,-0.7607841470755977,0.664637074872381,0.8210155512032833,-1.6033438986460384,-0.4569364746984496,-1.1259459005782595,0.13649716711146953,0.8959809458315316,1.0737112555924553,-1.612269330626022,0.10669036969272765,-0.4673851795952674,-0.8630480122252727,-0.47946297928984866,-0.7183731423202784,-0.5516462066798499,-0.4546131104267855,-0.5020689600735536,-1.1672037913681177,0.30144138898712747,1.4061154354839234,0.8955202257436383,1.5518047406071442,-0.8789513119992639,-1.531059981514922,0.17188621612175956,0.2530237179103427,-1.2950110088917075,0.3047210187628985,0.2750938297092886,0.16195648887253772,0.7565140153399789,0.2915629593436966,-1.458921845737805,-0.8815678737538541,1.2150598355557574,-1.6521569170974288,-0.4485132971684649,-1.2342224438168419,0.6942830137201056
TCGA-78-8660-01A,0.002149607822437926,0.06711792667483983,0.014740912424629304,0.1715561070844326,0.0,0.0,0.0019796906521840226,0.036352630085977715,0.0,0.0,0.0,0.0,0.006579778009219815,0.03208922157740428,0.0,0.0,0.0,8.29480220820751e-05,0.04880268815420665,0.0,0.004787288924031491,0.0,0.0009328578108422118,0.0,0.0,0.0,0.0,0.0016318980744617088,0.0,0.0,0.0,0.1376370040910828,0.1389151320325909,0.0,0.0,0.0,0.0,0.0,0.0,0.0,0.0,0.0,0.0,0.07233330150301835,0.0,0.0,0.08748392477703847,0.0,0.0,0.0,0.0,0.020591125801039344,0.0,0.0,0.0,0.0,0.0,0.02432273678271263,0.0,0.0,0.0,0.0,0.009241655848240455,0.0,0.0,0.0,0.0,0.0,0.0,0.0,0.0,0.0,0.027443012072523004,0.00837635840772481,0.005349261132167232,0.0,0.0,0.0,0.0,0.0,0.0,0.0,0.0,0.0321433212039813,0.02703437692080216,0.0,0.0,0.0,0.0,0.0,0.0,0.0,0.02032523411032893,0.0,0.0,0.0,0.0,2.3944516808262164,Lung Adenocarcinoma,0.3578605351470495,1.1220102356958765,-0.1094016300226776,-0.9709785765239847,0.212713695886802,-0.4199502585159615,0.6254242576017556,-0.03833821826915199,-0.472393390594807,0.47078027434983516,0.9235456653286406,0.1305280184306668,0.6433342182706104,-0.5540887614938876,-0.29025566357271826,0.16048900659322238,0.5013457669200949,0.5941390064487444,0.6421142806953014,-1.0740362339817346,-0.0369147748920941,0.009514121353289322,0.8351324706448611,1.0412006434546328,0.6667550663516425,-0.027156745243734095,0.32801333121884846,-1.2337274996195657,0.45529756335638516,0.5689182011331986,0.8225249960573561,0.6712264876238829,1.277919846138324,-0.15133559430733523,-0.39499251005869634,-0.4102918354601367,0.9770089239620764,-0.5204973538609503,0.07778953068683866,0.40595823291319577,-0.4823601534814042,1.3890097471612324,0.04413866765334593,0.07372408479451614,0.502576254295331,0.9503804725138391,-0.8404044016690365,0.9785427961674132,0.6295397776966831,1.1512794376905142
TCGA-78-8662-01A,0.010222776890649583,0.022523123292884244,0.0033563141788170163,0.5234790772488097,0.0,0.020309880276126034,0.019087017461511983,0.0,0.0,0.0,0.0,0.0,0.0,0.0,0.0,0.0,0.0,0.0,0.027150001973122263,0.0,0.0,0.0,0.010457383245096118,0.0,0.0,0.0022762775961021964,0.0,0.01705964968645036,0.0,0.0,0.0,0.06740880927018587,0.0,0.0,0.0,0.0,0.0,0.014006642581347786,0.005867254288071189,0.0,0.0,0.0,0.03163212363259006,0.0,0.0,0.0,0.05079044891628054,0.0,0.0,0.0,0.0,0.0,0.0,0.0,0.0,0.0,0.0,0.0,0.018412437126189278,0.0015322083805146094,0.0,0.003177616234193334,0.0,0.0002108184111693811,0.0,0.0,0.0,0.0,0.0,0.0025898749235755032,0.0,0.0,0.0,0.0,0.0,0.004404957536205582,0.0,0.012448198648629673,0.0,0.0,0.0,0.0,0.0,0.019754751165002374,0.04245945424611528,0.0,0.0,0.06938290279036002,0.0,0.0,0.0,0.0,0.0,0.0,0.0,0.0,0.0,3.0663259253620376,Lung Adenocarcinoma,0.32750893882623433,-1.4695465627859035,-1.465244513063778,-1.4524486079410504,0.14383741763433283,-0.7954823186660328,-0.8273281863946689,-1.3703751799790458,1.9866095753436162,-1.2572242649891652,-1.6434483863712053,1.0110182419297917,0.5098552445390271,-1.3974518037915997,-0.9993595599292132,-0.946993124953898,-0.018470449699335485,0.28028206107742915,0.4107531077259847,-0.49405100016740416,-0.9492722062793375,-0.6130919670036131,-1.679040423118324,-1.0194461674673903,-1.333964252091224,-1.9168660419324015,-1.7299015456656694,0.7155617870723152,-2.2313585196084453,-0.11206562302349053,0.5016813345900327,0.3192093926676353,0.8952764827903985,-0.32890683217200756,0.32357803783151007,0.7147220940563068,-0.31147886261921753,-2.7244291173683703,0.07614093731636296,-0.4966026358575654,-0.13058819154796694,0.09870856330177306,0.0014839878309409792,-1.6629900269941476,-0.7563713939029926,1.0618167846544802,-0.6251370312411841,1.1379850604049473,0.40721383037635295,0.10472921802207401
TCGA-80-5607-01A,0.006585080412831368,0.3128022661626601,0.0,0.0,0.0,0.0,0.041235711529724633,0.0,0.0,0.007929345042432076,0.0,0.0,0.0,0.019127077411836866,0.0,0.0,0.0,0.0091652364083664,0.37424475718756395,0.0,0.05958243898600751,0.0,0.0,0.0,0.0,0.0,0.0,0.0,0.0,0.0,0.0,0.0,0.0,0.0,0.007082669464877967,0.0,0.0,0.0,0.0,0.0,0.0,0.0,0.0,0.0,0.0,0.0,0.0,0.0,0.0,0.0,0.0,0.0,0.001064034268345734,0.0,0.0,0.001158931455449028,0.0,0.0,0.0,0.0,0.0,0.016105719321202805,0.0018018173953305142,0.0,0.0,0.0,0.0,0.0,0.007182148081129184,0.0,0.023958114920509418,0.0,0.0,0.0,0.019028290954016494,0.0,0.0,0.0,0.0,0.0,0.0,0.0,0.0,0.05223432541435126,0.0,0.0,0.0,0.0,0.0,0.00800048136270824,0.019874668113023457,0.0,0.011836886107632862,0.0,0.0,0.0,0.0,2.103803720955957,Lung Adenocarcinoma,0.5706945991138273,0.5629635963889505,0.6056588613895041,-0.22206130452078846,0.3280934374563133,0.05080554877054844,1.6202693302393907,0.6241178605781569,0.2212147775950561,0.8093741594651115,0.8967590872212151,-0.019351837755142796,-0.05122103781268263,-0.09945590345798433,0.5210308972430241,0.9212488642246236,0.47691835205913585,-0.21913127061477958,0.382021477775258,-0.7249983144688817,0.5812920966563628,1.1259951038362652,1.1566175545833135,0.7194685182668649,0.8603975437235512,0.7602559093658328,0.8865754083057369,1.3521604037524233,0.8093472038458104,-0.06441494983468306,-0.07085034138308047,0.055492955266540876,0.23649327822891714,-0.339561588309559,-0.7860843634727723,-0.09857677079411623,1.7408742971918083,0.354102441303615,1.5488228743250825,-0.09149273134421695,0.11507241732309365,0.49994899580867513,-0.9295190752851036,0.6576617004456924,1.7195958525820338,-0.4817317845806867,-0.04249315328465147,1.5931974648862721,-0.9812368689415074,0.6183489904576113
TCGA-80-5608-01A,0.06053942806882012,0.013834654750919499,0.0,0.444476410392351,0.0,0.0,0.0,0.0,0.0,0.012076489843824268,0.0,0.0,0.01996881713315071,0.0002817809638471156,0.0,0.0,0.0,0.0,0.01625620857938423,0.0,0.0,0.02729602250530968,0.0,0.0,0.0,0.003515381294859701,0.0,0.007456207991980723,0.0,0.0,0.0,0.1421406552198694,0.0,0.0,0.0,0.0,0.0,0.0,0.0,0.0014240273648388902,0.0,0.0,0.0,0.0,0.0,0.0,0.0,0.0,0.0,0.0,0.0,0.0,0.0,0.0,0.0,0.0,0.0,0.041042025336743664,0.0,0.0,0.0,0.0,0.002871796231175633,0.0,0.0,0.0,0.0,0.0,0.0,0.003952059575315158,0.0,0.0,0.07767715476939611,0.05767378152119667,0.0,0.0,0.0,0.0,0.0,0.0,0.0,0.0,0.0,0.023081507079799942,0.0,0.0,0.0,0.044435591377217566,0.0,0.0,0.0,0.0,0.0,0.0,0.0,0.0,0.0,2.2380461031287955,Lung Adenocarcinoma,0.1781690601288852,-0.6683228654127145,1.070399157156804,-0.44572724728704394,-0.7467466666111672,-0.7695689049446108,-0.3639501052348217,0.12732643350037146,1.669930257619655,0.4156971893978638,0.12302637350933708,-0.09473813695161834,-0.16036507516112755,-0.936782186456559,0.9559849179116828,1.6705027521290972,1.0183347314726585,-0.09137051317109042,0.837454990879529,0.09502158229999288,0.99926980369555,0.5519117265321791,0.06832855531386421,-0.002684166377456941,-0.36655136468322747,-0.10409511552074471,-0.16807962710400837,0.967433078576998,-0.4177128045683157,-0.31983960649411625,0.2705114777322334,-0.2684042663305336,0.08599754617562815,-0.1991019728025778,-0.34542527070107326,0.4506506211832699,0.550302271498482,1.014454557028068,0.8393984453869899,-1.0452057245833417,-0.16405109744596788,0.14133250956384286,-0.4450061063073991,0.04070092600346254,0.04995565338678031,-0.0241904045028572,-0.38474729161042776,0.5687724583022844,-0.4294902405884928,0.6350064727285505
TCGA-80-5611-01A,0.0001197757460229436,0.005126896961024671,0.0,0.09504412320229562,0.0,0.0,0.015846654725417048,0.009762207286061744,0.0,0.0,0.0,0.0,0.014206108523656974,0.0,0.0,0.0,0.0,0.0,0.010286531105609557,0.0,0.0,0.007085372025763417,0.02751429971112161,0.01318258377913492,0.0,0.0,0.05280611427151897,0.04934633600013985,0.04971631627115186,0.0,0.0,0.11647656124938569,0.0,0.0,0.003836277756169869,0.0,0.0,0.10334594157685541,0.0,0.0,0.0,0.0,0.0,0.0,0.0,0.0,0.05130545625952212,0.0,0.0,0.0,0.0,0.07456521252358855,0.0,0.0,0.01703461234998139,0.0,0.0,0.0,0.0,0.0,0.0,0.01425051845283102,0.0,0.02789694555780303,0.0,0.0,0.0,0.0,0.0,0.0,0.0,0.0,0.0,0.07721608449724902,0.0,0.0,0.0,0.029329812398943552,0.0,0.0,0.0,0.0,0.0,0.005653467176991592,0.008798305541790058,0.08105666698665882,0.0,0.03088029231582637,0.0,0.00831052574748447,0.0,0.0,0.0,0.0,0.0,0.0,0.0,2.2833012287035497,Lung Adenocarcinoma,0.23628369063666443,0.8891989760325367,0.3778167731187043,-0.8010571176505601,-1.1987242745372795,-1.137437775096414,0.5049891385678558,-0.2819645463470745,0.9519646218866082,-0.33170484631602465,0.6537059974362697,0.8783649731674842,1.2905272436841753,-1.2525560846447064,-0.7470037844352422,-0.16624708284000542,1.1206872244050474,1.0243231478742791,1.4667368101736793,-0.7939504185596322,0.37272335836487297,0.4518451745363176,-0.03807823648375017,1.035801386160345,0.49424356786393053,1.062050033672577,1.094153667751385,-0.26384704234375683,-0.13063553966196775,0.6189910332539977,1.413688014010831,0.9519254795284343,0.39767385200810057,-1.3330562286882186,-1.4636473507859,1.0813181179689684,0.5131920634121017,-1.1796367309845508,-0.24855174779309674,1.3492503789745554,0.35026469319136544,0.9691102399355523,0.9557293787529492,-0.9491310591825666,0.1027586903111871,0.26561037781772545,-0.8682160559058173,-0.18985439757023348,-0.9174334766229686,1.7275830135907906
TCGA-83-5908-01A,0.017481963406272075,0.11927600361563419,0.0,0.18428582702493665,0.0,0.0,0.000375581500288387,0.0,0.011842703692626544,0.0,0.0,0.0,0.0,0.0,0.0,0.0,0.0,0.0,0.17596371224796215,0.0,0.007445056850420893,0.0,0.0,0.0019257825230582105,0.0,0.0,0.0,0.019761073524448506,0.0,0.0,0.040084753701509566,0.0,0.0,0.0,0.0,0.0,0.10405570071183655,0.0,0.0,0.0,0.0,0.0009076630392310191,0.0,0.0,0.0,0.0,0.11113716560992971,0.0,0.0,0.0,0.0,0.0,0.0,0.0,0.0,0.0,0.0,0.010558338504125483,0.010122752631209066,0.0,0.0,0.0,0.0011237244315323146,0.0,0.0,0.0,0.0,0.0,0.0,0.0,0.0,0.0,0.0,0.0,0.0,0.07224781356089566,0.0,0.0,0.0,0.0,0.0,0.0,0.0,0.035077571861355086,0.07632681156272791,0.0,0.0,0.0,0.0,0.0,0.0,0.0,0.0,0.0,0.0,0.0,0.0,2.3324384599156054,Lung Adenocarcinoma,-1.4690166733885812,1.6452793758993378,-0.33312467567579024,0.0637889841734762,1.4192674712382358,0.8182918637232987,1.5305040701958414,-2.0345067609167664,-0.8468580522599445,0.4245138194604475,1.6820690364337039,0.24858906873393163,1.5222233172875206,0.42028648291366866,-0.753671663758169,-0.7497031653525793,-1.299907545195078,1.589768740282125,-0.1081925167011992,-0.14758877350286911,-1.353275717672545,-0.10986291448215124,1.332134613053064,1.2205947458780388,1.4510083379033238,1.698782937591241,1.934650173110148,-2.0300332205934084,1.3816353357854627,1.9344777124518089,0.4473057200306128,0.9726054612524088,0.8278751121892616,-1.0024845302084238,-0.02303421514962666,-0.9207112704444197,0.7294801086827746,0.3229871189074778,-1.0493415183333978,1.860534323986653,-0.4543344847814749,-0.2968828922494196,0.49766554361450765,1.0800901892202583,1.7486939282994332,0.6982369994042317,0.6862570204472839,0.0997582582854613,0.06831953499852363,-0.7655429779883176
TCGA-86-6851-01A,0.0,0.02219875869374715,0.0017398224897839504,0.3452013368907724,0.0,0.0,0.013507109312830381,0.0,0.0,0.0,0.0,0.0,0.0,0.0,0.0,0.0,0.0,0.0,0.07410806144907775,0.0,0.0,0.0,0.0022726561403352656,0.0,0.0,0.0,0.0,0.007057066959150248,0.0,0.0,0.0,0.1660751584070987,0.0,0.0,0.0,0.0,0.050088378290660346,0.0,0.03267233341731237,0.0,0.0,0.0,0.03828141889103278,0.0,0.0,0.0,0.03326219064016667,0.0,0.0,0.0,0.0,0.0,0.0,0.0,0.0,0.0,0.0,0.0017485940746529748,0.020521548108622365,0.0,0.0,0.0,0.04395849304825295,0.008818695426265516,0.0,0.0,0.0,0.0,0.005718596684100782,0.0,0.0,0.0,0.0,0.0,0.0,0.0,0.0,0.01963839220278515,0.0,0.0,0.0,0.0,0.0,0.01657147072572132,0.0302795983148,0.0,0.0,0.06628031983283099,0.0,0.0,0.0,0.0,0.0,0.0,0.0,0.0,0.0,2.9459607035775686,Lung Adenocarcinoma,-1.912982053763064,1.5676187699145128,-0.36350404416685617,-0.5603447606798979,0.22429970604949673,0.43270272173689306,0.6734677014654759,-0.9190046856755785,-1.487152567091196,-0.13905528502917278,0.7798019614308157,-1.1548412459439652,-0.6663081636900469,-0.7746878896313596,-0.14850143804711574,-0.5148649126231246,-1.00047632581613,-0.5812431680779557,-0.8860720656081491,-0.614186156625164,0.885057921426073,-0.44746412622580256,1.051488363195494,1.1994830179106788,0.7588619437372635,0.7899150168778324,1.2075488109759887,0.5111641870423417,0.5009483888876639,0.3780781051229128,-0.819019510732593,-1.3164806566548786,-1.3467269661703005,-1.1506659355963051,-0.18251614409553354,-1.6668282447115308,0.03495391758667539,-0.2751430303818423,-1.220058547780004,0.621537363478074,-0.3538704504889812,-1.2033874171077723,-0.37691868339696166,-0.12758417721938928,-0.07193876864000494,-0.33453084833075725,-0.5486219885239404,-0.8777469889867726,0.23584596441377326,-0.9809491873917366
TCGA-86-7701-01A,0.020517861781418546,0.002721039679722857,0.0,0.4140154479221159,0.0,0.0,0.0,0.0,0.0,0.0,0.0,0.0,0.0,0.025772423072919673,0.0,0.0,0.0,0.0,0.0012108885075692933,0.0,0.0,0.0224605495194492,0.0,0.0,0.07208184355854898,0.0,0.0,0.0,0.0,0.0,0.0,0.09094518606382967,0.0,0.0,0.0,0.0,0.0,0.0,0.0,0.0,0.0,0.0,0.0,0.0,0.0,0.0,0.0,0.0,0.0,0.0,0.0,0.04584815353810968,0.0,0.0,0.0,0.0,0.0,0.006114437661553914,0.02185703065371634,0.0,0.0,0.0,0.006016014243909542,0.0,0.0,0.0,0.0,0.0,0.0,0.0,0.0,0.0,0.010625062510379446,0.0,0.0,0.0,0.0,0.02090973806609623,0.0,0.0,0.0,0.0,0.0,0.023343455697542648,0.041976818708830785,0.0,0.0,0.10364115694833897,0.0,0.0,0.0,0.0,0.030312918664999734,0.0,0.0,0.0,0.03962997320094844,2.287801729930226,Lung Adenocarcinoma,-0.9791635873379241,1.0474831470857568,1.2674439676150366,0.9471703254176592,-0.6399181709803886,-0.21598663983160726,0.3325356854234396,-0.6307572707137697,-0.6614585744182494,0.14097800522249587,0.983431132097451,-1.2054429142385836,0.3540706638630444,0.5418067268163582,-0.12435865183358036,0.6203764907452253,-0.45050137647058575,0.6878881982317293,-0.19660850149973016,0.2519508025878782,0.039375286739537406,0.3418528559280032,1.4134504239614318,0.6932325507642991,0.45585421581466223,0.02717873933837517,0.6545463427655012,-0.9590880345193468,0.8896606506575023,0.2307373549207238,0.5181395626414976,0.10580849508639131,-0.328701758206027,-0.6175845668345913,0.14890073959277578,-0.5161606727439108,-1.3365617498626783,1.824553593764145,-0.3362890894977518,0.3756869958215196,0.933440795347575,-0.4991337123500592,0.6437158523331113,1.4485409108719454,0.246740817113742,0.5063469366388156,0.6721279684783394,-0.009399602509434512,0.3991518297950445,-0.861386485518596
TCGA-86-7711-01A,0.03201391745598309,0.07862659600586423,0.0,0.22816730230972077,0.0,0.0,0.02533623689392087,0.0,0.0,0.0,0.0,0.0,0.009823071249996783,0.012343922140565226,0.0,0.0,0.0,0.0,0.07492469097773351,0.0,0.015244024690431094,0.0,0.031920374879117495,0.001539849782940946,0.0,0.0,0.02658569289258063,0.03642551394940394,0.049873406522535246,0.0,0.0,0.14617361539788223,0.0,0.0,0.0,0.0,0.0,0.0,0.0,0.0,0.0,0.0,0.0,0.0,0.0,0.0,0.017316374515674637,0.0,0.0,0.0,0.0,0.0,0.0,0.0,0.0,0.0,0.0,0.004499553371599796,0.0011240181123538182,0.0,0.0,0.0,0.0,0.03182341470181768,0.0,0.0,0.0,0.0,0.0,0.0029278233927706415,0.0,0.0,0.04365912550582452,0.0,0.0,0.0,0.0,0.0,0.0,0.0,0.0,0.0,0.0,0.03875698033743109,0.035244612253017095,0.05564988266083463,0.0,0.0,0.0,0.0,0.0,0.0,0.0,0.0,0.0,0.0,0.0,2.357934847000454,Lung Adenocarcinoma,0.6560644775085781,0.5547019684334363,0.9365721868984617,0.15720785348146404,-0.2649288598115871,0.2605985348915919,0.5247366664110559,0.46056895414175353,0.873291457744321,0.3754998983323565,0.8858015295116586,-0.7001959426091748,0.37933017150671167,0.6429973892592261,-0.022810312243661424,-0.05036498416169573,-0.14492170610792135,0.674848280468727,0.9557301857088906,0.5306060381589314,0.36975904227990436,0.7970250113690501,0.10971202111926594,1.565697027746912,1.3337055399217737,-0.3052300185394728,0.16172557593976927,-0.3937369503922437,0.6786441449304448,0.4184748909935456,1.5486192087818262,0.13229559649028416,0.5194953302501659,-0.2453348070313805,-0.1989277629885263,-0.2915820539411195,0.6553972950800068,-0.6068400409666752,0.3460352818687925,2.194553974120254,0.5227174702877139,0.8733770777693247,0.8091065264123826,0.4279526452710229,1.3048490228633782,0.6352504051293612,-0.07360373175765358,0.40227717745942804,-0.370649109215307,1.257237199103519
TCGA-86-7713-01A,0.030919395962390434,0.0,0.06207882883924373,0.35408036002996157,0.0,0.0,0.04650094770339002,0.08138332969916062,0.0,0.0,0.0,0.0,0.0,0.0,0.0,0.0,0.0,0.0,0.017342717101914904,0.0,0.0,0.0,0.0,0.005744771014203804,0.0,0.0,0.0,0.0,0.0,0.0,0.0,0.06179724445078101,0.0,0.011445092308123026,0.0,0.0,0.0,0.0,0.03551984665324998,0.0,0.0,0.0,0.0,0.0,0.0,0.0,0.0,0.0,0.0,0.0,0.0,0.0,0.0,0.0,0.036671935951708576,0.0,0.0,0.0,0.0,0.03126351334869041,0.0,0.0,0.07922253107935479,0.0,0.0,0.0019138760489126742,0.0,0.0,0.0,0.0,0.0,0.0,0.0,0.0,0.0,0.0,0.0,0.02063675276621193,0.0,0.0,0.0,0.0,0.0,0.022230121128642283,0.0353930674816286,0.0,0.0,0.0,0.0,0.0,0.04671675174452675,0.0,0.019138916687904867,0.0,0.0,0.0,0.0,2.1986570869544226,Lung Adenocarcinoma,-0.8898839176325344,-1.4046241546913396,-0.30458732038968767,0.09387973576869153,-1.0491439875848623,-1.0267717668501568,-1.9897284590731628,-0.6385232335852997,-0.6935994052226642,-1.1820650950411487,-1.1803431414410985,-0.3632996527575486,0.22918201116371334,-1.628733349774986,-0.7367048368628544,-0.5325511377066067,-0.9355107803502773,0.39456282043465235,-0.1937485907144726,0.4347362803384209,-0.7860049019358873,-0.7790300833992537,-1.0017594476026805,-0.9900633978272654,-0.6101525002067895,-0.3831450895986178,-0.8514770473353169,0.518448622086974,-0.9095228292066928,0.7733320524461359,-0.5208040287443424,-0.07970511916021174,0.7864774877405311,-1.5681776173513802,0.04623908784920567,-1.0286424693943323,-1.1657766327568098,0.12205417855400884,-1.1862950008588071,-0.3430925156969118,-0.5309502362989932,-1.6762473850109352,0.2737639484855879,-0.6073968407585618,-0.967811988621849,0.11439050087886646,-0.14274955986896679,-0.9577203916018061,0.2520522699174725,-1.394718229978137
TCGA-86-7954-01A,0.0689402240461811,0.04028877193958197,0.0,0.10051166981280121,0.0,0.0,0.0044216325023911035,0.0015246471495822264,0.0,0.007946231939069561,0.0,0.0,0.0,0.048725236756492,0.0,0.0,0.0,0.01449788522452912,0.05493735637083901,0.0,0.03791839509467028,0.0,0.0,0.0,0.0,0.0,0.00860256645010218,0.0005648793121455062,0.014347330114430715,0.0,0.011669017852090771,0.03606377400608248,0.0,0.0,0.0,0.0,0.029198407947687646,0.03025516825148374,0.021800430240702173,0.0,0.0,0.002055346779392647,0.0738186964745883,0.05086536629896631,0.0,0.0,0.0,0.0,0.0,0.0,0.0,0.05450621937436487,0.0,0.0,0.0,0.0,0.0,0.0,0.04368648129145365,0.0,0.0,0.02829637111742379,0.0,0.09058505912961357,0.0,0.0,0.0,0.0,0.0053778825409190375,0.004618560203886803,0.0,0.0,0.0377324427520279,0.0,0.0,0.0,0.015327347071070163,0.0,0.0,0.02847426957827046,0.0,0.008877652822896272,0.0,0.007379532581509503,0.01618514697275383,0.0,0.0,0.0,0.0,0.0,0.0,0.0,0.0,0.0,0.0,0.0,0.0,2.271841606536499,Lung Adenocarcinoma,-0.5567901286586123,1.1416810059389473,0.8502279903002266,0.05669281080234142,0.06662036780826605,0.17086810590068877,0.634492351819341,-0.135892610920976,-0.9612327205486416,0.3968113718393568,1.2378642484623958,-0.4491087379310033,-0.18423837897462972,-0.5129012659432969,-1.0446672376280186,-0.8729757042209353,-0.32473377493418776,-0.23284717835989863,-0.27003484465503946,0.7105143190270132,0.023800390510239768,-0.9355856550456556,0.729791476686951,1.506334122002332,0.9457939612604026,2.137948560660196,1.8806516656743786,-0.22340469390046672,0.5663050308438374,0.41576405640147235,-0.21403957962685452,-0.5937106289677896,-0.42280977494043626,-0.4222311595667298,0.958921281515396,-0.7040484035704271,-0.22524354637421018,-0.140411384947591,-0.16259268117309061,1.0368754161277867,0.5746346973387807,0.22174685040930245,-0.08623331141710884,-0.31680846752061176,-0.06279611333556775,0.02543428180600792,-0.45863654492460626,0.23776983397602347,-0.13116179547618242,0.15824100912287947
TCGA-86-7955-01A,0.0024973125953086667,0.02231794698331711,0.0,0.15971797638235105,0.0,0.008903804763942237,0.06770667644560475,0.0,0.0,0.0002616776619921514,0.07465092027901027,0.0,0.0,0.0,0.0,0.0,0.0,0.0,0.03084561321706782,0.0,0.0,0.0,0.016703490984744388,0.0,0.0,0.0,0.019813811044828284,0.0,0.0,0.0,0.0,0.09514392745095651,0.0,0.0,0.0,0.002659518167152937,0.0,0.00018442927269598564,0.0,0.0,0.0,0.0,0.0,0.0,0.0,0.0,0.04902123831608301,0.0,0.0,0.0,0.0,0.0,0.0,0.010634253282908809,0.0,0.0180575415369162,0.0,0.0,0.04177951475853464,0.0,0.0,0.04138135908244776,0.03301837470875691,0.02247500905501837,0.0,0.0,0.0,0.0,0.011010515104014813,0.0,0.0,0.0,0.0,0.07422851697819655,0.0,0.11460735371965443,0.0,0.0,0.0,0.0,0.0,0.0,0.0,0.03844083376523764,0.0439383844432587,0.0,0.0,0.0,0.0,0.0,0.0,0.0,0.0,0.0,0.0,0.0,0.0,2.499687082618404,Lung Adenocarcinoma,0.46423857277421715,-1.819660881714732,0.2641499246433237,-3.3485706208839416,-2.2298770727688653,-1.7878999588428701,-1.9068791856910936,0.008105936222343907,1.4567221109803794,-2.2240053685772736,-2.1873560415842115,0.7670609403675321,0.7646475382302627,-2.4912034856440504,-0.6289689583612873,-0.5325933220308796,0.3729445670573295,0.5676431326439747,1.5347933715832016,-0.4491905753155926,-0.4038060477547741,-0.5922966591283881,-2.171125664185243,-1.8174993382544762,-1.6180936740841634,-0.9752411445422118,-1.3409272269877974,-1.8056502895493771,-2.6717481157266287,0.3125903665302779,1.183709354104518,0.8278666288260458,1.4853200971596352,-2.1311239712221544,-2.7186255312534247,1.1432375033092457,-1.5515534392072852,-2.7348673705164703,1.0938646625576316,-0.6343378527927895,0.5920321478221052,-0.18343899342385692,0.981451684382853,-1.4624068324232533,-1.316007024403021,0.8843120605092114,-1.6414212992035215,-1.6953325738376053,-0.6241375152727457,-0.39861878795303973
TCGA-86-8054-01A,0.00682892349934173,0.03632482691578819,0.0,0.3412711238898993,0.0,0.0,0.003057230861357542,0.0,0.0,0.0,0.0,0.0,0.0,0.0,0.0,0.0,0.0,0.0,0.005008194614950763,0.03842792278258728,0.0,0.0,0.0,0.0025073415420440786,0.0,0.0,0.018987217695421412,0.0,0.0,0.0,0.0,0.21407530342569925,0.0,0.0,0.0,0.004349752360044489,0.0,0.0,0.0,0.0,0.0048626354238199875,0.0,0.0,0.0,0.0,0.0,0.0,0.0,0.0,0.0,0.0,0.042503175449758325,0.0,0.0,0.0,0.006281138324089092,0.0,0.0048013313448291356,0.0,0.01840764110436147,0.0,0.0,0.0,0.04752994821713584,0.0,0.0,0.0,0.0,0.0,0.0019274919221581102,0.0,0.0,0.057651658193910826,0.04819457124335079,0.0,0.0,0.0056913145357199,0.022014349666866658,0.0,0.0,0.0,0.0,0.0,0.02815518775176074,0.03569616175584129,0.0,0.0,0.0,0.0,0.005445557479263784,0.0,0.0,0.0,0.0,0.0,0.0,0.0,2.3384564936046046,Lung Adenocarcinoma,-0.6494680085546715,-1.420669323633489,-0.48518583700455564,-0.1277553415423329,-1.258567158375986,-1.3244832721951958,-1.4074830304731833,-1.1118840916111248,-0.7581935049461695,-0.9096615640606344,-1.3884375778650542,0.8806277614808539,1.4907051005137573,-0.49964887150381193,-0.618111082402127,-0.16445189527892579,-0.8705904267721485,1.5703915290286226,0.7487683710697066,0.6665219097506522,-1.4700268589809868,0.43169050453664337,-0.8656704360569875,-1.5541316129600589,-1.036242226868065,-2.236552406228715,-2.002680413515912,-1.414634885426324,-0.2002119195469352,0.9790470428611788,1.3365364856960558,1.38372586222478,0.4406722276882941,-0.8524556183209857,-0.31122293348143537,0.7562760825754584,-0.8646299369141554,4.0777482759889345,-0.41179937220876184,0.5754883818532345,1.0482348462917148,-1.381782594196922,1.940602021847717,-0.10221991388734777,-0.970543361736386,1.212392858842473,0.1230482235071829,0.056643009255475524,0.07289177813806341,-1.1272152832636746
TCGA-86-8056-01A,0.03750865695837367,0.19013300074002026,0.0,0.0,0.0,0.0,0.12534410328162107,0.0,0.0,0.0,0.02351869225550456,0.0,0.005069730538951595,0.04669512040204146,0.0,0.0,0.0,0.0,0.21523163798295275,0.023985736148381266,0.0,0.0,0.0,0.0012467681672190378,0.0,0.0,0.010718324490562306,0.0045627707451770996,0.004132060377644577,0.0,0.0,0.13430701714045196,0.0,0.0,0.0013885956774978684,0.0,0.0,0.0,0.0,0.0,0.0,0.003122611659554397,0.0,0.0,0.0,0.0,0.02542448665828267,0.0,0.0,0.0,0.0,0.0075197288589453435,0.0,0.0,0.0,0.0,0.0,0.009937256350130479,0.009372209234192866,0.0,0.0,0.0,0.028851034816066465,0.01666693083690092,0.0,0.0,0.0,0.0,0.008760048451034569,0.0,0.0,0.0,0.0,0.0075370555174339125,0.0024500725247859514,0.0,0.00430495492967468,0.0,0.0,0.0,0.0,0.0,0.0,0.0,0.05221139525659811,0.0,0.0,0.0,0.0,0.0,0.0,0.0,0.0,0.0,0.0,0.0,0.0,2.4216039268698313,Lung Adenocarcinoma,-0.4283085887516669,-0.07992476153449575,1.0301505688986483,-0.5789226018877146,0.16581405834555205,-1.0114971763237157,0.38800982210324975,0.44484040117527585,0.4176646769881144,0.3054977290815745,0.2080828145165483,-1.8062218594448074,-1.6914190179125494,-0.9438088833814748,0.1482381265041356,-0.36663173709144536,-0.05394437547562775,-1.5828739743411353,-1.2171245237357387,0.3363095450425402,0.9179730086396984,-0.3451304591072004,0.07544905531498533,0.27097895206690525,0.5008682739160065,-0.47287842484261156,-0.3369437672920401,0.42228052056711063,0.3246693401443973,-0.3977991576428493,-1.568975937319959,-1.8560783056819259,-1.3669003229242314,0.06036642451079888,-0.5771094404452946,-1.0955639781446633,0.5119479792713566,-0.1328669152925293,-0.7859446406275185,0.6023315146133795,1.685043734024809,-0.1912988186353467,-0.7875342672591317,0.7728001080878777,0.6090002192570357,-0.8060146873418264,0.5528286028251691,0.010874365173561077,-0.6535282461404374,-0.17540282492250858
TCGA-86-8073-01A,0.008023358327201807,0.02546673182553705,0.0,0.5447325714194338,0.0,0.0,0.011910531085928456,0.0,0.0,0.0,0.0,0.0,0.0,0.0,0.0,0.0,0.0,0.0,0.02390269853362958,0.0,0.0,0.0,0.0,0.0,0.0,0.0,0.0,0.007406452408601841,0.0,0.0,0.0,0.09858808575998915,0.0,0.0,0.0,0.0,0.0,0.0,0.0,0.01699383395870646,0.007534643076862816,0.0,0.020708649283536284,0.0,0.0,0.0,0.0,0.0,0.0,0.0,0.0,0.01281929526568535,0.0,0.0,0.046904943418993574,0.0,0.0,0.005824849794917013,0.03229736696286216,0.0,0.0,0.0,0.0,0.0007151609868106874,0.0,0.0,0.0,0.0,0.011834144731390968,0.0,0.0,0.0,0.008030913173035068,0.006792312579410408,0.0,0.0,0.0,0.0,0.0,0.0,0.0,0.0,0.0,0.038164042792772176,0.03614103208892451,0.0,0.0,0.03520838252577093,0.0,0.0,0.0,0.0,0.0,0.0,0.0,0.0,0.0,3.17868923977559,Lung Adenocarcinoma,-0.29936833593436385,-0.29481165034206125,1.2917092392052558,0.04331356516779804,0.7614487842867907,-0.5860494614435932,-0.3044605029658966,0.9870048276410649,0.7420150523193252,0.5654632889963869,0.024213373839925313,-1.389697687220697,-0.8757857844539304,0.11677951690418285,-0.043950232525154745,0.02644721179278051,0.16814824976999687,-0.7196477313727508,-0.7650018071106547,0.31964277496548466,1.2271468003202723,-0.5108913277135206,-0.29451357359808217,-0.13534687315291694,0.04492058853353255,-0.3898586088177556,-0.3415975924125031,0.5300477516103408,-0.3472388889394865,0.21054422455436933,-0.4524294907088383,-0.8625697460617509,-0.8362936236897768,0.12098800643390671,0.8828144311152216,-1.1026189528502452,-0.08697260987856315,-0.3696175829689548,1.0026995877388285,-0.8902102610261308,1.227630484375152,0.7862346811305124,-0.07399079041837243,0.4655854745499567,-0.5126993031775763,-0.7102937223469484,0.874835639925781,-0.5458020889209689,0.15839133331459243,0.8908389850039898
TCGA-86-8279-01A,0.0032740458370851128,0.014081259308056798,0.0,0.5873718223632273,0.0,0.02946184096966795,0.0028756037679028624,0.0,0.0,0.0,0.0,0.0,0.0010625667009603445,0.0016122265982570477,0.0,0.0,0.0,0.0,0.014685410310586962,0.0,0.0,0.0,0.0,0.0,0.0,0.0,0.0,0.0,0.004174901827947137,0.0,0.0,0.05270321740217886,0.0,0.0,0.0,0.0,0.0,0.0,0.0,0.0,0.0,0.0,0.0,0.0,0.0,0.0,0.0,0.0,0.0,0.0,0.0,0.005844968806537375,0.0,0.0,0.01321971511952614,0.0,0.0,0.0015146846061321786,0.0,0.0,0.0,0.0,0.0,0.04688259488719193,0.0,0.0,0.0,0.0,0.0,0.0,0.001851568834243085,0.0,0.008736568818251347,0.0,0.0,0.0,0.0,0.0034865151554907227,0.0,0.0,0.12819343926061366,0.0,0.0,0.010653065276550064,0.0,0.0,0.0,0.06831398414959304,0.0,0.0,0.0,0.0,0.0,0.0,0.0,0.0,0.0,2.720159303405957,Lung Adenocarcinoma,0.06471527640590241,-0.5695843685467544,-0.16957802760968985,0.017675657090573893,0.7865591893900195,-0.3039378345628678,-0.04212056686183743,0.1827128140400704,0.6152384737971127,0.2275984526041232,-0.5702874803921044,0.23634788681832197,-0.28035389554555473,0.5395564941051495,-0.25845895240028055,-0.4181314276286935,-0.6894987886912834,-0.6312844870593933,-0.07096548327636742,0.31540587946739346,-0.12601622220247496,0.012638285553161151,-0.9821156893782012,-0.23361625106501502,-0.4906077497958146,-0.9688446453739006,-0.8124860331456747,0.7451037983131784,-0.516412769417639,-0.49678097586150194,-0.44127765093340665,-0.531143206030549,-0.04000471115195078,0.6305956365110627,0.9508413939683332,-0.23502887542346249,-0.11905062250171872,0.6191065153309907,0.15598075822114832,0.1602664724159356,-0.40092653672446793,-0.19105453658904256,-0.707452493313813,0.14506778755455918,-0.41031779814870784,0.3115896853448869,0.04040583436278625,-0.15905490314084766,0.17123226298039337,-0.025173501639534825
TCGA-86-8281-01A,0.014598247593611582,0.007044062291817278,0.0,0.2964331267553792,0.0,0.0,0.048158018407915816,0.0,0.0,0.0,0.0,0.0,0.0,0.0018125276039606094,0.0,0.052727619130621156,0.0,0.0,0.05899521237215474,0.0,0.06259075239000368,0.0,0.0076000627296013935,0.0,0.0,0.0,0.02955480619690704,0.001163674925661448,0.0,0.0,0.012727644723570412,0.09916196220177852,0.0,0.0,0.0,0.0,0.0,0.0,0.019957286428213396,0.0,0.0,0.0,0.0,0.0,0.0,0.0,0.0,0.0,0.0,0.0,0.0,0.0,0.0,0.0,0.0,0.00232409335270234,0.0,0.0,0.05498089920608131,0.0,0.02775430478201493,0.0020069406167704004,0.020214378093873157,0.02581931863058277,0.0,0.0,0.0,0.0,0.0,0.0,0.0,0.0,0.04232869830187609,0.0,0.0,0.0,0.0,0.0,0.0,0.0,0.07983407559191003,0.0,0.0,0.0,0.026217086401091907,0.0,0.0,0.0,0.0,0.0,0.0,0.0,0.005995201271900833,0.0,0.0,0.0,0.0,2.4099331233312946,Lung Adenocarcinoma,0.8075220300255352,-0.8042705337436425,0.2567491467009335,0.07614887548140141,-0.15013648565808402,-1.2273353682945054,-0.7540350134929519,1.1286106160105651,1.0731847183391132,0.1657164732256511,-0.48533095709758295,-0.26939631939709435,-1.5884399914020377,-0.8442884930899817,-0.056331512105861854,-0.3392397586889038,1.794666043743737,-1.7296411886873293,-0.9999449233539989,0.06776130281654993,1.9876951878661464,-1.5188336292865954,-0.9856827338626785,-0.8568605945098335,-0.8315754848037059,-1.2360312705729584,-1.1270741906785793,0.7169748235935373,-0.7146866924075765,-1.2279446049123417,-1.0922517220634709,-1.1269961501290293,-1.2292674504204497,-0.024841326594636618,0.2004995717770716,0.08382166393728359,0.9719592704074953,2.1717757216062945,0.8997360736025445,-1.3778488270616596,1.2446559003717865,0.8907822906301786,-1.5692326191158317,-0.23299658528916936,-1.2967185418471194,-1.1963124826293714,0.12011340250315446,-0.50699658641753,0.6094167706718492,1.1295053309669778
TCGA-86-8359-01A,0.04571533550681021,0.014984434711233901,0.0,0.2699092805405686,0.0,0.0,0.0,0.0,0.0,0.0,0.0,0.0,0.0,0.014987681606119185,0.0,0.0,0.0,0.0,0.021939726631371753,0.0,0.016491638565916275,0.0,0.0025366888242682553,0.0,0.0,0.0,0.02103021698383315,0.0,0.06440926880300428,0.0,0.0,0.21883589881623025,0.0,0.0,0.0,0.0,0.0,0.0,0.0,0.0,0.0,0.0,0.0,0.0,0.0,0.0693586038964459,0.0,0.0,0.0,0.0,0.0,0.0,0.0,0.0,0.0,0.0,0.0,0.021146242320541176,0.0,0.06773992510069658,0.0,0.0,0.0,0.0,0.0,0.0,0.0,0.005322594983707596,0.0,0.0,0.0,0.0,0.0,0.0,0.0,0.0,0.0,0.0,0.0,0.0,0.0,0.0,0.0,0.07096476947706092,0.031917157662140434,0.0,0.0,0.04271053557005154,0.0,0.0,0.0,0.0,0.0,0.0,0.0,0.0,0.0,2.2121876044039577,Lung Adenocarcinoma,-0.3813044215129477,0.5782295770692597,-0.4645712958680314,0.4189517009235883,0.27649111176943636,0.3861288306390659,0.15192340886656505,-1.4886927557694776,0.05953339953805972,0.34593904987862895,0.6425675198787735,-0.7443989732032131,-1.0800545720068242,0.3352449964849293,0.3575692696200636,0.20883551383466617,-0.5609430912375538,-1.033139070242363,0.5404800115734872,0.7786475718626982,0.6365482382382057,0.5951473141174181,1.0246497083422406,0.7842993745380539,0.7949613461610558,0.18277251747573184,0.398500103535772,-0.3055088938793679,0.6415269903274893,-0.9727175846512363,-0.516112624383406,-0.9057101228059555,-0.13116594479602783,-0.3364320739706917,0.28685444236591773,-0.41973374982724876,0.8380200198674561,-0.6866926436907771,-0.7719624426127135,0.46816377969088213,-0.22176179175102015,-0.1939363213613144,-1.7426980528500162,0.8005881503454653,1.3245705808574073,0.3072667164166747,-0.26665826246814767,0.9289395589091701,-0.4008939064249049,0.5551765117450248
TCGA-86-8585-01A,0.0039795067533109785,0.045777258403520135,0.0,0.36176439185428433,0.0,0.0,0.0026269846869578194,0.0,0.0,0.0,0.0,0.0,8.176196879538072e-05,0.03394368695783902,0.0,0.0,0.0,0.0,0.0885951626484577,0.0,0.0,0.0,0.01979678485264956,0.0,0.0,0.049907556896188296,0.0,0.0,0.0,0.0,0.0,0.12866302956220396,0.07782052945819087,0.0,0.0,0.0,0.0,0.0,0.0,0.0,0.0,0.0,0.021017693840882503,0.0,0.0,0.0,0.01690940170450438,0.0,0.0,0.0,0.0,0.0,0.0,0.0,0.027447596629584896,0.0,0.0,0.008360185325858811,0.007041056535398292,0.0,0.0,0.0022372340887585837,0.0,0.005696514577700987,0.0,0.0,0.0,0.0,0.0161436964446966,0.0,0.0,0.0,0.017290719374941022,0.004120504684590085,0.0,0.0,0.0,0.0,0.0,0.0,0.014045019249603623,0.0,0.0,0.0,0.02627624243123065,0.0,0.0,0.02045748106985147,0.0,0.0,0.0,0.0,0.0,0.0,0.0,0.0,0.0,2.749736315569061,Lung Adenocarcinoma,-0.037659859933134386,0.8618638115830081,-1.2432650134386434,-1.281019076840372,-0.5906993322614991,0.4258527161442308,0.2596141140680419,-0.49162466759274165,0.4302357018188622,0.4474749427910941,0.3467254286320464,0.4914779179743855,0.28949666007814784,-0.15499355475090043,-0.13968210429320288,0.23008305464946072,-0.16292023738779027,0.14537765452660473,0.4380334877041064,-1.038257924379295,-0.49385235442429787,0.9230038463339261,-0.442133336001303,0.5485913636471454,0.2561409932107331,-0.40335245615785403,-0.0946882182247092,0.6814809886570512,-0.10147649234602066,-0.04560791491788029,-0.25521182788795155,0.032491802882976914,0.01979336875921625,-0.42898519004194297,-1.8246057086015983,0.5277339660931494,0.31822416739111575,-1.4447119867071057,-0.2274896336600288,-0.411030058566311,-0.8110498611678201,0.3438120262547564,-0.3304218701870324,-0.3133047470835135,0.49286920019365205,-0.35705128726395907,-1.489748803961334,0.9986502133293785,-0.7276965510290597,0.24293139235888148
TCGA-86-8669-01A,0.04425309219091902,0.0,0.0,0.16164971212867296,0.0,0.0,0.0,0.03267601225894546,0.0,0.0,0.0,0.0,0.005842091720167455,0.08072216087152143,0.0,0.0,0.0,0.0,0.03001989620299292,0.0,0.0,0.0,0.01794611509994458,0.0,0.0,0.0,0.0,0.009516781049506162,0.010119214555187765,0.0,0.0,0.041403048344891544,0.1410030027496294,0.0,0.0,0.0,0.0,0.07288892647971906,0.0,0.0,0.015276468016454235,0.0,0.009764581329204835,0.0,0.0,0.0,0.0,0.0,0.0,0.0,0.0,0.07957414347139627,0.004703584160582456,0.0,0.0,0.007945027599105562,0.0,0.0,0.012754184973465641,0.0,0.0,0.0,0.06934629784128184,0.0,0.0,0.0,0.0,0.0,0.0,0.0019624558699414194,0.0,0.0,0.0,0.053010784623502796,0.0,0.0,0.0,0.008336041660525477,0.0,0.0,0.0,0.0,0.0,0.0,0.03670845796372487,0.0,0.0,0.052577918838716764,0.0,0.0,0.0,0.0,0.0,0.0,0.0,0.0,0.0,2.1367205671564067,Lung Adenocarcinoma,0.16288897811569422,-0.2711734714363121,0.709173246164244,-0.4763936171652603,-0.6357987726037814,-0.8917978384283343,-0.6484628307579947,0.9084790750864793,0.34524542565956146,-0.3955961939290917,0.04297495144781638,-0.707642916270721,-0.9697031356142857,-1.0840153491762856,0.5147154370925416,0.731001111137664,0.8060450420643327,-1.0148124688140185,-0.3023361742389192,0.11173671655497894,1.226492744481815,0.39942676060633825,0.7244190662461737,-0.33199736209280617,-0.05772407935045005,-0.8994787429670082,-0.8484677457006272,-0.7851799316997766,-0.045702071672565646,-0.8509831106522224,0.08758029928413398,-0.6911301943344389,-0.16795200883863198,0.06264433386484561,-0.47547928464014055,-0.250080970583386,0.34715160230675973,0.5097259434635227,0.5252260425909295,-0.15502825654898592,0.07953903967330989,0.3197942531703469,-0.5327859899455271,-0.5833030563215387,0.026153892993435724,0.0840823308371889,-0.655043642409893,0.5668650583046692,1.3722589165394374,0.5248111472827989
TCGA-86-8672-01A,0.0,0.055105427963662204,0.0,0.08940552204685717,0.0,0.0,0.0,0.06371763141148776,0.0,0.0023897760224269363,0.0,0.0,0.005876228959311301,0.0,0.0,0.0,0.0,0.0,0.01301426024259548,0.0,0.0,0.0,0.0013124935780895804,0.0,0.0,0.0,0.0,0.0,0.0,0.0,0.0,0.13949584200926213,0.0,0.0,0.0,0.0,0.0,0.0,0.0,0.0,0.0,0.0,0.0,0.0,0.0,0.0,0.1818930084077169,0.0,0.0,0.0,0.0,0.0,0.0,0.0,0.13731472335786118,0.0,0.0,0.0,0.03466194614906215,0.0,0.0,0.02667096184185664,0.0,0.015246091324719524,0.0,0.0,0.0,0.05431903209427448,0.018491576381973667,0.0,0.0,0.0,0.0,0.10842718154645004,0.0,0.0,0.0,0.0,0.0,0.0,0.012710495302444738,0.0,0.0,0.03994780135994793,0.0,0.0,0.0,0.0,0.0,0.0,0.0,0.0,0.0,0.0,0.0,0.0,0.0,2.48572142648158,Lung Adenocarcinoma,0.05495115062442785,0.8455579788792246,-0.38030477170761107,-0.15366435976744772,0.37412779748096153,0.9614749538881896,0.7093738419943143,-0.673331474007897,0.8743255504140565,0.37393790797004256,0.8466000912952768,0.4128761484219072,0.19389739373570722,1.059449261380662,-0.005706095577009409,0.2471341653342484,0.08036755341186226,0.022280729049419763,0.8524847181948086,-0.5270604557141114,-0.3365475331813884,0.716220076304958,0.3701145489453453,0.7673424219093689,0.5883446763960722,0.6175003774029687,0.7066324847154363,-1.158843902628241,0.2593745716728698,-0.4713045651164385,1.264112809846232,0.5310543645593601,1.1003777317819874,0.18442853746064386,-0.38045193928253923,0.16468068429206692,1.2573424389950698,-0.7238515457942257,0.04673881667675353,0.5752732065704425,-1.0950313508279053,1.6287405526206102,-1.0234825616916077,0.4149233708465478,0.7722571587349788,0.746405356811389,-0.4619538499175536,1.1246836181576552,0.06364556832621454,1.110172613521322
TCGA-86-8673-01A,0.006624824775812107,0.023807844103979438,0.0,0.42680777088149746,0.0,0.0,0.0,0.0,0.000639628171440233,0.0,0.0,0.0,0.0,0.0,0.0,0.0,0.0045718913183769435,0.0,0.027347850205731047,0.0,0.0,0.0,0.0051642584239838425,0.0,0.0,0.0,0.0,0.0,0.0012751194711416178,0.0,0.0,0.11160832748896345,0.0,0.0,0.0,0.0,0.0,0.0371770591985551,0.0,0.0,0.0,0.0,0.004673894820702581,0.0,0.0,0.0,0.0,0.0,0.0,0.0,0.0,0.02333635507930316,0.0,0.0,0.0,0.0,0.0,0.02157418307629566,0.006399546804922072,0.0,0.0,0.0,0.0,0.029416811465208238,0.01332568704279396,0.0,0.0,0.0,0.013796530123000464,0.0,0.0,0.0,0.027016335501991146,0.010456826880071327,0.0,0.0,0.0,0.0,0.0,0.0,0.035355254848286936,0.0,0.026090628204716398,0.045340681150066786,0.06173756488714289,0.021268784275410263,0.0,0.007402166452349796,0.0,0.0,0.0,0.0,0.0,0.0,0.0,0.0,0.007784175348256951,2.6720978579357175,Lung Adenocarcinoma,-0.01805899816573692,0.008147835553498167,-1.5182838401485088,0.5816704953485017,0.14266087070406128,-0.841652184355663,-0.5246709226476419,-0.6256617508623331,0.0283366230580763,0.7351017409663748,-0.2976825546752461,0.5292211514213083,0.13071437878503117,0.4202937419518074,-0.36255125690236223,-0.005472275189338877,-0.5264974872397415,-0.14184801945615994,0.669612219532463,-0.06253244688410083,0.29580065628446023,0.4987476124452452,-0.5289124050960943,0.3191656032385752,-0.2379234624215323,-0.30779202577401665,-0.30557718381562515,-0.7121586322751735,-0.30569707561955856,-0.6402267490945535,-0.43199875882917893,0.2041013337433444,0.6358576058686481,1.060748251564669,-0.5502069718311994,0.3607904878112654,-0.17995425970177062,-0.8851767166435779,-0.18163802379889551,-1.6797545775921685,-0.7707525818985167,0.40112378905489804,0.06594871967891128,-0.06033746159599588,-0.07217573929237844,0.33993328426223934,-0.725187679263992,1.9810867565457777,1.0062015718176276,-0.07413536157060102
TCGA-86-8674-01A,0.0,0.07759987027079002,0.0,0.3885397709441759,0.0,0.0,0.0,0.0,0.0,0.0,0.0,0.0,0.012529128662863952,0.0,0.0,0.0,0.0,0.0,0.009919610518314486,0.0,0.0,0.0,0.0017713246438452546,0.0016985338709437313,0.0,0.0,0.02381547663993751,0.0,0.0,0.0,0.0,0.1995355569317386,0.01611772833944584,0.0,0.0,0.0,0.0,0.01025005326934216,0.0,0.0,0.00442798200392189,0.0,0.0,0.0,0.0,0.0,0.003573356335455415,0.0,0.0,0.0,0.0,0.0008351542548016849,0.0,0.0,0.07806546039387212,0.0,0.0,0.0,0.02699020222246023,0.0,0.0,0.0,0.0,0.013945537378194766,0.0,0.0,0.0,0.0,0.0,0.0,0.0,0.0,0.033525369382222045,0.0,0.0,0.0,0.0,0.0,0.0,0.0,0.0,0.0,0.0,0.04041119964800795,0.04956491619204779,0.006883768097618598,0.0,0.0,0.0,0.0,0.0,0.0,0.0,0.0,0.0,0.0,0.0,2.4683473304121573,Lung Adenocarcinoma,1.0069680300597592,-1.4616535526696461,-1.2425863425899148,-0.22925471483126514,-1.2667317119391182,-0.7700984050632567,-0.6869193954733716,-0.03385258555894227,0.8977448141567542,0.11705969337438502,-0.8545632403066842,0.40339539279732894,-0.741813318209751,-1.2080965793627585,-0.5807266903865173,0.08088528140625469,1.8145820255807414,-0.9911506464188377,-0.044269476306309015,-1.0489546705327601,1.316395682104885,-0.5830746429796297,-1.2861282418713422,-0.9435601685413665,-1.105248754326671,-1.1202649942067378,-1.1632883429342342,0.3201940951511597,-1.5171663239904607,-1.4673687388698864,-0.6751319088705139,-0.03405254753070089,0.4725041944880815,-0.8006712171519232,0.342202634668067,1.025573721544864,1.2776873384239456,0.8510977603916892,0.38031417332702233,-1.9817539217634472,-0.8631841960953092,1.4660007207638888,-1.209406553665057,-0.40774793052948594,0.247661898004336,0.5424333182767781,-1.571692768499772,1.1018814928959995,1.022318391350145,1.304780547789255
TCGA-86-A456-01A,0.010154366736120352,0.023833202789753337,0.0,0.36761004234423683,0.0,0.0,0.04282240390857981,0.0,0.0,0.0,0.0,0.0,0.0,0.0032975197332002506,0.0,0.0,0.0,0.0,0.03351831430295499,0.0,0.0,0.0007092379932947229,0.0,0.0,0.0,0.0,0.0,0.0,0.0,0.0,0.0,0.10486998086777306,0.0,0.0,0.0,0.0,0.0,0.02306313065237585,0.0,0.0,0.0,0.0,0.07099502102911665,0.0,0.0,0.008038134928704836,0.0,0.0,0.0,0.0,0.0,0.0,0.0,0.0,0.01894386292261841,0.0,0.0,0.0,0.012283801551182793,0.0,0.0,0.03798791485840461,0.04530854483545516,0.06378144665017858,0.0,0.0,0.0,0.0,0.0,0.0,0.0,0.0,0.00019364917465827065,0.0,0.0,0.0,0.0,0.0,0.0,0.0,0.08177956347071377,0.0,0.0,0.0,0.007100302568448724,0.0,0.0,0.01084876124472985,0.0,0.0,0.0,0.0,0.0,0.03286079743749902,0.0,0.0,0.0,2.499687082618404,Lung Adenocarcinoma,0.6264299479970198,0.44362809184566027,0.7687935083323219,0.6927862583957544,0.42705074439557295,-0.6122969404306887,1.7074076530521667,1.0214971188899553,1.7976664519911154,1.438503801964593,1.1527576446259256,-0.48924409342911923,-1.3676335838500653,-0.17488606183740654,0.14835421291534048,0.2453275766664458,0.9047644758266361,-1.5632603772020144,-0.721185488692219,-0.3806610330642108,1.2196056487100007,0.19020732094842735,0.9625242383174628,1.0785391391481822,1.3927174377258522,1.888510289153757,1.5794161316854356,0.005164855717726611,0.5772828977124017,-1.3546971810611477,-0.15397741173019994,-0.9061672907558519,-0.4760725323211182,0.7842134695323217,-0.8717520658438236,-0.44880344748981316,1.9667668039571815,0.3282065183078996,0.7658065527889215,-0.8511218619067236,0.016953597578163,0.9774831210428084,-1.2996075929038333,0.2937158401134294,2.1892274222453167,0.4860840877872818,0.21984161522402954,1.759394977625525,-0.19089968894851467,1.2378865917669468
TCGA-86-A4D0-01A,0.010851730995817491,0.022856303252359246,0.0,0.44697059580435483,0.0,0.03492152103257041,0.0,0.0,0.0,0.0,0.0,0.0,0.0,0.026014613432145357,0.0,0.0,0.0,0.0,0.004791313291482388,0.007366172003843345,0.0,0.006886820655460054,0.0,0.0,0.0,0.0,0.019889341592584497,0.0,0.0,0.0,0.0,0.04733692804260379,0.0,0.0,0.0,0.0,0.0,0.0,0.0,0.0,0.0,0.0,0.046263400404044044,0.01434415989929754,0.0,0.0,0.0,0.0,0.0,0.0,0.0,0.0004508562879369653,0.0,0.0,0.02416284412656018,0.0,0.0,0.0,0.036404668916708606,0.0,0.0,0.0,0.0,0.04069814411342468,0.0,0.0,0.0,0.0,0.0,0.0017143587930788478,0.0,0.0,0.05391769226744834,0.06490131564905091,0.008037518797283054,0.0,0.0,0.03282333749780748,0.0,0.0,0.0,0.0,0.021701393640137394,0.026694969504000476,0.0,0.0,0.0,0.0,0.0,0.0,0.0,0.0,0.0,0.0,0.0,0.0,0.0,2.4216039268698313,Lung Adenocarcinoma,-0.234179713892078,-1.141345993223672,-0.21829723255338698,-1.210879230343113,-2.1930850174893664,-2.19217708051708,-1.3178491925397133,0.32229068189441357,-0.4494972535481084,-1.2134487028137129,-1.0408834969535579,1.2646482177018121,1.683324809219651,-1.7999314392846995,-0.46778862558221734,-0.12847676227250543,0.8468446394181893,1.5669016153949273,0.3581903094567145,-0.5309387688216406,0.19259653923131437,-1.0272170877171658,-1.1449671920778328,-1.7563963293721854,-1.628489632065629,-0.7317726104396997,-0.9615279372439278,-0.7436804701977892,-1.3597510286696617,0.49102833115181177,2.046841131528934,1.9102227235025153,1.8423301199808677,-1.2500368328854394,-0.4802593071831663,1.0724651982259947,-1.1638817743792382,0.8134042762540794,0.7051741348630982,-0.10172406911840857,-0.1532507979487863,0.8111916909727117,1.8915515327080836,-0.771616142829026,-1.2197855858497038,2.05872715667146,-1.6819116809570824,1.4497841534391165,0.8659916758284525,0.3358491118924228
TCGA-86-A4JF-01A,0.018625570605600623,0.03889518758324831,0.0,0.14010586010694323,0.0,0.14579349411854442,0.0,0.008209502734543989,0.0,0.0,0.0,0.0,0.0,0.010679225568351047,0.0,0.0,0.013280563941084558,0.0,0.04628620853620945,0.0,0.10819899003558449,0.0,0.002122536063246536,0.004532906172672584,0.0,0.0,0.0,0.10119427122745182,0.0020738449157925603,0.0,0.0072764299000641405,0.03412449187481807,0.0,0.0,0.0,0.0,0.0,0.0,0.0,0.0,0.017760127931828643,0.0,0.0,0.0,0.0,0.0,0.0,0.0,0.0,0.0,0.0,0.0740678669010009,0.0,0.0,0.0020900122711470922,0.0,0.0,0.0,0.004107007858980137,0.0,0.0,0.0,0.017158444183244824,0.05641815867997187,0.0011635797115794797,0.0,0.0,0.0,0.0,0.0,0.0,0.0,0.0,0.07631754811113522,0.0,0.0,0.0,0.0,0.0,0.0,0.044869908364593,0.0,0.0,0.002481875016680433,0.0,0.0,0.0,0.0,0.0,0.0,0.0,0.0076425093291604684,0.014523878256521983,0.0,0.0,0.0,0.0,3.1126050015345745,Lung Adenocarcinoma,0.1685897124858016,0.6036426319277406,0.6549729149644307,-0.16200105180379842,-0.12056380645151515,0.0814540012977865,0.6302400923360146,-0.5252650009737376,0.9410178022582137,0.34196744069052454,0.6447134026993339,0.7366300079174819,0.7010600463652914,-0.7316454320567427,0.27130730237142736,0.34501383169262634,-0.011157780520730952,0.7242053560354216,0.884534870203372,-0.10948598223375963,0.4348983592364676,0.4127493306414135,0.9319399650570671,0.8364135819791731,0.9023788315951402,1.8399062180885157,1.5564518445733193,-0.12209486852228829,0.06302805259584764,0.22147903700922952,0.6726326796383225,0.4221998898038082,0.6565024937066534,0.3889698111731052,-0.24661114606163237,0.022018544226887246,0.2057195269106637,0.20485519901588414,-0.16151710128996352,0.9077250631595096,0.06996029617877553,0.8507625268288891,-0.31756841667667385,-0.38945532516316983,1.1351680133452173,1.1567020135579527,-0.754534570638155,0.7289172418533333,-0.8563150816397921,0.4387403891028801
TCGA-91-6828-01A,0.021236562464944313,0.03284292481275106,0.0,0.47776598133160736,0.0,0.0,0.0,0.0,0.016895121090320243,0.0019576791785257614,0.0,0.0,0.0,0.0,0.0,0.0,0.0,0.0,0.03737560537210683,0.0,0.023155329788061847,0.0,0.0,0.00030348262751874085,0.0,0.0,0.0,0.0047783372793238875,0.0,0.0,0.0,0.08285965856401413,0.0,0.0,0.0,0.0,0.0,0.0,0.0,0.0,0.0,0.0,0.0,0.0,0.0,0.0,0.08970443340115998,0.0,0.0,0.0,0.0,0.03920595673886193,0.0,0.0,0.04355243494859031,0.0,0.0,0.0,0.021509087460138673,0.0,0.0,0.0,0.0,0.0,0.0,0.0,0.0,0.0,0.0,0.0008839331190289533,0.0,0.0,0.006440826081272643,0.0,0.0,0.0,0.0,0.0,0.0,0.0,0.0,0.0,0.0,0.05752274357667291,0.03870467429659829,0.0,0.0,0.0,0.0,0.0,0.0,0.0,0.003305227868502056,0.0,0.0,0.0,0.0,2.428134794028789,Lung Adenocarcinoma,-0.7340033463259733,0.7126678051582181,1.886663498680829,0.869792459919783,0.15447664272781267,-0.3104877808463664,0.39395035990403326,0.3287646271657351,0.6802631661234189,0.43616130710916684,1.0321098880427866,-1.3847122936533007,-0.5636771530024111,-0.18215600742331076,0.3977584616660753,0.4505508956233386,0.030172829368584536,-0.2615043635937489,-0.6436236588284427,0.5588412423082565,1.0090304090135358,0.30295997389581664,1.5214218751941908,0.995905514748233,1.3206665796049013,0.06758094386631186,0.356228315706786,-0.3187899491763482,0.7789841311350955,0.3501481881509204,-0.15904742427727217,-1.125193164692361,-0.8777030409633029,-0.3233210924250084,0.24801441001312735,-1.4668740600195764,0.12251471557333334,0.6029932152869347,-0.7408786341162392,0.08532446311629337,0.7088197570094101,-0.5313147363567835,0.06279243717536091,1.6461795642960713,1.1851166916955622,-0.6757336253707796,1.12000019153188,-0.1431230529196006,-0.2610718254396685,0.33241269259299594
TCGA-91-6829-01A,0.0,0.023604184912311425,0.0,0.31768959460076307,0.0,0.0011182262391199224,0.011930702341865497,0.0,0.0,0.0,0.0,0.0,0.00015365283976301328,0.0,0.0,0.0,0.0,0.0,0.02510638803167546,0.0,0.0,0.0,0.0,0.0016570531099696017,0.0,0.0,0.0,0.0,0.024793985935860414,0.0,0.0,0.13919135875950991,0.021465929136049305,0.0,0.0,0.0,0.0,0.026702939753956222,0.08042337193971705,0.0,0.0,0.0,0.0,0.0,0.0,0.0,0.09031947859012622,0.0,0.0,0.0,0.0,0.0,0.0,0.0,0.02693467929510614,0.03405361559278204,0.0,0.014028242050691631,0.016397157036374743,0.0,0.005338031058489993,0.0,0.04196626462067705,0.02852727326689992,0.0,0.0,0.0,0.0,0.0,0.0,0.0,0.0,0.0,0.007350410401824595,0.0,0.0,0.0,0.0,0.0,0.0,0.0,0.0,0.0,0.02458512433843441,0.023818658467044247,0.0,0.0,0.0063398057742028325,0.0,0.006503871906785272,0.0,0.0,0.0,0.0,0.0,0.0,0.0,2.8048206787211623,Lung Adenocarcinoma,-0.7647231949906729,-0.412615127298615,0.7732582114656175,0.9274411631534779,1.5492924991610948,0.2665340725554256,0.055835939870149225,0.40250211963882404,0.29228302898872394,0.8272055789900354,0.018853902209024567,-1.0837329690760924,0.03533466559693442,1.7424667740007067,0.058810556292543996,-0.6482923763943323,-0.5831856064496241,0.09523447641972363,0.07743609648323463,0.6834248580364837,-0.39138270464031527,0.055248977225836084,0.08036908208619689,-0.2640883316483848,0.2063391184622998,-0.2598898188402344,-0.2563624901965265,0.683128015844312,0.6186230248276678,0.828362273953589,-0.1927097312811663,-0.45918509660625184,-0.860552558108925,1.1360587078273545,0.8649897945170687,-1.1888412812806974,-0.6439459869260882,0.6108649306529115,0.22551108595314417,-0.529452836115685,0.9043771984229306,-0.8540193200051804,0.43064102794874554,0.9964373705091024,-0.5490593655309256,-0.5241731179972006,1.9463420928711035,-0.8644712498537515,0.38890856443875643,0.06016842054548344
TCGA-91-6830-01A,0.0,0.2805988512266865,0.0,0.0,0.0,0.0292153513800595,0.05044618218410948,0.0,0.0,0.00792278251790514,0.0,0.0,0.0,0.0361655342735107,0.0,0.0,0.012576860795089993,0.0,0.356420823866776,0.0,0.0,0.0,0.0,0.0,0.0,0.0,0.0,0.0,0.0511140035032238,0.0,0.0,0.0,0.0,0.0,0.0,0.0,0.0,0.0,0.0,0.0,0.0021656119117256295,0.0,0.0,0.0,0.0,0.0,0.0,0.0,0.0,0.0,0.0,0.0,0.0,0.0,0.0,0.0,0.0,0.010901298289048695,0.0023614534583062743,0.011917785122007559,0.0,0.0,0.01574007118159095,0.0,0.0,0.0,0.0,0.0013848430785454071,0.005437505755655674,0.0,0.0,0.0,0.01779255233358754,0.0,0.0,0.0,0.0,0.0,0.0,0.0,0.0,0.0,0.0,0.010187373942419307,0.0,0.00127762142680771,0.0,0.05591186637726155,0.0,0.03969150896968554,0.0,0.0,0.000770118405997113,0.0,0.0,0.0,0.0,2.315970345456918,Lung Adenocarcinoma,0.6452955316491353,0.3250376143813824,1.0012634913217846,0.9613544065049461,1.009612126429011,0.8254409652536143,1.042780199882687,0.5354227813971791,0.20020925230291794,1.2704549517871082,1.2737165195369033,-1.0876215902856696,-0.900240267849943,0.6965119340796364,0.9048280589038604,0.7024083451700668,0.3280205994751872,-0.9063025780022299,-0.05893072059733849,0.3053472414605151,1.5873741468901872,1.0329588704488857,1.079042047405161,0.9690558412086825,0.9977835700609996,0.9139538772481497,0.8335446343904104,0.6812751692598319,1.1950335427772472,-0.01104724087775893,0.2057614563716319,-0.7550055729154159,-1.291393849905474,1.8106950579879606,0.5218383936013379,-0.768213700275122,0.8637867470373732,0.5404706101050893,0.0755838437048882,-0.4833767562165717,1.359016283703809,0.706633467797784,-1.0982726412451345,1.3576180407876037,0.992741284102154,0.22306709923399876,1.463727929918779,-0.02428995412571204,-0.08978493655766512,1.2155762273279627
TCGA-91-6831-01A,0.0,0.0,0.0,0.4271060980621595,0.0,0.0,0.0,0.003208662299677652,0.0,0.0008195395154011552,0.0,0.0,0.013035253860450506,0.04067910014822006,0.0,0.0,0.0,0.0,0.017477844380181844,0.0,0.01977359141030566,0.010949820616055745,0.0,0.00038558370592334435,0.0,0.01715918468047432,0.0,0.05439497279793365,0.0,0.0,0.020360824030717036,0.0,0.0,0.0,0.0,0.0,0.0,0.0,0.0,0.0,0.0,0.0,0.023426052447033816,0.0,0.0,0.014714084637681393,0.1417229994939043,0.0,0.0,0.0,0.0,0.047796977471543295,0.0,0.0,0.0,0.0017611927964375402,0.0,0.011205940998299574,0.0,0.04224483965503033,0.0,0.0,0.0,0.015132126098678988,0.0,0.0,0.0,0.0,0.0,0.0,0.0,0.0,0.0,0.0,0.0,0.0,0.0,0.0,0.0,0.0,0.02124306915688065,0.0,0.0,0.042379471524260255,0.013022770212749366,0.0,0.0,0.0,0.0,0.0,0.0,0.0,0.0,0.0,0.0,0.0,0.0,2.428134794028789,Lung Adenocarcinoma,-0.6827752255355831,-0.06900619068822311,0.1722870839551019,0.7893713487686563,-0.1885799553761571,-0.740245262977397,-0.45820715158258524,-0.6394389463211652,-0.018726364966638296,-0.26938338239297893,-0.2806433276055596,0.2725131368469374,1.3491185772091978,0.9659749419878048,-0.6478689340434696,-0.029188918946101195,-0.37534671907742834,1.3274859059213713,0.298169983248338,-0.3574161016363057,-0.9411114952949724,0.3230770644877173,0.1580971403010691,-0.003385272817247898,0.10318867024132264,-0.5323510677540558,-0.06419723412955786,-1.6230253878488117,-0.07626371307777197,1.0172554435051253,0.9803351559807486,0.9496659005705907,1.0047148168827196,-0.24525768783915894,0.18227828835197105,0.2714204881642806,-1.289884501008309,-0.04374923275896005,-0.42936519006776036,0.09156748735454752,-0.5520044526668484,-0.2078486176489994,1.3542549670955868,0.5418996642704421,-0.23168999425490683,0.8269238137008921,-0.08282133112602579,0.12991709192578557,0.16922621131859383,-0.7045426754317936
TCGA-91-6836-01A,0.007728444610865473,0.010491942854209102,0.0,0.5519984220721523,0.0,0.024495981913671864,0.0,0.020798944808190358,0.0,0.0,0.0,0.0,0.02562416967691066,0.0,0.0,0.0,0.028900685373823516,0.0,0.01580646448956328,0.0,0.0,0.0,0.0037092657559220665,0.0,0.0,0.0018596802390425534,0.0,0.0,0.0,0.0,0.003925410800974687,0.10816022566283502,0.0,0.0,0.0,0.0,0.0,0.009399537275450042,0.0,0.0,0.0,0.0,0.004265067896447546,0.0,0.0,0.0,0.0,0.0,0.0,0.0,0.0,0.0,0.0,0.0,0.0,0.0,0.0,0.013194965760051547,0.01956722408599151,0.0,0.0,0.0,0.0,0.006938168057756581,0.0,0.0,0.0,0.0,0.0009615809351362755,0.0,0.0,0.0,0.018734609537140623,0.0,0.0,0.0,0.0,0.0,0.0,0.0,0.0,0.0,0.0,0.05473767204715976,0.06221362038253149,0.0,0.0,0.0,0.0,0.0,0.0,0.0,0.006487915764173696,0.0,0.0,0.0,0.0,2.6599162000698504,Lung Adenocarcinoma,-1.3568722740767372,-0.7795715628259703,-0.7181267090999002,-0.825693257931169,-0.6973667002745371,-0.472786416160614,-0.8472943242145216,-2.2845387466152363,0.831057816959004,-1.2726939358111409,-0.43916023168047863,0.8780239807513168,1.7290298539273066,-0.9724929836277876,-0.7964699789551853,-1.3502775023609,-0.9622822085425659,1.8462206200845894,1.3242222874936516,-0.8350179950894194,-0.932087874037158,0.3989625925795579,-0.5111785665106067,-0.7719635297464054,-0.41161951146457615,0.17649365125070293,0.0015034775312220434,-1.2053090888451132,-0.958803098187567,1.9577736279820703,1.0135424533011632,1.3223555050544349,1.1785273001289993,-0.7263514782744674,-0.6297087970027098,-0.22156148784665478,-0.5934713616122709,-1.055713707312416,-1.0407049898846443,1.8601928345653098,0.15204636074709496,0.5292483145719673,1.4775696524767805,-0.6513429988406504,0.052357700788927534,0.8524883889978584,-0.48078159228086187,-0.058653947974963934,0.23857395976414922,-1.2515641305307748
TCGA-91-6840-01A,0.062496714573513294,0.16719158122797365,0.0,0.0,0.0,0.0,0.009392087920651918,0.0,0.0,0.0,0.0,0.0,0.01966388671531205,0.06115057090211626,0.0,0.0,0.0,0.0,0.29630996995789677,0.007732349839610663,0.026302885389266676,0.02317617553157843,0.0,0.0,0.045502275556174095,0.006127548292278714,0.0,0.0413239406147818,0.0014518862929659125,0.0,0.022215442726327615,0.011893187770870436,0.0,0.0,0.0,0.0,0.0,0.0,0.0,0.0,0.0,0.0,0.0,0.0,0.0,0.0,0.0,0.0,0.0,0.0,0.0,0.0,0.0010050293618722522,0.0,0.0,0.0,0.0,0.003158216519629935,0.005333135375603758,0.0,0.0,0.0,0.00755998537773611,0.0,0.0,0.0,0.0,0.0,0.003666377110271516,0.0,0.0,0.0,0.020225719440133957,0.0,0.03861813549969469,0.0,0.0,0.0,0.0,0.0,0.0,0.0,0.0,0.05356347574681535,0.03587266946558704,0.0,0.0,0.0,0.0,0.02906675279133709,0.0,0.0,0.0,0.0,0.0,0.0,0.0,2.0863598306747484,Lung Adenocarcinoma,-1.019739132895608,0.0297906863420335,-0.8105423409445368,1.1318058204719383,0.8885330712918154,-0.5329176133902462,-0.4016677688349328,-1.8351632854126778,-0.2527690515015204,-0.2206944561518747,-0.3754399911038079,0.3155513083301739,0.21015033458431542,-0.6189076218149104,-1.043821691982929,-0.8177264854262734,-0.8631762790053303,0.29009300202038446,-0.8683011644376104,0.8853741300849963,-0.8307026853535072,-1.361138716795408,-0.4762707670096274,-0.1638726170190747,-0.23675938028569493,1.1644684910391445,0.5505350282227743,0.287521927326924,-0.5634661996304644,0.8942893638289806,-1.2219629164362675,-0.008469102335336542,-0.22438611088726412,-0.2863841666114454,0.43200555465881657,-0.7396934111282213,-0.628883577944263,-0.903963218621004,-1.3634021149604163,-0.07437986019330997,-0.7514104192886205,-1.5024026223189184,0.2972644985787154,0.7450057152357136,-0.8317942946647928,-1.1125282300321857,0.18748263146981944,0.7341203002514427,0.03173354594591573,-1.0293764705829513
TCGA-91-6848-01A,0.0,0.0491511006388771,0.0,0.18562138272885625,0.0,0.0,0.006858059706462322,0.0,0.0,0.0010055186009771447,0.0,0.0,0.0,0.003386433082161754,0.0,0.0,0.0,0.0,0.057240729774313506,0.0,0.0,0.0,0.0,0.0,0.0,0.008626914286599952,0.03883502203987503,0.01515953068500253,0.0,0.0,0.0,0.10450481493582904,0.0,0.0,0.0,0.0,0.007743271235530803,0.0,0.047733186221339215,0.028003757385259155,0.0,0.0,0.0,0.0,0.0,0.0,0.09511687480931483,0.0,0.0,0.0,0.0,0.005118677816390439,0.0,0.0,0.06960525606680242,0.0,0.0,0.0,0.006185717666098704,0.0,0.0,0.0,0.0,0.008196873574332427,0.0033239049044250122,0.0,0.0,0.0,0.0,0.0,0.0,0.0,0.02579139148633686,0.00872081768149216,0.0,0.0,0.0,0.0,0.03416624649914906,0.0,0.0,0.0,0.0,0.012956789720653337,0.0553465918862211,0.0,0.060255641688938016,0.06134549487876187,0.0,0.0,0.0,0.0,0.0,0.0,0.0,0.0,0.0,2.762678563727436,Lung Adenocarcinoma,-1.7279621222410164,1.314419339148311,-0.2745747039690057,0.7370295313584239,0.8891926263447542,0.31301406505817686,1.461341349832266,-2.5171243344110503,-1.8916455691176968,0.4774885468969002,1.0543435208383087,0.3796521977385142,1.3610643272901712,1.9874875756314387,-1.6607881836596916,-2.1614753185228066,-2.0220817063553227,1.4236703197858778,-0.3220198234511259,0.3566923749454617,-1.156365816682984,0.49944468377340445,1.6072210886985854,1.239813911308512,1.532691369298012,-0.4024380265457229,0.40305745476966015,-1.7877269510585543,1.6946473276031366,1.8085976848718364,1.452479709131502,1.2198781442128586,1.5265820065559812,0.2045155434732984,-0.07541063686967134,-1.0688048463340198,-0.3997898047870413,-0.28084691625146296,-1.974975085305559,0.36986661032472257,-0.3836985484334417,-0.6758401570086592,1.630572688353523,0.3083482451471001,1.5305350874825951,1.802357881327024,1.0200664542813023,0.15598596195438807,1.451768363923642,-0.9019121822204194
TCGA-91-6849-01A,0.02583113097232058,0.015370335253110436,0.0,0.16536785000143464,0.0,0.0,0.0,0.020898722635475674,0.0,0.008381572230661197,0.0,0.0,0.0024887407628215374,0.03484289551525046,0.0,0.0,0.0,0.0,0.0,0.0,0.0,0.0,0.0,0.0,0.0,0.0,0.0,0.0034896939613652442,0.026835078429935214,0.0,0.0,0.0,0.0,0.0,0.0,0.0,0.07198434060590192,0.0,0.0,0.0,0.0,0.0,0.0,0.11980929976735533,0.0,0.0,0.14136862054391733,0.0,0.0,0.0,0.0,0.052365745086411924,0.0,0.0,0.009280060380409388,0.0,0.0,0.002933210862870362,0.012176142232866323,0.09440218614964203,0.0,0.0,0.03482340584990331,0.016186148919920915,0.0,0.0,0.0,0.11356063834078763,0.0,0.0,0.0,0.0,0.0,0.0,0.0,0.0,0.0,0.0,0.0,0.0,0.0,0.0,0.0,0.02760418149763853,0.0,0.0,0.0,0.0,0.0,0.0,0.0,0.0,0.0,0.0,0.0,0.0,0.0,2.0086001717619175,Lung Adenocarcinoma,1.5167802446839327,0.3726901889075427,1.395326313257326,0.4662158374186856,-0.43305382195911735,-0.6086108059897949,0.6451749937293411,2.5418847423590316,2.410736066631171,1.149662286335174,0.9057939072566028,-0.25454948924614496,-1.8874464109299318,-0.5155346053493086,0.7707667165809657,0.41946227909723305,2.0621061788910398,-2.017900028503417,-0.5422105730523991,-0.41053584031038254,2.2974004745899816,0.684754479382416,0.570455123735734,0.403014574710569,0.6484913088127098,-1.1061962133393133,-0.1968976024539145,0.823271585698457,0.6926959243775194,-1.6297056646674266,-0.1972882989873066,-1.0237190959908145,-0.8463318051880683,-0.015162725919926458,0.5675272543422958,0.5681259312590694,1.9798245283151532,1.839257246323065,1.5344176989128167,-0.5625718986367205,0.6289445276528464,1.6786703259822238,-1.8545160038259099,1.2520897727565874,1.7034765416889341,-0.9224041938054045,0.7216285066051404,0.9611005898958236,0.1354485612413723,2.3870263794570468
TCGA-91-7771-01A,0.016407298661015167,0.0,0.0,0.022389372322200347,0.0,0.0,0.08371746625603954,0.0,0.0,0.0,0.0,0.0,0.0,0.0,0.0,0.0,0.0,0.0,0.05044285121705383,0.0,0.0,0.0026573981157783843,0.0,0.0038650528933114273,0.0,0.0,0.0,0.0,0.02716446831331782,0.0,0.0,0.2512946769933526,0.0,0.0,0.0,0.0,0.0,0.0,0.0,0.0,0.04210764131453795,0.0,0.0,0.0,0.0,0.0,0.06603381231825582,0.0,0.0,0.0,0.0,0.03364182097202207,0.0,0.0,0.03362666384622584,0.0,0.0,0.0,0.038052605619917045,0.01960166225310059,0.0,0.0,0.013970275847995801,0.0,0.0,0.0,0.0,0.10564256365603107,0.0,0.0,0.0,0.0,0.03208226662843288,0.02766866379707351,0.0,0.0,0.0,0.0,0.0,0.0,0.0,0.0,0.043707928486401246,0.03465042800192539,0.0,0.032874395809298934,0.0,0.0037502819666563516,0.0,0.0,0.014650404710056412,0.0,0.0,0.0,0.0,0.0,0.0,2.2695129442179165,Lung Adenocarcinoma,0.6620431842764001,0.9172609306626014,1.9235098736473892,0.8713283419118324,0.23939714981342508,-0.4560650608129176,0.8291963508474209,0.8857330554582888,-0.19664376727701893,0.7792236477051334,1.1113475703523272,-1.8304398792099887,-1.4503314603918336,0.08850821992216919,0.22766565747745116,0.052876120196384456,0.6114544993770958,-1.1582395558793661,-1.2058118655793366,0.5540126786207844,0.7697534908105658,0.7119093698607447,1.4607334506558156,0.8097685728408981,1.0895689526247216,0.42703962765548337,0.6748298137618374,0.15864685229080652,1.3944821699299255,-0.4590552001313501,-0.8355287624413075,-1.091819473473326,-1.112367616137472,0.2398304256272586,-0.4328235904769286,-0.6050856428247541,0.6308194289890456,-0.21357001940223322,-0.1250848612848403,0.1599677219875641,0.8385578651133024,0.12244018286013507,-1.3971860617470702,0.9649604766133509,1.2138804222199995,-0.7943873089117455,1.1667549671235962,0.04886872910615463,0.08520239848864504,0.7625457395226247
TCGA-91-8499-01A,0.029878646964061492,0.10490916067135918,0.0,0.27254041967811277,0.0,0.030315892451635528,0.025514070732600466,0.029206701784609074,0.0,0.005990854413439757,0.0,0.0,0.016646156582734058,0.007367288981477831,0.0,0.0,0.0,0.02523550620055286,0.1050282763239383,0.0,0.0,0.0,0.0,0.0007043385842256201,0.0,0.0,0.0,0.0,0.0,0.0,0.0,0.04884540627974602,0.0,0.0,0.0,0.0,0.0,0.0,0.0,0.0,0.0,0.0011657964635438626,0.0,0.0,0.0,0.0,0.11137387039159748,0.0,0.0,0.0,0.0,0.0,0.0,0.0,0.02002256914367933,0.016434089237469123,0.0,0.020586460499645545,0.002005190524232062,0.0,0.0,0.0,0.02572485108000529,0.01713053636308638,0.0,0.0,0.0,0.0,0.004310064598848984,0.0,0.021009620657652286,0.0,0.0,0.0,0.0,0.0,0.0,0.0,0.0,0.0,0.0,0.0,0.0,0.0,0.04349748560160338,0.009487835178563374,0.0,0.0,0.0,0.0,0.0,0.0,0.005068910611579868,0.0,0.0,0.0,0.0,2.5024271199844326,Lung Adenocarcinoma,-0.8622790428359133,-0.5200218398827032,-1.1501117717782696,-0.5163623273390942,-1.545717999156675,-1.875259739989144,-1.020214346469905,-0.5757384746588373,-0.29728446766435546,-1.9021529339310166,-0.8552175307886284,2.3484850197149254,2.097981067591904,-0.8504231217055118,-2.132350032934051,-1.4817480921782766,0.2222024143749351,1.583806293674894,-0.0502339845483952,-0.5308696175837126,-1.7931537206587997,-0.6562774440079695,-1.032996591099292,-1.0839485590311155,-1.3340686525621808,-1.6368973894041954,-1.1080533399088561,-1.5247225327300087,-0.9209244558060763,0.24046846055378568,1.2065726006258,2.180770517944246,1.402531856811736,-1.338421425318014,-1.8431517277138911,1.1527880405768358,-2.1395102502402117,-1.9111217093844455,0.25653541288681164,-0.5383265394447654,-0.8374878990610213,-0.03995634291753978,1.649042972034059,-1.1296873809340047,-1.4942068507666626,0.42387214767349934,-0.9681201681443482,0.6757386140586447,0.781314431511855,-1.242391311461083
TCGA-91-A4BC-01A,0.011655018500803553,0.010374929341541285,0.0,0.5293053303069477,0.0,0.0,0.0,0.0,0.0,0.0,0.0,0.0,0.0,0.010907686999179985,0.0,0.0,0.0,0.0,0.019774326261373088,0.0,0.012962443999213796,0.0,0.006192280768699754,0.003535513813627624,0.0,0.0,0.024120708885271295,0.0,0.0,0.0,0.0,0.14099374060606878,0.0,0.0,0.0,0.0,0.0,0.0,0.0,0.0,0.0,0.0,0.030770918300550166,0.0,0.0,0.0,0.0,0.0,0.0,0.0,0.0,0.0,0.0,0.0,0.0,0.0,0.0,0.0,0.004453858628807364,0.0,0.0,0.0,0.0,0.006946182911924226,0.0,0.021261668509020743,0.0,0.0,0.0,0.0,0.0,0.0,0.022970313461614916,0.0,0.0,0.0,0.0,0.012679792424360858,0.0,0.0,0.0,0.0,0.0,0.06515079502658846,0.028029128053016356,0.0,0.0,0.03629117102706163,0.0,0.0,0.0,0.0,0.0016241921743284688,0.0,0.0,0.0,0.0,2.630427875025024,Lung Adenocarcinoma,-1.4368978517450905,1.4931656496260028,-1.5626883657163393,0.16356922432601917,0.25593267553016663,-0.18360592322302605,0.3960946924726721,-1.8801687929321838,-2.157699093083492,0.4452527359871246,0.8540939868952657,-0.22813145014524303,0.2519184891532963,0.6286673344232986,-1.656167433402748,-1.367979182054923,-1.4238285409243945,0.12205668366778147,-1.082956107023537,-0.5083293116021015,-2.0253125623619455,-0.4805895880236545,0.10622498027340083,1.4368018445651363,0.43644262443342896,0.6948555644317074,0.8799472873103906,-1.8215195227932661,0.789393629141563,0.21751684621080242,-0.3806952978150499,-0.298909282902083,0.055499376569336775,-0.13013767200209356,-0.6307426753792416,-0.6626296795253958,-1.003306873009071,0.5967188102496304,-1.767101358726682,-0.588837400941577,-2.02724151194464,-0.6051960382445926,-0.15748910743406241,-0.2612354235460661,0.07916324256189504,0.20164983591304583,-0.4315322725552511,0.3546189430983007,0.7929666925432557,-0.3672899819166682
TCGA-93-7347-01A,0.0,0.01878955553669353,0.0,0.30047099686313333,0.0,0.0019837652161496704,0.04041382648777066,0.0,0.028674706996569044,0.0037920977658367624,0.0,0.0,0.0,0.0,0.0,0.0,0.0,0.0,0.03192498332776346,0.0,0.0,0.0,0.0,0.0,0.0,8.351739901512809e-05,0.0,0.00678473610205364,0.0,0.0,0.0,0.2533199971205107,0.0,0.0,0.0,0.0,0.0,0.0,0.0,0.0,0.0,0.0,0.0,0.0,0.0,0.0,0.021373354152312327,0.0,0.0,0.0,0.0,0.0,0.0,0.0,0.0,0.0,0.0,0.0,0.048075041962399055,0.0,0.0,0.0,0.0,0.03457880734948907,0.0,0.0,0.0,0.0,0.0,0.0,0.0,0.0,0.019271580496583406,0.05357733233743195,0.0,0.0,0.0,0.0,0.0,0.0,0.0,0.0,0.0,0.044772826169740945,0.0,0.0,0.0,0.06634046946053869,0.0,0.0,0.0,0.0,0.025772405256008695,0.0,0.0,0.0,0.0,2.0492180226701815,Lung Adenocarcinoma,0.48436348298229276,1.734785340638891,0.7447570830344464,0.6869778165651448,1.4095139718688283,0.6652203828476427,1.4508938952317927,1.2167506878179597,0.5166376066452181,1.6127886815401105,1.207901264956246,-0.9648257244515717,-1.289579404429091,0.7251002857566146,0.31964109409675723,0.4931757467915719,0.5862028417913174,-1.2468019415141849,-0.9954854734288128,0.8026267293642895,1.3819926417323707,-0.31558492876396577,1.5696684588337697,1.3955075308167262,1.4085900285126947,0.5985012484096778,0.8866803025248411,0.4370205314811642,1.5549656088786514,-0.7543322370182183,-0.658426735367638,-1.0940295132332325,-0.9401705846434296,1.1636716886752354,1.3202303799881756,-0.1248559124054946,0.9824669427507954,0.7265057116027309,0.34291869737924324,0.7366813856432131,0.20754761402909608,0.706193006375859,-1.5039986028054837,0.3922647153865805,0.45215340134772647,-1.292473944189069,0.3278737138671025,0.5871800525390347,0.5806577156259002,1.1091799312746256
TCGA-93-8067-01A,0.01695814541824771,0.31298673534651994,0.0,0.0,0.0,0.0,0.05061249920790941,0.0,0.0,0.0,0.0,0.0,0.0,0.07961739805476617,0.0,0.0,0.0,0.0,0.3165679083519403,0.0,0.0,0.0,0.0,0.0,0.0,0.0,0.0018422567101657003,0.008015162515262826,0.0,0.0,0.0,0.013933134557114969,0.0,0.0,0.0,0.0,0.055043900000592255,0.0,0.0,0.0,0.002398239073402999,0.0,0.0,0.0,0.0,0.019832156439272507,0.019141222401860617,0.0,0.0,0.0,0.0,0.0,0.005330900682875313,0.0,0.0,0.0,0.0,0.0,0.0,0.0,0.0,0.0,0.013630640204305622,0.0,0.0,0.0,0.0,0.0,0.0,0.0,0.0,0.0,0.0,0.0,0.0,0.0,0.0,0.0,0.0,0.0,0.0,0.0,0.0,0.016930806561647783,0.04252636303631938,0.024632531437796448,0.0,0.0,0.0,0.0,0.0,0.0,0.0,0.0,0.0,0.0,0.0,2.7323937598229686,Lung Adenocarcinoma,-0.27730485839499214,-0.7599983967862534,0.30180728801419776,-0.0022984773185748173,-0.08151467556564271,-0.38112678300152136,-0.040078515321921256,-0.3976256884875082,0.617559457812588,0.15683460478565758,0.22963034674375057,-0.1317082715037492,0.26005721790434055,-0.43139221311750175,0.5275423325289639,0.5428478354467078,0.8590371747059021,0.5009338674915831,0.569793155452709,0.07729413030783555,1.3269592057686783,0.399724292914164,0.03916108969175256,-0.714812554941556,-0.0438215035138211,0.3042813930927792,-0.025961116072766736,0.5693055705203306,-0.23619601789377026,0.5682846056198405,0.6978961168305073,0.27405900766103874,0.5561514712071651,-0.20283621387391274,-0.12064796629641154,-0.37772509659675624,1.2262028092591248,-0.371520067793239,0.49134417707592004,1.086846449252922,0.7361448299228758,1.1858765559848612,-0.14955031485969658,1.3678180531003719,0.8153379745729842,0.7232958588607459,0.19234100829344236,1.3758554444584101,0.6996948704303165,0.9877129725301323
TCGA-93-A4JQ-01A,0.01458103726442429,0.12031419318256954,0.0,0.0,0.0,0.0,0.0,0.0,0.0,0.0023017126521529276,0.0,0.0,0.0,0.0,0.0,0.0,0.0,0.0,0.23645766793074918,0.0,0.013517799241053763,0.0,0.0,0.0,0.0,0.0,0.0,0.002775550984334286,0.0,0.0,0.0,0.0,0.0,0.0,0.0,0.017589651787924935,0.0,0.005089739645856335,0.0,0.008963149080513492,0.02810153790552794,0.0,0.009386155921637891,0.0,0.0,0.0,0.0,0.0,0.0,0.0,0.0,0.0,0.0,0.05571267629848661,0.0,0.07085645271382895,0.0,0.0,0.0,0.0,0.0,0.0,0.0,0.0,0.0,0.0,0.0,0.0,0.0,0.0,0.0,0.0,0.03269381095819217,0.0,0.0,0.1291019523963675,0.0,0.0,0.0,0.0,0.0,0.0,0.13078684426637607,0.04501340927663855,0.0,0.04126614243700702,0.0,0.006827793922527081,0.0,0.0,0.0,0.0,0.0,0.0,0.0,0.0,0.028662722133831475,2.113943352306837,Lung Adenocarcinoma,-0.7901674575599378,1.3667324498273825,-0.5833434929961931,0.7582374972944195,1.8184470388837446,0.8435015990224443,1.2283555758496159,-1.4860101000299302,-0.6196217071308153,1.3170381178835466,1.1721050948127203,-0.7878427991593905,-0.4293475596224514,1.5964318009855851,-0.2676334752618872,-0.032518119725665186,-1.2311878949586101,-0.33792040477183316,-0.3386490926305068,0.2789729573700279,0.04028923853742087,0.1821455291426362,1.3076951485208477,1.347043868316116,1.317925038054428,1.2826986402075435,1.3608307896926681,-0.21180619236485368,1.5131877508804008,0.568672630377638,-0.47292252793867895,-0.926817023890899,-0.276079807116889,0.7688924164561326,1.745091243932227,-1.4512470234564068,1.2584821540797448,0.12471099049216837,-1.5362891199921966,0.28199775942181116,-1.0144026044584535,-0.06438252297042948,-1.0625265245794941,0.9864327253811125,1.181506590469788,-0.7568913332502902,0.6741595203039108,0.07233710715001992,1.1030793868828355,-0.37019682566498274
TCGA-95-7039-01A,0.005233174207322711,0.019643256670024725,0.0,0.5346539007189361,0.0,0.022899706079501283,0.0,0.019949641220748607,0.0,0.0001799071864421333,0.0,0.0,0.006403648439944287,0.002768684470518682,0.0,0.0,0.0,0.0,0.018907699308545006,0.0,0.0,0.0,0.011317243802417375,0.0,0.0,0.0025890483551821667,0.0,0.0,0.005268787360302735,0.0,0.0,0.09091278765779377,0.0,0.0,0.0,0.0,0.0,0.0,0.017796483756384013,0.0,0.0,0.0,0.014044923551705528,0.0,0.0,0.0,0.03776889808321146,0.0,0.0,0.0,0.0,0.0,0.0,0.0,0.0,0.0,0.0,0.0024551162441083345,0.030840169865674893,0.0,0.0,0.0,0.014892439577618604,0.02250636888667272,0.0,0.0,0.0,0.0,0.0,0.0,0.004125740793840172,0.0,0.0,0.0,0.0,0.0,0.0,0.0,0.0,0.0,0.0,0.0,0.0,0.024012591224726893,0.031104812543318035,0.0,0.0,0.058024709051551354,0.0017002609435083243,0.0,0.0,0.0,0.0,0.0,0.0,0.0,0.0,3.0982975364946976,Lung Adenocarcinoma,0.32937309843850987,-0.3697427502770993,0.636625920028816,0.5571342742257703,0.9218040982514327,0.2851996530998538,0.9734409541235591,-0.45085608517033693,0.9194473432853008,0.8016747634526489,0.17243558180694776,-0.13917978110561782,0.088178363201303,0.18354273288722264,0.30739953758699795,0.10328887127917241,0.3700014450360001,-0.10730790069164856,0.6421763506633794,0.5554313824902728,0.42446032863074995,0.5671476110183843,0.28530850860779633,0.044195420962061256,-0.15190015955028682,-0.0730010435472898,-0.08287150679036008,-0.1595517862803596,-0.04143188491735274,-0.009157540206373573,-0.11626947377874255,-0.1773726598498066,0.353397623083714,0.39444378745243414,0.706371972295698,-0.02935542834224997,0.5280858627186776,0.7034787944386949,0.4505329951071585,-0.5397608101600809,-0.7796033348326371,0.7996756661971557,-0.3229090099311292,1.0749827536412173,0.833058214874654,-0.10894519349120721,0.8011416076255329,0.7366522434471279,0.675454463892394,0.4337156514647103
TCGA-95-7043-01A,0.0034683196025043564,0.0013523531945901642,0.0,0.6116360114627791,0.0,0.013959706577242135,0.038416791659401046,0.0,0.0,0.0,0.0,0.0,0.0,0.0014302885769822084,0.0,0.0,0.0,0.0,0.022257033541325244,0.0,0.0,0.0,0.0,0.0,0.0,0.0,0.0,0.001158065946713154,0.0,0.0,0.0,0.12409592446603794,0.0,0.0,0.0,0.0,0.0,0.013541930353293069,0.0,0.0024631356738523983,0.0,0.0,0.0,0.0,0.0,0.0,0.0,0.0,0.0,0.0,0.0,0.0,0.0,0.0,0.0,0.0,0.0,0.0019201990461135158,0.025262870886147076,0.010488919354329442,0.0,0.0,0.0,0.018189954405687613,0.0,0.0,0.0,0.0,0.0,0.0,0.0,0.0,0.010870365204003423,0.05825178736593752,0.0,0.0,0.0,0.0,0.0,0.0,0.0,0.0,0.0,0.01907976012384758,0.02215658255921293,0.0,0.0,0.0,0.0,0.0,0.0,0.0,0.0,0.0,0.0,0.0,0.0,3.010299956639812,Lung Adenocarcinoma,0.4496903753785113,-1.427750151533885,-0.7303677051860521,-0.3182411081600739,-1.648474605930021,-1.1225014731460512,-1.8803320444476357,0.3251682595328749,-0.10421649988142759,-1.7207334013364288,-1.2317343402205385,1.6460264361258028,0.49842738372809947,-1.2651228397393197,-0.2253268207057316,-0.12606452561766843,1.3881964314632211,0.26076936064498907,-0.09615834664406579,-1.3827336237988992,0.21550731049385194,-1.497458960916897,-1.0524540238633262,-1.5655422488461341,-1.8104972567369442,-1.9091407527927007,-1.8781418913059058,-0.6963723163989547,-1.7660639867199208,-0.18900710023529907,0.6764815015213228,0.7207831531562973,0.6130160800959699,-0.9096659331700423,0.8899630701988597,0.7348316510762534,-0.3766017648625152,-0.9999478158026637,-0.1279068923425508,-1.7969396070856012,0.2814156370707196,1.2019022783875482,0.6051514943860512,-0.5709130176276,-2.364554867113715,1.0064492550637112,-1.250000800948352,0.37709672969847746,1.2104339300860314,0.9638338909567142
TCGA-95-7562-01A,0.035777171778087785,0.0,0.0,0.6333067028762968,0.0,0.0,0.0024984833095864013,0.033153317312010426,0.0,0.0,0.0,0.0,0.0,0.0,0.0,0.0,0.0,0.0,0.007762123104989731,0.0,0.0,0.0,0.0,0.0,0.0,0.010017753589948037,0.03926857636135666,0.0,0.0,0.0,0.0,0.029079328974278475,0.0,0.0,0.0,0.0,0.0,0.0,0.0,0.0016214891173004654,0.0,0.0,0.0,0.0,0.0,0.0,0.0,0.0,0.0,0.0,0.0,0.0,0.0,0.0,0.02718379737641644,0.0,0.0,0.0032066149254690508,0.014023958164351815,0.02913844218909596,0.0,0.0,0.0,0.028547675792855373,0.0,0.0,0.0,0.0,0.0,0.0,0.0,0.0,0.01390096204671276,0.0,0.0,0.0,0.0,0.0,0.0,0.0,0.0,0.0,0.0,0.0,0.03421382211989993,0.0,0.057299780961344124,0.0,0.0,0.0,0.0,0.0,0.0,0.0,0.0,0.0,0.0,2.57978359661681,Lung Adenocarcinoma,-0.46190318935866803,0.07489208191762185,0.7996624760929224,-0.13379326871541924,-0.1821925076121093,-0.00880780150623725,-0.1814404654888249,-0.28359367615142755,0.9614393806929455,0.17819364980233113,0.1996221724262878,1.0690151999757038,1.12032033663529,-0.0957879131501229,-0.5393081179481087,0.06165839795234204,0.4382376621679123,1.0737502683561058,2.0027777884442424,0.5691397230797955,0.630077730673555,0.2578076953537121,0.4053443791285716,-0.24702181504324047,0.21095039201914717,0.4375112458969046,0.3013072212452802,-0.3680954182617492,-0.1251226059534085,0.1461367824974751,1.542960450460027,1.0035955031363826,0.6587953322125571,-1.250946690331191,-0.12062091576978506,0.30062559074109646,-0.2741315816623618,0.12665841864385863,1.1987919775273972,1.2183950959711884,0.10317233741316746,0.279365105014657,1.115898229903923,-0.8083897351633726,-0.3810446329974338,0.3584030397608772,-0.22815605070943973,0.1639548823538225,-0.08157434022863261,-0.7222191344308118
TCGA-95-7567-01A,0.005713200932541278,0.00348679864613866,0.0,0.20752805802500265,0.0,0.0,0.01042485237971749,0.01542321715112273,0.0,0.0,0.028032682839665528,0.0,0.001779164281484034,0.0,0.0,0.0,0.0,0.0,0.010214263634881466,0.0,0.21358371172372936,0.0,0.001215736942651861,0.0,0.0,0.0,0.022404105082298863,0.07999696345894444,0.0,0.0,0.0,0.0,0.0,0.02140347466648277,0.0,0.0,0.0,0.0,0.0,0.0,0.0,0.003611640500193979,0.013742525847640265,0.0,0.0,0.0,0.0,0.0,0.0,0.0,0.0,0.0,0.0,0.0,0.0,0.0,0.0,0.009957264468492667,0.014925007423481355,0.0,0.0,0.0,0.0,0.10590905338804968,0.0,0.002107828382023885,0.0,0.01493903761989443,0.0,0.0,0.0,0.0,0.0,0.011194356408947092,0.0,0.0,0.0,0.0,0.0,0.0,0.0,0.0,0.0,0.01256750197907109,0.03213519955356077,0.0,0.0,0.024240179594232872,0.0,0.0,0.04435274236078973,0.0,0.06619859797979387,0.022912834729167234,0.0,0.0,0.0,2.960946195733831,Lung Adenocarcinoma,-0.2236140920107777,0.33921658874818794,-0.8278837641854284,0.1304831789507647,0.23019901091894787,-0.4081134817375007,0.30858752406280804,-0.6420010521999135,0.7941459822389586,-0.15571255461697242,-0.22176083948113115,0.22637982622839012,0.008111850934072408,-0.29315900278823753,0.00246617554129799,-0.14887860848120546,-0.8599102198564638,0.07538085577478393,-0.2501009644317981,-0.25539141309334384,-0.07272570779258059,-0.6629615950081312,0.09137653274115973,0.2727390981030537,0.34758640701456556,1.1133582809060694,0.7819674864752866,0.007603739492533456,-0.3194449299617169,0.01658663376249084,-0.04010301495545067,0.03310517323334693,0.6577376089928645,0.010906343131379257,0.973315934501511,-0.33352057535608215,0.3168409601192617,-0.542041027027785,-0.0510776329365321,-0.5124543336077814,-0.34558080224663357,-0.04420513082669228,-0.05979146049824628,-0.5216079092847987,0.06367361919765921,0.8233954400570574,-0.4257223279378299,-0.15453048714820963,-0.4126714883814337,-0.42011849434480025
TCGA-95-7944-01A,0.009882159172211295,0.21745461035141145,0.0,0.0,0.0,0.0,0.1475536835722513,0.0,0.0,0.0,0.0,0.0,0.0,0.06421488364159283,0.0,0.0,0.0,0.0,0.3660230294497899,0.0,0.0,0.0,0.006447851875008197,0.0,0.0,0.0,0.0,0.0,0.0,0.0,0.0,0.0008336011161879061,0.0,0.0,0.0,0.0,0.002577981758913238,0.0,0.0,0.0,0.0,0.0,0.0,0.007989300343790588,0.0,0.0,0.0,0.0,0.0,0.0,0.0,0.0,0.0,0.0,0.0,0.0,0.0,0.0,0.0,0.012155564593034428,0.0060518464574885545,0.0007783837625688761,0.013514562264789759,0.018511906811362947,0.0,0.0,0.0,0.010984167503259513,0.003151509315706981,0.0,0.0,0.0,0.021944823162565557,0.048671622924541705,0.0,0.0,0.0,0.0,0.0,0.0,0.0,0.0,0.0,0.010700172022405854,0.020551626377776445,0.0,0.010006713523342604,0.0,0.0,0.0,0.0,0.0,0.0,0.0,0.0,0.0,0.0,2.413299764081252,Lung Adenocarcinoma,-0.47902073076636364,1.7073380552095436,-1.5044165178481457,-0.08205758833868158,0.6172969417095956,1.2025587286313468,0.29066813983780493,-1.52499072473968,-1.3090991172600581,0.41505914899849944,1.0873728055993888,0.8940449072617718,0.47630623047267706,0.22524294614775234,-0.8082021812571659,-0.20464037990280343,-1.286238608391231,0.4851941707423935,-0.6579803898021476,-1.0801191926712845,-1.7011933510240251,-0.6986021167404877,0.6132690111617951,1.3860163338883045,0.802919168849033,1.4494628900030961,1.5198987796064622,-0.38001455356703184,0.380499130785366,-0.014221895087431402,-0.6428639836723277,0.7819996427646885,1.3374071719871221,-1.054895640096712,-1.8053888145498966,0.22014270862210955,0.009434243740398857,-0.40762173348463876,-1.9781968944111084,0.7991989641833267,-0.5856990971879923,-0.4621899148397358,-0.3220776736053406,0.10079813555849897,0.6844909381742376,0.3390695059677436,-0.48053790991149276,-0.07565348748533951,0.7613187862219357,0.30099623058535424
TCGA-95-7947-01A,0.005721374965497577,0.14818952111216477,0.0,0.1948081867723641,0.0,0.0,0.053616608261510094,0.0,0.0,0.0,0.0,0.0,0.01245323563814182,0.0485931181885249,0.0,0.0,0.0,0.0,0.13192679341215582,0.0,0.009878307862926903,0.006291213513405362,0.0,0.0,0.0,0.0,0.0,0.0,0.0014062060194882577,0.0,0.0,0.10369051392748105,0.0,0.0,1.8817690861322312e-05,0.0,0.0,0.0,0.0,0.0,0.0,0.00047433169478904355,0.0,0.0,0.0,0.0,0.05341718114896213,0.0,0.0,0.0,0.0,0.012749886453975701,0.0018673661982778317,0.0,0.0,0.01673740636891697,0.0,0.01249791328881815,0.0,0.0,0.0,0.0,0.0,0.04242854001306733,0.0,0.0,0.0,0.0,0.0019739058132602944,0.0,0.0,0.0,0.0,0.0,0.0,0.0,0.0,0.0,0.0,0.0,0.0,0.0,0.0,0.030067013016398112,0.05393755051749865,0.03488985615893122,0.0,0.01113508465163566,0.0,0.0,0.0,0.0,0.0,0.0,0.0,0.0,0.011230067310946881,2.747411807886423,Lung Adenocarcinoma,-0.439173173892524,-0.17682438817755486,0.48550587952031254,-1.5137657654123615,-0.2162443069605607,-0.44606225995932525,-0.5414960768858962,0.6957934277436221,0.07320673758651432,-1.268060014813788,0.04076927118084891,0.23607254066517677,0.5847386859044461,-2.045240387938917,-0.2691490991337901,0.06787133580342017,-0.22211392161528495,0.5166902266622007,0.4967773649844203,-0.2723880374427557,0.7719368616612494,-0.9144292081445136,-0.11881242286735738,-0.4354587992524111,-0.4591348149543099,0.6188054884847808,0.3724708712740343,-0.004739855963955728,-0.5347482581554518,0.7072256737604471,0.16915557332867764,-0.34130232564940866,-0.55640984497237,-1.4623776230689745,-0.8531566624510851,-0.18948484741481328,-1.2344214070354746,-2.385461506076114,0.724712491544499,0.7179614342929378,0.16480668476782598,-0.3098263393834026,0.6512588320857949,-1.1830981834577645,-1.1336509172471307,-0.5799835514458525,-0.2527741068183326,0.027236234961932553,0.6365449159052196,-0.4993611881892461
TCGA-95-7948-01A,0.028119849312833737,0.3222906585748481,0.0,0.0,0.0,0.0,0.02838888363416031,0.0,0.0,0.0,0.0,0.0,0.0,0.08040468844746812,0.0,0.0,0.0,0.0,0.3102033403513542,0.0,0.04470202258131289,0.0,0.0,0.001789286113334193,0.0,0.0,0.0,0.0,0.0,0.0,0.0,0.0,0.0,0.0,0.0,0.0,0.0,0.0,0.0,0.0,0.0,0.0,0.0,0.0,0.0,0.0,0.0,0.0,0.0,0.0,0.0,0.0,0.0,0.0,0.0,0.0,0.0,0.0,0.0,0.0,0.0,0.0,0.0,0.0,0.0,0.0,0.0,0.0,0.01642923219175211,0.0,0.0,0.0,0.0,0.0,0.0,0.0,0.0,0.0,0.0,0.0,0.0,0.0,0.0,0.004915608573990268,0.019217084630368635,0.0,0.0,0.0,0.0,0.1435393455885774,0.0,0.0,0.0,0.0,0.0,0.0,0.0,2.1335389083702174,Lung Adenocarcinoma,-0.02990640680832121,-0.9899584883563141,-0.8618340219451656,-0.9216387442743175,-0.9436481613428508,-0.3446443303210272,-0.6995499583439867,-0.5690385550868238,-1.0440657799876956,-1.4885218487705636,-1.4090654796799245,0.6026244801136212,-0.8244942318684829,-1.1239586149659004,-0.7346141213828287,-0.24324865774553994,-0.4464528205319702,-1.2238980528086312,-1.0091060615425407,-0.3552975599985216,0.04754794885993367,-1.1632930995582658,-1.7867025774524699,-0.9970108165057913,-0.8905462225658574,-0.31574836101617676,-0.471448780882372,0.5623106944144416,-1.29925220765729,-1.9751775563818121,-1.4985042552061378,0.18761057990162097,0.7771503627646281,-0.49034408515782973,0.7709131770952755,0.5855925634660855,-0.09856157546567502,-1.6227658848907436,-0.8206090333155023,-0.14209654014108988,-1.492018386020993,-0.01893488359354968,-1.8329937974949577,0.01996033607020144,-1.1413445153543826,0.4350382982746534,-0.5317187640746642,0.6652258295534624,0.33436862416019125,-0.5315504416539305
TCGA-95-8494-01A,0.06052896326631377,0.25666315856808564,0.0,0.0,0.0,0.0,0.0,0.0,0.0,0.0,0.0,0.0,0.0,0.09942364789264843,0.0,0.0,0.0,0.0,0.1641905023231667,0.0,0.16954208520018094,0.0,0.0,0.0,0.0,0.0,0.0,0.0,0.038963773464504005,0.0,0.0,0.0,0.0,0.0,0.0,0.0,0.04292215593951099,0.0,0.0,0.0,0.0,0.0,0.0,0.0,0.0,0.0,0.0,0.0,0.0,0.0,0.0,0.0,0.0,0.0,0.0,0.0,0.0,0.0,0.0,0.0,0.0,0.004282200033721393,0.0,0.0,0.0,0.0,0.0,0.0,0.006606144082568946,0.0,0.0,0.0,0.0,0.0,0.0,0.0,0.0,0.0,0.0,0.0,0.0,0.0,0.0,0.024709832102559882,0.04701505418253105,0.0,0.0,0.0,0.0,0.06390537137929884,0.0,0.0,0.021247111564909323,0.0,0.0,0.0,0.0,2.037426497940624,Lung Adenocarcinoma,-0.16511714333904098,0.13330020025207845,-1.3143879028137888,0.45068713061807486,0.342200471410758,0.03710754088224547,0.888281538879254,-1.304428341840617,0.16510519531008955,-0.5442679911983077,-0.2698128968330597,0.9357886134884914,0.9516776228130587,-0.600898656561106,-0.6668227942791787,-0.6887621595661664,-0.243643283708348,0.7174896298624324,2.1532921222623953,-0.7802377743943117,-0.10036044047644074,1.12713583642207,-0.1077370778549571,-0.20864580670106556,0.4628652661553231,0.7625863096929417,0.5302413093566578,-0.8161026964190823,-0.08143961337340097,0.4289166448270744,0.813758452831942,0.6096184005948639,1.247301141501715,0.12166390923331011,0.4764312956854135,0.013135601505021454,0.46768371811030957,-0.4033884522483244,-0.3061660724230176,0.566825713208928,0.1174332182138347,1.2581633705668167,-0.10849869736829282,0.03967438578838151,0.7272196663305028,1.2694433060771182,-1.1915366942000787,1.055201663569152,-0.8353642495425839,-0.3568258350601672
TCGA-95-A4VK-01A,0.0384772832910721,0.0,0.0,0.48240290771034416,0.0,0.0,0.045168822474402896,0.0,0.0,0.0,0.0,0.0,0.0,0.0,0.0,0.0,0.0,0.0,0.0,0.0,0.0,0.0,0.0,0.0,0.0,0.0,0.0,0.0,0.0,0.0,0.0,0.0656361752225057,0.0,0.0,0.0,0.0,0.0,0.01970894577506182,0.0,0.0,0.01117622150987549,0.0,0.0,0.07062857619009268,0.0,0.0,0.030827149407865344,0.0,0.0,0.0,0.0,0.09053353048944834,0.0,0.0,0.0,0.0,0.0,0.0,0.02278899312551104,0.0,0.0,0.0,0.0,0.0,0.009505656246275742,0.0,0.0,0.0,0.0,0.0017344874685800147,0.0,0.0,0.0,0.02489042781137098,0.0,0.0,0.0,0.007285447732837679,0.0,0.0,0.0,0.0,0.0,0.006925934097642723,0.0516307606327577,0.007588835210948822,0.0,0.0,0.0,0.0,0.0,0.0,0.013089845603406614,0.0,0.0,0.0,0.0,2.4183012913197452,Lung Adenocarcinoma,-0.3169740099868535,-0.43243554727213424,-0.1797402949406563,-1.7740527949819975,0.010247592115420423,-0.6742495032379341,0.11364196163609484,-0.10986394178485276,0.8835232149018933,0.2275269312384541,-0.501978514942981,-0.31276067159789306,-0.7125292298960296,-0.5686521314592601,-0.10932654666732362,-0.21010248805348486,0.313644398001904,-0.8078296869561972,-0.062285022304092816,-0.602090486138672,-0.10860673199253004,-0.25442828075362217,-0.306446074849971,-0.006297187282196325,-0.5028648037436698,0.056024431223660597,-0.0766051755498376,1.3577115386768737,-0.11270293770652755,0.0072975151032089675,-1.283778335495949,-1.0246843996709423,-0.7428626140241215,-0.12300673336595153,0.9812393407541122,-0.3278345119457587,0.7865062361080172,-0.8345947849085625,-0.033663340862387155,-0.394545772395134,-0.6653972190518072,-0.4130284599215617,-1.320491967564655,0.5736206321147129,0.10865067713763789,-1.3181108038695333,0.09002686994961713,-1.2697904130678892,1.6187467845059447,0.6836591271576824
TCGA-95-A4VN-01A,0.0,0.03130663721163405,0.0,0.47996314219887126,0.0,0.0,0.0,0.0,0.0,0.0,0.0,0.0,0.009227711634228353,0.009410935068159201,0.0,0.0,0.0,0.0,0.030290447014822773,0.0,0.0,0.0,0.0016851559108920977,0.0,0.0,0.0,0.0,0.0,0.013664136692133516,0.0,0.0,0.12805271926749476,0.0,0.0,0.0,0.0,0.0,0.0,0.0,0.02964100956677971,0.0,0.0,0.0,0.0,0.0,0.0,0.0,0.0,0.0,0.0,0.0,0.05627770733847138,0.0,0.0,0.0,0.0,0.0,0.008245373970108263,0.024371012454341714,0.0017706137162591382,0.012605167984666795,0.0,0.0,0.0,0.004618138599913353,0.0,0.0,0.0,0.0,0.0017283372093744212,0.0,0.0,0.029544276212244185,0.0,0.0,0.006955107915888467,0.0,0.0,0.0,0.0,0.0,0.0,0.0,0.028279724842364753,0.06254488964197238,0.0,0.0,0.02981775554937948,0.0,0.0,0.0,0.0,0.0,0.0,0.0,0.0,0.0,2.6464037262230695,Lung Adenocarcinoma,-0.2619527242712712,1.26567355599512,-0.5030528012771053,0.7414823608847159,1.0143436765888356,0.2732310774460284,1.5801212640236137,-0.6802006027753665,-0.1807405696851704,0.4024693265133455,1.156686610938263,0.1873253939405075,0.5663390785164715,-0.19778340729854024,-0.2544594402702788,0.049390908727327834,-0.6187219665980762,0.6505637134711997,0.053382219705072766,-0.22289932007381963,0.23635169741140058,0.7419791387857079,1.2370765593659505,1.581235845722739,1.4857003314270676,1.3788971075409389,1.5014270521938218,-0.570364776357829,1.090687276286113,1.2127841953125533,0.22203950895983876,0.40109230311376903,0.7392147010722986,0.007030919477958224,0.7420515242488144,-0.9812947510626523,1.0731983331134183,-0.25007434554104746,0.26096963791172095,1.5395328792567353,0.1108056567146788,0.9923919936889074,-0.11050786569406174,0.18062807222629945,1.8262622794200043,0.617353581447007,-0.5586059353718217,1.4205416412039775,0.48055178742989096,0.34640445723917673
TCGA-95-A4VP-01A,0.0,0.0,0.0,0.17016277886790757,0.0,0.0,0.0,0.0,0.0,0.0,0.0,0.0,0.0,0.019784778894613147,0.0,0.0,0.0,0.0,0.01565127388045045,0.0,0.0,0.0,0.012839781757202672,0.004747665858147765,0.0,0.002570351877078214,0.03145117752027052,0.00417150992528448,0.0,0.0,0.0,0.19413263316429077,0.0,0.0,0.0,0.0,0.0,0.0,0.0,0.0,0.0,0.0,0.1400876447380757,0.0,0.0,0.0661099101153892,0.0,0.0,0.0,0.0,0.0,0.0,0.0,0.0,0.019317488366155645,0.0,0.0,0.010099457053282803,0.012961493064743798,0.0,0.0,0.0,0.0,0.043078198028551375,0.0,0.0,0.0,0.0,0.0,0.005625437265590969,0.0,0.0,0.0,0.04068918111494879,0.0,0.0,0.0,0.0,0.0,0.0,0.017960667626577564,0.0,0.0,0.02106006443413601,0.0,0.0,0.0,0.16749850644730277,0.0,0.0,0.0,0.0,0.0,0.0,0.0,0.0,0.0,2.089905111439398,Lung Adenocarcinoma,0.6294001945859873,0.35937056379590093,-1.1077937880110633,0.5807665961476859,0.4141970322380872,-0.2888455016472432,0.3140492312004953,-0.5117243965142785,0.14956276177553973,1.3926388242073708,0.5106443189654284,-0.12491200768807337,-0.7404911273704766,0.24860500679908074,-0.024675803486185813,0.5979547583133454,-0.06297732475091214,-0.6222142807358708,-0.6351771933475676,-0.16586548314941696,-0.3025230251480997,0.6851668058003318,1.161416023648343,1.0864425199027452,0.4540089406991647,-0.1807429849287931,0.034492305590890754,-0.5324698432714707,0.34111202691849535,-0.7229585297801477,-0.7788789919509029,-0.6266566092696152,0.21847268444255016,1.6094387789321367,0.7240729639479161,0.32703598188680794,0.9414206771016622,1.3131644446102524,-0.6520509173689808,-0.3009568449300333,-2.083164267893015,0.25175768783041474,-0.9235455087806267,0.29769140345940936,1.087423926774282,-0.042840121129599354,-0.42450826268206976,1.3406377519944372,0.8766608667890421,0.5595166724522477
TCGA-97-7546-01A,0.015091242115790042,0.0,0.0,0.31025498554737263,0.0,0.0,0.0,0.004529020683081946,0.013822318344956517,0.005468345364806197,0.0,0.0,0.0,0.0031656525581914624,0.0,0.0,0.0,0.0,0.04331362919635638,0.0,0.0,0.0,0.0,0.0,0.0,0.0,0.0,0.010692017602155306,0.0,0.0,0.0,0.15825800295669376,0.0,0.0,0.0,0.0,0.0,0.036775626438412444,0.1252851347037379,0.0,0.0,0.0,0.0,0.0,0.0,0.0,0.0,0.0,0.0,0.0,0.0,0.0,0.0,0.0,0.05037253833756166,0.0,0.0,0.018601682914935837,0.044996051584022145,0.0,0.0,0.0,0.04952830173868898,0.02602296970225394,0.0,0.0,0.0,0.0,0.026801440000282364,0.006812177614004881,0.0,0.0,0.0,0.0,0.0,0.0,0.0,0.0004474822170141076,0.0,0.0,0.0,0.0,0.0,0.020083857241638824,0.029677523138042665,0.0,0.0,0.0,0.0,0.0,0.0,0.0,0.0,0.0,0.0,0.0,0.0,2.413299764081252,Lung Adenocarcinoma,-0.3307343543467014,0.6873492257515178,2.057148857819281,0.529186496326317,0.6753388286572052,-0.33551676563405425,0.8341292655029312,1.5955521677461482,0.44774885850651114,0.7986255148047553,0.7393507087649906,-1.4924734543440044,-1.1275110529689485,0.4754027824588169,0.5777106404238027,0.07241701849364793,-0.29997866837694576,-0.9739215124332132,-1.5763990364866716,0.7202511636901514,1.1489652170634566,0.031345197392156285,1.5891407249544562,0.9043863637048957,1.1260975791481909,-0.3988173271390076,0.1943877509183985,0.04174577472539692,1.029165893194972,-0.1013651392575029,-1.1556248297644731,-1.1867701906977302,-1.260529424815483,0.5094299600655883,0.9303460573658692,-1.4085017326853293,0.4982960825249858,1.2824292879913597,-0.692721756323837,-0.5147664381710174,0.8060407071181532,-1.2216261940317061,-0.8128775979945312,1.782211781180636,1.1986141560242705,-1.5660035320573085,2.0403441764786976,-0.36829296380170906,0.17082548680673007,-0.1145405391911806
TCGA-97-7547-01A,0.02738358907859006,0.06430056228917286,0.0,0.07706902409782793,0.0,0.0,0.018066037116534414,0.0,0.0,0.0,0.0,0.0,0.015651011135260847,0.0,0.0,0.0,0.0,0.0,0.1533889351069006,0.0196508030778621,0.010244795298665213,0.0,0.0003720738193627683,0.0,0.0,0.0,0.06535937408361026,0.0,0.04356362833464992,0.0,0.0,0.0,0.0,0.0,0.0,0.0,0.0,0.0,0.0,0.0,0.0,0.0,0.22014413612699968,0.0,0.0,0.0,0.0,0.0,0.0,0.0,0.0,0.012334607380769178,0.0,0.0,0.0,0.0,0.0,0.017405685278409085,0.0,0.05467981146089299,0.0,0.0,0.0,0.0,0.0,0.0,0.0,0.0,0.0,0.0,0.0,0.0,0.0,0.02599375394452594,0.0,0.0,0.0,0.0,0.0,0.0,0.0,0.0,0.0,0.05669670294972099,0.021821440199495105,0.0,0.011986880388167382,0.0838871488325826,0.0,0.0,0.0,0.0,0.0,0.0,0.0,0.0,0.0,2.1760912590556813,Lung Adenocarcinoma,0.34133262068912545,-0.1991275178689621,1.9715775543218863,-0.662032384225891,0.837940963421285,-0.2277915873978005,0.126379981481706,1.2725016885534206,0.31608188923846353,-0.13769666404037453,-0.2896062521395167,-1.7205522787012921,-2.1660296008678377,-0.6365170945710563,0.6212989524514715,-0.3088708412306909,0.29962330718734037,-1.9575284442864254,0.2154104644773931,1.0135721619822882,1.5387246419909595,-0.4873811518343945,0.036873477012735884,-0.47890530392485325,-0.1601781071574457,-0.9615339816402813,-0.5776426159013273,0.25102765830077073,0.5826360581730062,-1.0081008739850095,-0.9363862033412207,-1.7842077414385735,-0.9183677517448164,0.5647695795318878,0.9032034786995213,-0.7581071885381145,0.06454035745798282,0.9479561246938845,0.9331975713620827,-1.423008401676985,0.479086804471882,0.345533364952359,-1.7104424723568596,0.028626509437662446,-0.3728933341180854,-1.0057297317797225,0.8274050399032765,-0.3638629117479303,-0.14250316007446015,0.16723795021790316
TCGA-97-7554-01A,0.01429035484595891,0.010847269782188147,0.0,0.5166407758400305,0.0,0.0,0.0282096219123846,0.015261662818952259,0.0,0.0,0.0,0.0,0.0,0.01304668155628218,0.0,0.0,0.0,0.0,0.011763938412955002,0.0,0.0,0.0049067760642156994,0.000941105471769357,0.0,0.0,0.02217628741133218,0.0,0.0,0.0,0.0,0.0,0.14708131486233428,0.0,0.016088110662220993,0.0,0.0,0.0,0.0,0.03385376055584544,0.0,0.0,0.0,0.0,0.0,0.0,0.0,0.000646456548812869,0.0,0.0,0.0,0.0,0.039910238670613635,0.0,0.0,0.0,0.0,0.0,0.0,0.02303779465704249,0.0,0.0,0.0,0.0,0.031012920312445725,0.0,0.0,0.0,0.0,0.002772274604775438,0.0,0.0,0.0,0.0,0.0,0.0,0.0,0.0,0.0,0.0,0.0,0.0,0.0,0.0,0.0,0.05923983070263274,0.0,0.0,0.0,0.0,0.0,0.0,0.0,0.008272824307207504,0.0,0.0,0.0,0.0,2.621176281775035,Lung Adenocarcinoma,-0.7877713835111734,0.42198425656193056,1.0881433182731715,0.6510849058947226,1.293054076957396,0.23896705014921457,0.7976131810548795,-0.45321178369435333,0.2689096958446567,1.2544227981135792,0.6200744931046052,-0.8607740589427196,-0.7299115796972181,1.0710648609729643,0.09010817425669919,-0.26575726504691416,-0.7734656181355265,-0.6293273974922111,0.40672827968680153,0.8455889586394917,0.8794635260617466,0.5544395637124703,0.4741187753643464,0.2894736989276365,0.8421599113192482,0.7761913634165408,0.8347953334372129,-0.9928846278630754,0.9040128867149025,0.2266330395970866,-0.3661693568711557,-0.9388052611124738,-0.7641425564588963,0.5693256263435299,1.0897302170342837,-1.2799883193576462,-0.2577216362340586,0.5279047615752895,-0.5929486012879115,-0.6865081539024712,0.9191505793667268,-0.8546692755983105,-0.6712597336589993,0.8623277449071617,0.4476348028458138,-0.45372341796720506,1.0134703092653632,-0.5690017932332219,-0.5746520252560882,-0.06227757668728287
TCGA-97-7937-01A,0.011851114776523461,0.005683595144716869,0.0,0.25900338737556905,0.0,0.0,0.02360819054860214,0.0,0.0,0.0,0.0,0.0,0.0,0.03384463140220628,0.0,0.0,0.0,0.0,0.023080484722951704,0.0,0.0,0.0,0.00523093421195711,0.0016752325389871453,0.00540576313435334,0.0,0.10467288402574064,0.0027895681657855707,0.0,0.0,0.0,0.04938006814493295,0.0,0.0,0.0,0.0,0.1943589507378824,0.0,0.0,0.0,0.0,0.0,0.027595865735109793,0.0,0.0,0.0,0.010986164687874625,0.0,0.0,0.0,0.0,0.0,0.0,0.0,0.02585349133374427,0.0,0.0,0.0,0.038167335736965416,0.0,0.0,0.0,0.004180446271070735,0.02135637680105867,0.0,0.0,0.0,0.0,0.0,0.0,0.0,0.0,0.02278872476423548,0.01593231128050604,0.0,0.0,0.0,0.0,0.0,0.0,0.0,0.0,0.0,0.041852450645546636,0.03892282296869321,0.0,0.0,0.03177920484498656,0.0,0.0,0.0,0.0,0.0,0.0,0.0,0.0,0.0,2.6522463410033232,Lung Adenocarcinoma,-0.5626548049352446,-0.6424223398655484,0.29632028302043006,-0.1917330859999849,-0.20480134086294838,-0.5109524057283232,-0.2226397196935165,0.5212307164115652,0.46825738385705634,-0.43985201772116495,-1.0549144482537454,-0.16960586160853608,-0.10699533517409658,-0.3330367566441438,-0.4923125982562358,-0.8580171197082779,-0.6047837508351988,-0.35840791693901625,-0.24605117116972341,0.00021387467379900028,0.13345520786128143,-0.8957512254014434,-1.4026781629839962,-0.5319588108934822,-0.3304963106499946,-1.0472105577359656,-0.7161117736265815,-0.3959793553372727,-0.9982403648701311,-0.2311690741733677,-0.7528076886986876,-0.28257131804810226,-0.32300345338879927,-0.33517183459290245,1.366483330235032,-0.10408618903058517,-0.8449290951781813,0.4679113550547817,0.24411240742279014,-1.3695013715599706,0.5299715141695633,-0.20542315371197425,-0.16128890506610866,0.48300827551994663,-0.8057370011989669,-0.3890374819735673,0.31139584420350047,-0.9047957810288848,-0.5304031102518962,-0.6051078537986491
TCGA-97-7938-01A,0.01099058564860099,0.03506162554242067,0.0,0.23499906111026486,0.0,0.0,0.0032741560016389115,0.0365398498144923,0.0,0.0,0.0,0.0,0.0,0.019386647848562494,0.0,0.0,0.0,0.0,0.04959777458737068,0.0,0.0,0.0,0.006801083720322963,0.0,0.0,0.0,0.0166487196996662,0.0007338761099353059,0.0,0.0,0.0,0.041618266637830366,0.0,0.0,0.0,0.0,0.14525623337801766,0.0001168302306692625,0.0,0.0,0.004211313710805035,0.003376448619643174,0.02025613093163334,0.0,0.0,0.03288068626615077,0.0992210592070705,0.0,0.0,0.0,0.0,0.0,0.0,0.0,0.03574220323206974,0.0,0.0,0.02578672232527602,0.043335621013099596,0.0,0.0,0.0,0.0072591380204307596,0.03888663386295118,0.0,0.0,0.0,0.0,0.0018926839352921936,0.0,0.013652446356577088,0.0,0.0003575713894004646,0.0028770532278656474,0.0,0.0,0.0,0.0,0.0,0.0,0.04749145424693193,0.0,0.0,0.0,0.0,0.0,0.0,0.0,0.0,0.019367911795184326,0.0,0.0023802115298255655,0.0,0.0,0.0,0.0,0.0,2.558708570533166,Lung Adenocarcinoma,0.047733187876467506,-0.15607352985235143,1.8242478325544238,0.46163592002868825,0.41994401730162745,-0.5738016875967142,1.0680017481401631,1.2959768443705,0.529010551570256,0.9169140936708929,0.2726889240477597,-1.8324672015767622,-1.6143456207051448,0.032628706255087625,0.49694747845101617,0.15329099205436514,0.4468418845251784,-1.506611841876877,-1.5248251218550657,0.35686901244373376,0.9617247518047154,0.2090313112149133,0.9574871395978732,0.4300044204812571,0.8140264187332014,-0.579130383007878,-0.19042550831190896,1.0557479938718177,0.5745654845293328,-0.7347123576139224,-1.452532397969302,-1.2861023257699764,-1.39499127495696,0.35933779211096595,1.2522805457805253,-1.064016016211413,1.249497252422821,0.7025799976719537,0.24743170690150101,-0.8379271562116878,1.147824813335283,-1.1896092756123071,-1.2868580017469222,1.9805894690485872,1.850754596599373,-1.1194722918247628,1.4140154912516956,0.009314051241452626,-0.585360918904728,0.6203697228542007
TCGA-97-8172-01A,0.037709318551240684,0.0,0.0,0.2753684210964023,0.0,0.0,0.0,0.005764295429559937,0.0,0.0,0.0,0.0,0.0,0.024402385501968535,0.0,0.0,0.0,0.0,0.0,0.0,0.0,0.0,0.015770730558710186,0.0,0.0,0.0,0.0,0.0,0.03529248928781944,0.0,0.0,0.2265049501692119,0.0,0.0,0.0,0.0,0.0,0.06412845470829995,0.0,0.0,0.0,0.0,0.0,0.0,0.0,0.0,0.0,0.0,0.0,0.0,0.0,0.006164656996431191,0.0,0.0,0.03525632091331992,0.0,0.0,0.0,0.009645848157238578,0.0012447985159323093,0.0,0.05826598388989423,0.052954105786266976,0.0,0.0,0.0,0.0,0.0,0.0,0.0,0.0,0.0,0.0,0.0,0.0,0.0,0.0,0.0,0.0,0.0,0.0,0.0,0.0,0.061320379136054114,0.0,0.0,0.0,0.09020686130164964,0.0,0.0,0.0,0.0,0.0,0.0,0.0,0.0,0.0,2.404833716619938,Lung Adenocarcinoma,-0.5589532211120883,0.7388112780104066,1.0685905175421577,0.8542647529753624,1.4815896380979368,-0.15846688855714702,0.24110065476238465,0.5781387073670793,0.5606321993245366,0.19316279149991616,0.17532056028879173,-1.6504481343663113,-1.9095770004817172,0.13867029061833158,0.021163679135244466,0.06839572239931854,-0.15137921698288215,-1.7184026665025476,-2.104478697465845,1.0793546212102558,1.0199483989711509,-0.6907663212095084,0.7483030496530123,0.4926987626959928,0.586805186173004,-0.4347482700065146,-0.18451851007063877,0.3286588415851671,0.8232753993876037,-0.5184352611772977,-2.2138276197797047,-2.143021268395055,-1.737860284347677,1.1627326107476947,1.5215874783477807,-1.3656146257259636,0.3760807877213553,-0.10837063661454156,-0.5935625283416166,-0.5943739580274929,-0.24705647287531463,-0.49555880583180023,-1.7423066418245983,1.164109497979798,0.09312701545498336,-2.81860795713391,1.2550778627491708,-1.0081892799355845,1.3461152152410751,-0.16898286890221245
TCGA-97-8174-01A,0.0807994082061562,0.002555169671671797,0.0,0.1846263746982383,0.0,0.0,0.034611747254574686,0.0,0.0,0.0,0.1285202006869014,0.0,0.0026139004159812665,0.034099251653028975,0.0,0.0,0.0,0.0,0.052002457563896695,0.02856139486946973,0.0,0.0,0.0,0.0,0.0,0.0,0.0,0.0,0.0,0.0,0.0,0.05197776925944574,0.0,0.0,0.0,0.0,0.0,0.0,0.0,0.0,0.012588474858118717,0.0,0.0,0.0,0.0,0.0,0.07007110097194501,0.0,0.0,0.0,0.0,0.033540208493073154,0.0,0.0,0.03299676509571849,0.0,0.0,0.0077967036424095295,0.03147997999719517,0.1046332324916221,0.0,0.0,0.0,0.0017074824149327747,0.0,0.0,0.0,0.0,0.0,0.0,0.0,0.0,0.005297114523512169,0.0,0.0,0.0,0.0,0.000752851388612703,0.0,0.0,0.0,0.0,0.0,0.020493079626042587,0.022102629029067067,0.027010320156247814,0.0,0.0,0.0,0.0,0.0,0.0,0.0,0.029162383032137897,0.0,0.0,0.0,2.214843848047698,Lung Adenocarcinoma,0.4226028657827524,0.02973330750174852,0.3693041693432716,1.0557932533804584,0.9132970271508835,-0.419674063733131,-0.000996444994467432,0.6605400081089059,-1.9267251686242581,0.9281364586937282,0.2664950404695894,-1.52640116224956,-1.9499179254608654,0.15484032451488697,-0.3165277268877634,-0.8429892894116182,0.8895116537233113,-1.9182440852134839,-1.8367144288845265,1.2345428832639047,1.2448479009935525,-0.27069856898039396,0.07281625439654467,0.24867048057118898,0.044905801919545296,-0.6014614416687522,-0.3352674983732284,1.1116751647083614,0.5445534239120666,-0.5516591427897585,-2.769980388983526,-2.0540711637032047,-1.8927651835737767,0.787848223880567,0.9589509057283842,-0.7737676554589628,0.4019318047635794,2.2498681846020916,-1.0075609113348292,-0.38622382283733747,-0.09653624687781492,-0.3157090153152546,-1.6105531687279764,0.3771831570089015,-0.6057687743404926,-2.2074866416453616,1.1316710652404172,-1.0031740325750385,1.6969813400531253,0.6531660146642978
TCGA-97-8176-01A,0.03339778182481443,0.12114770198037114,0.0,0.0,0.0,0.0,0.0,0.0,0.0,0.005938483019390062,0.0,0.0,0.0,0.031149232616730953,0.0,0.0,0.0,0.0,0.11613603403122723,0.0,0.0,0.00857509816769729,0.023955228581343625,0.0,0.0,0.017358747688684863,0.07716770832715426,0.0,0.0,0.0,0.0,0.2255596535769423,0.0,0.0,0.016404770732003394,0.0,0.0,0.0,0.04107963949820306,0.0,0.0,0.0,0.0,0.0,0.0,0.02482935487755145,0.0,0.0,0.0,0.0,0.0,0.0,0.0,0.0,0.0,0.0,0.0,0.016485194930723666,0.0,0.0,0.0,0.0,0.010736620666920231,0.013649125710407562,0.002788848155362911,0.0,0.0,0.0,0.0,0.0,0.0,0.0,0.031223058736353646,0.09325899518730606,0.0,0.0,0.0,0.0,0.0,0.0,0.0,0.0,0.0,0.08915872169081179,0.0,0.0,0.0,0.0,0.0,0.0,0.0,0.0,0.0,0.0,0.0,0.0,0.0,2.1986570869544226,Lung Adenocarcinoma,0.42206140214294435,-0.6593750019956585,-0.2764622977469695,-0.7928588781865,-0.08708269340624394,-0.3468920880793846,-0.2431985310324299,0.6686535588231174,-0.1810499080462214,0.23690949569358863,0.08856502842340898,0.5816275177463713,0.624853127844473,-0.7528236243599785,0.4500708685404257,0.9972891378832919,0.9201275928368615,0.5237463152967047,1.0000305594453902,-0.45197963579733913,0.2159873968973403,-0.5056411867469098,-0.5729626043242315,-0.2008131125577068,-0.3384096671265711,-1.023964455703478,-0.8704599796955136,-0.15598023968595154,0.03866506849349195,0.5357197884926291,0.778814655058139,0.953431907293044,1.1166370524317317,-0.22189362802788412,0.09033282320045871,0.36221496719954216,1.1473915056718604,-0.6330122159335527,0.8608931555812567,0.2582480234857369,-0.013659581457854512,2.0155444094974007,-0.4298043493382825,-0.5846398896675887,-0.34938647493195535,1.2454844614269116,-0.6200846881708496,0.1285468903722586,0.2871603807320042,1.9583451758740453
TCGA-97-8179-01A,0.006705196402742995,0.0,0.0,0.2780662588506079,0.0,0.0,0.03345873753695877,0.0,0.0,0.0,0.0,0.0,0.0,0.0,0.0,0.0,0.0,0.0,0.03573782793522633,0.017602522371935384,0.0,0.0,0.0,0.002443096537627113,0.0,0.0,0.010493684522036825,0.005448348156284577,0.0,0.0,0.0,0.3350859760218543,0.0,0.015093851448287527,0.008079425570998774,0.003537662921303506,0.0,0.0,0.0,0.014850622711126218,0.0,0.0,0.16302251446866395,0.0,0.0,0.0,0.0,0.0,0.0,0.0,0.0,0.0,0.0,0.0,0.0,0.0029213203859565066,0.0,0.002428219198531241,0.002442084777033763,0.0,0.0,0.0,0.0,0.01750085311300017,0.0,0.0,0.0,0.0,0.0,0.003113633515843603,0.0,0.0,0.022976621239299864,0.0,0.0,0.0,0.0,0.005841955010459042,0.0,0.0,0.0,0.0,0.0,0.0,0.00757530328358893,0.005574284020632788,0.0,0.0,0.0,0.0,0.0,0.0,0.0,0.0,0.0,0.0,0.0,2.2329961103921536,Lung Adenocarcinoma,0.5307174782229979,-1.024867132912468,-0.17033284271353757,0.04415567111567373,0.6348703085733441,-1.2720538316048573,-0.5171208187264021,1.2597471288422457,0.24429490433343698,0.4300058528127512,-0.2113734771340456,-0.18362211150886443,-0.40125295524738336,-0.3196210503659284,-0.4634262418515754,-0.476458269631248,1.6273967504131899,-0.6113890773813504,-0.9839890453844429,0.046306056304132356,0.7531399595696159,-1.1744377189997137,-1.044877097982704,-0.7200570320733988,-1.0934798314551983,-0.738123370556496,-0.7226784881984075,-0.10644946173223836,-0.8671130677250628,0.11758787533856888,-0.766960124576564,-0.25581923373042353,0.1029855364907918,0.3613716884252017,0.5767067127282771,0.08065917577708213,-0.3645114718262354,1.3832857385587165,1.1961669364353453,-2.0565610275697908,0.2771820901288513,1.2752404845726768,-0.7569112993801134,0.2712531384072928,-0.7770906362653768,-1.1439324781070386,0.1251626413624521,-0.2069102618690264,1.3273142365484498,1.3449472083881302
TCGA-97-A4M0-01A,0.0,0.07043830617588318,0.0,0.44881510784513273,0.0,0.0,0.02240657607710951,0.0,0.0,0.015529174828874276,0.0,0.0,0.0323991952010344,0.0,0.0,0.0,0.0,0.0,0.09541899820349249,0.0,0.0,0.0,0.015518615001762272,0.00021934751593770277,0.0,0.007249153692594199,0.0,0.0,0.03129898247979616,0.0,0.0,0.11713651518433901,0.01249525915902185,0.0,0.0,0.0,0.0,0.0,0.0,0.005156264730595164,0.0,0.0,0.0,0.0,0.0,0.0,0.0,0.0,0.0,0.0,0.0,0.0,0.0,0.009163986933214607,0.00013353534778856536,0.0,0.0,0.0,0.007163760614746908,0.0,0.0,0.0,0.013607428313676215,0.045672942497822396,0.0,0.0,0.0,0.0,0.0,0.0,0.03408194751794662,0.0,0.0,0.0,0.0,0.0,0.0,0.0,0.0,0.0,0.0,0.0,0.0,0.0,0.012620470649347211,0.0,0.0,0.0,0.0,0.003474432029884606,0.0,0.0,0.0,0.0,0.0,0.0,0.0,2.5575072019056577,Lung Adenocarcinoma,-1.0804605655386352,0.5903062588880721,-0.3888549880405393,-0.7071854804436005,0.004483438399626631,-0.4590685211833363,0.07421500936784114,-1.0229112778372191,-1.2937114782318686,-0.6200597139329745,0.129660768050164,-0.6590208134973538,-1.2683375000690034,-1.535594636036808,-0.5149350228701425,-0.7885549043204446,-0.8998364152867548,-1.445497889835,-0.8127503479377569,0.32654402607448346,0.9356470509914,-0.82790972172759,0.7198404295989583,0.3835491308156548,0.6021025837589025,1.2857256085847444,0.9740325101697144,0.7877305180965696,0.0014937367394588527,-0.5934115920131795,-2.2963861425164196,-1.422636257780122,-0.6212155969956478,0.012640503098355991,0.8557213699810261,-1.1620923430016339,-0.06329245786695135,0.23755576948612148,-0.7783866934151339,-0.3829917932053697,-0.2893000721498763,0.2964655496783791,-1.4000733668823198,-0.6854872702180665,0.14103767346051924,-1.5727841619623186,-0.5156150571692705,-0.3034420274145074,-0.0036626861504836183,-0.31495995921833664
TCGA-97-A4M3-01A,0.029657620817754693,0.0643432904495477,0.0,0.5352083704261713,0.0,0.0,0.0,0.007981613394704571,0.0,0.0,0.0,0.0,0.02068128262392677,0.018720089364017818,0.0,0.0,0.0203959559598665,0.0,0.05517611167597309,0.0,0.0,0.0,0.005265593304752064,0.0,0.004455095958171166,0.02290190880703407,0.0,0.027552530362515863,0.0,0.0,0.0,0.07453328352572415,0.0,0.0,0.0,0.0,0.0,0.0,0.0,0.02507098124199889,0.0,0.0,0.0,0.0,0.0,0.0,0.001961996348918397,0.0,0.0,0.0,0.0,0.0,0.0,0.0,0.0,0.0,0.0,0.014506996998392831,0.0,0.0,0.0,0.0,0.0,0.02368066578271311,0.0,0.0,0.0,0.0,0.0003199753411253937,0.0,0.0,0.0,0.0,0.0,0.0,0.0,0.0,0.0,0.0,0.0,0.0,0.0,0.0,0.0036493023931382968,0.024203237022013765,0.0,0.0,0.0,0.0,0.0,0.0,0.0,0.019734098201539672,0.0,0.0,0.0,0.0,2.298853076409707,Lung Adenocarcinoma,0.7642499141846145,-0.974909183503098,-1.3381748727250515,1.0137953870900107,-0.32222240417542003,-0.815819360112721,-0.029720580751197535,-0.38553240125034277,-0.7791727118827916,0.915275877322029,-0.2863700593915233,-0.6298586436952313,-1.3609547878933628,0.19324961159026535,0.23516659148281394,0.04209768494090331,1.0246643571881748,-1.5243820240076476,-0.4839228924049264,0.652497283887507,0.8778110277231685,0.33264136252905946,0.03590110495808335,-0.19608484545064903,0.0491084511418996,-1.2198558304294487,-0.8986752818970161,0.9390505876387796,-0.4510902698569933,-0.9020934395855057,-1.3940364957159983,-0.7590398285789516,0.2523176140463342,0.5922496236338772,0.6857475994778406,0.1989895006479597,1.4270221932691058,1.3901595223743775,-1.3284379946895402,-1.204511099247753,-0.9130907249359321,1.3098671111164761,-1.5078676701649,1.3797038803901285,1.6061617343328387,-0.46946524509224663,0.3484616844133721,0.7106127805555669,0.910967681784535,1.3132567440345797
TCGA-97-A4M5-01A,0.04228260915792058,0.3398609952971096,0.0,0.0,0.0,0.0,0.037953122782913844,0.0,0.0,0.0,0.0,0.0,0.0,0.00807164078893526,0.0,0.0,0.0,0.0,0.28114153039565754,0.0,0.009298260157342595,0.0,0.0,0.006010798491261955,0.0,0.0,0.0,0.0,0.0,0.0,0.0,0.0,0.0,0.0,0.0,0.0,0.016004142691577135,0.0,0.0,0.0,0.00013188653417857779,0.0,0.0,0.0,0.0,0.040137373187653556,0.0,0.0,0.0,0.0,0.0,0.0,0.0,0.0,0.0,0.0,0.0,0.0,0.0,0.0,0.0,0.0,0.004328226257530867,0.006600134013150599,0.0,0.0,0.0,0.0,0.008619589611309993,0.006382402703673441,0.0,0.0,0.0,0.0,0.0,0.0,0.0,0.0,0.0,0.0,0.0,0.0,0.0,0.07721025420188676,0.061217335710645984,0.05474969801725163,0.0,0.0,0.0,0.0,0.0,0.0,0.0,0.0,0.0,0.0,0.0,2.2013971243204513,Lung Adenocarcinoma,0.7072127447485762,-0.07390792428436489,0.0446814064480614,1.046948184539849,0.976301212656036,-0.4522457501508087,8.006469817517719e-05,-0.02213692125846623,0.17133011929147177,0.8167069052671384,0.21579075379625978,-1.1988167984257752,-1.6044780322772578,0.11256232426297588,0.20790851534145352,0.03192477723351183,0.25565670644550276,-1.4508689593939028,-1.1671328341849565,1.012123965456019,0.9573765415710209,-0.3088097255089739,0.19163220043076004,0.23976297955003775,0.3334881226590692,0.41823043266089965,0.3269777974218995,1.8074412142358884,0.3688863014875754,-0.4277436064439018,-1.7538244808345103,-1.3287315418996157,-0.3548764417772665,1.4061148808732462,0.6079085219785068,-0.37035381458946853,0.6980170181175336,0.5174755603694757,-0.07116066186793667,-0.3443228138962212,-0.15314522472858955,0.11387418346683337,-1.1990723073770366,0.8723224176702357,0.10954600077415057,-1.2016010375926782,0.8483908405288195,-0.14928465158531998,1.1102421620995424,0.6315544785689933
TCGA-97-A4M7-01A,0.00336373426095706,0.017226322099870066,0.0,0.6024248932322102,0.0,0.0,0.0,0.0,0.0,0.0,0.0,0.0,0.0,0.007911511166288956,0.0,0.0,0.011228622583117178,0.0,0.007110669418679752,0.0,0.0,0.0,0.0,0.0,0.0,0.013365431738834772,0.0503122174843954,0.0,0.0,0.0,0.0,0.040849353906010626,0.0,0.0,0.0,0.0,0.0,0.0,0.0,0.0,0.0,0.0,0.03439641940403485,0.0,0.0,0.0,0.0,0.0,0.0,0.0,0.0,0.0,0.0,0.0,0.0,0.0,0.0,0.011319923087247488,0.01168934401730803,0.0026321917881287193,0.0,0.0,0.0,0.00979435770860309,0.010850869002600393,0.0,0.0,0.0,0.00024510804884945433,0.0,0.0017028297557617222,0.0,0.0,0.0,0.0,0.0,0.0,0.0,0.0,0.0,0.09989199799943535,0.0,0.0,0.006497256268288397,0.03928687050772049,0.0,0.0,0.0,0.0,0.0,0.0,0.0,0.017900076521658162,0.0,0.0,0.0,0.0,2.4800069429571505,Lung Adenocarcinoma,-0.8786563952133243,0.9183976859441655,-0.20608831861072557,1.0140856559643097,1.1143850186248774,-0.27038182775770614,0.8015475420059043,0.48712508123769327,-0.22400564154158698,1.2956910131179227,0.9829587326072063,-1.1719345382120652,-1.2881921273612291,0.15077053966569465,-0.4369662797144303,-0.06807381601105886,-0.5826241902032447,-1.3678417062715202,-0.4666529197834651,0.45038051362179443,0.3692193620379694,0.12290989690148599,1.2442753088087661,1.2127953775165936,0.8146627514127803,0.12258598242369877,0.5572431235009728,1.3066102093841718,1.279940395220007,-0.31742606791225586,-1.1336589535074493,-1.8367049930097716,-1.82923463015242,0.9420607548880011,0.5473517149676216,-1.5609788986537179,1.4146847452464173,-0.1706643109664454,-0.39295695899389205,-0.2862462804473463,-0.06459217104265647,-0.3785359179312262,-1.3888230902067165,0.45911667481859547,0.7119346205147251,-1.4723880374985907,0.16443489433369887,-0.33998874472437735,0.051386558362810655,0.4350593870351926
TCGA-99-7458-01A,0.01670413204531361,0.009212890888058132,0.0,0.43171385161694864,0.0,0.0,0.0,0.03422559792425552,0.004865374423284995,0.0,0.0,0.0,0.0,0.0,0.0,0.0,0.005196242620614045,0.0,0.021322932290374297,0.0,0.0,0.0,0.0042702912870862895,0.0,0.0,0.0,0.0,0.042106913684704525,0.0,0.0,0.0,0.14432366495463386,0.0,0.0,0.0,0.0,0.0,0.0,0.0,0.019677127206423714,0.0,0.0,0.041991821313660624,0.0,0.0,0.0,0.014467916951614245,0.0,0.0,0.0,0.0,0.043423602912230685,0.0,0.0,0.0,0.0,0.0,0.019402631658491286,0.05317415297525294,0.0,0.0,0.0,0.0012464738853934245,0.024445942761518964,0.0,0.0,0.0,0.0,0.0,0.0,0.0,0.0,0.007172330830932623,0.022660466671953837,0.0,0.0,0.0,0.0,0.0,0.0,0.0,0.0,0.0,0.020353669316317245,0.01804197178093649,0.0,0.0,0.0,0.0,0.0,0.0,0.0,0.0,0.0,0.0,0.0,0.0,2.6283889300503116,Lung Adenocarcinoma,-0.0275695940001626,1.1670648241904233,1.1553621171113568,0.6379607136239757,1.1903570419290728,0.20844443070162455,1.0016692239958775,1.0690602435409098,-0.23089334247375462,1.0686180918141404,1.0755692887457167,-1.6426789133719402,-1.3551208228124056,0.518925597538312,0.21743690703545676,-0.03396100665785004,0.16301930592245434,-1.2078006267390136,-0.0034840863191530976,0.9318781958384008,1.9632708226277489,0.09630254525077983,1.3797322642634546,0.8930282646443449,1.0011583686020435,0.7064530535654208,0.8055912660453496,0.21023049531359894,1.562609699020931,-0.10603588045138228,-0.8135402079350128,-1.1876525569309515,-1.195218163456317,0.2978514930490281,0.9579669449315543,-1.224967517221505,-0.05049265039452717,0.9018598134283916,0.9282251977892111,-1.0229909114634588,1.4557244449125974,0.3846601565086528,-1.047243991271875,0.8472721267153029,0.4401980472075228,-1.364213011064661,1.2100484992794258,-0.81008493962944,-0.14938283093610383,0.14724771649454788
TCGA-99-8025-01A,0.003996545663188177,0.11946712926971419,0.0,0.31909870991676653,0.0,0.09581734062819118,0.004654486193899208,0.008570689351268142,0.0,0.0,0.0,0.0,0.007316780583436339,0.0011682102536389202,0.0,0.0,0.0,0.0,0.12978347103374252,0.0,0.0,0.0,0.0,0.003618730590735901,0.0,0.0,0.0,0.0,0.0,0.0,0.0,0.03167152239155795,0.0,0.0,0.0,0.0,0.0,0.0,0.0,0.0,0.0,0.0,0.06153454588391762,0.0,0.0,0.0,0.012393595584223769,0.0,0.0,0.0,0.0,0.0,0.0,0.0,0.0,0.0,0.0,0.007908576179978671,0.014355528837356486,0.027710256813878616,0.0,0.0,0.0,0.04281827453967923,0.0,0.0,0.0,0.0,0.0,0.0010895071585795696,0.0,0.0,0.0,0.015187151165430476,0.0,0.0,0.0,0.0,0.0,0.0,0.0,0.0,0.0,0.030064229424535467,0.029139083570414285,0.02725310171226349,0.0,0.0027926234111691306,0.0,0.0,0.0,0.002589909842433989,0.0,0.0,0.0,0.0,0.0,2.699837725867246,Lung Adenocarcinoma,0.30391349401993517,-0.747542734185301,-0.3758808305273521,0.8588516810857197,0.6818997502401086,0.5692926040861273,0.44151472876804554,0.15648318440766146,1.3568000254377517,0.5692886471057219,-0.32839221735412805,0.01868599820741233,-0.574995396764086,0.6979973740188062,0.03659516289245948,-0.5972380248890777,-0.24318673340021163,-0.5580181814033129,-0.22238240301529963,-0.37441925795596065,0.44064685245595,0.4122699949765448,-0.46044782624697705,-0.38118519482093643,-0.1492099048227543,-0.2898092934088697,-0.4414597475970732,-0.1393760823817581,-0.2000908842162977,-0.2960762218082559,-0.281743859952485,-0.22053400216924127,0.1449499282452543,0.7697461506336041,2.1102071424264977,0.12301503850385971,0.1644261789345042,-0.7554477931071217,0.7403148006331874,-0.8826347422976957,-0.8758434243886194,0.631879611992094,-0.6470145227741091,0.9208466290536781,-0.0868853985792111,0.13009698799935596,0.4834006393079087,0.36885425108271686,0.5244210095293442,0.5292951914030537
TCGA-99-8028-01A,0.0,0.0027043535061146823,0.0,0.4604635694678839,0.0,0.0,0.0,0.0,0.0,0.0,0.0,0.0,0.0,0.0,0.0,0.0,0.0,0.0,0.0,0.0,0.0,0.0,0.0,0.0,0.0,0.0,0.09080505290932636,0.007372021120023463,0.0,0.0,0.0,0.07402165273212423,0.0,0.0,0.0,0.0,0.08719363643876764,0.0,0.0,0.012587750806818353,0.0,0.0,0.08714432651879053,0.0,0.0,0.005473620500897528,0.0,0.0,0.0,0.0,0.0,0.0,0.0,0.0,0.0,0.0,0.0,0.0,0.008277843197568233,0.04766246711402364,0.0,0.0,0.0,0.009623913985913128,0.0,0.0,0.0,0.0020450452411470846,0.0,0.0008659627041495221,0.0,0.0,0.018518887529968175,0.0,0.0,0.0,0.0,0.006805364295485594,0.0,0.0,0.0,0.0,0.0,7.019559742145886e-05,0.0048466019193805065,0.0,0.0,0.0735177344141961,0.0,0.0,0.0,0.0,0.0,0.0,0.0,0.0,0.0,2.5774917998372255,Lung Adenocarcinoma,0.25238905752126645,2.3216091359659674,-0.04652399765149529,1.8700085650932194,1.3584367249539453,1.1083061749744245,2.507744634933013,0.11595810413360108,0.06681453225789982,2.056860307532521,2.2216041805685363,-0.5497316753816278,-1.1967056099878548,1.4646709714729407,-0.19572402438619216,-0.19257889358098582,0.06875975261682206,-1.2588958272645576,-0.2785845009778678,0.13172477826561493,0.5247802007442816,1.5588804462782153,2.51305316531023,2.3273991877751508,2.16831846435331,1.1394316810411393,1.7693962566099266,-0.5435564367362343,2.6437270551742813,-1.1898253191576027,-0.2563720258558413,-0.8346633459386211,-1.1593624722263696,1.2241464847145325,0.29769239343216564,0.2509087862644733,1.8103327857057863,1.3310232681263572,0.07428565259417072,0.13895056464800282,-0.21090347306340343,0.8725384079335666,-1.0999437973185275,1.054103616508818,2.4663372273448023,0.0017421882942146704,0.2952826673776148,1.1595199338102022,0.6947463034474874,0.40804048219465855
TCGA-99-8032-01A,0.023805921815857743,0.025721791671063095,0.00907390955000541,0.5361867827351204,0.0,0.015226601528427666,0.002857013829636733,0.0,0.0,0.0,0.0,0.0,0.0,0.020475923149308312,0.0,0.0,0.0,0.0,0.010487810441996195,0.0,0.011081430300746995,0.0,0.0,0.0,0.0,0.0,0.0018197129558020029,0.0,0.0013902691499373993,0.0,0.0,0.08463621437567737,0.038536305308660965,0.0,0.0,0.0,0.0,0.01817333105502276,0.006015421956781884,0.0,0.001916197337880593,0.0,0.01257155749884628,0.0,0.0,0.0,0.03945808253978178,0.0,0.0,0.0,0.0,0.0,0.0,0.0,0.006017750446059482,0.0,0.0,0.007909673104239017,0.006788001231263871,0.0,0.0,0.0,0.0,0.0,0.0,0.0,0.0,0.0,0.0,0.0,0.0,0.0,0.0366866562491534,0.0,0.0,0.0,0.0,0.01879262926456344,0.0,0.0,0.0,0.0,0.0,0.0,0.05875235511758434,0.0,0.0,0.005521310394583536,0.0,0.0,0.0,0.0,9.734699199932665e-05,0.0,0.0,0.0,0.0,2.5921767573958667,Lung Adenocarcinoma,0.08502746910055022,-0.3973221225629324,0.0315981567176385,1.0187219350523287,0.302145148521588,-0.671667851316679,-0.06438777145095086,-0.5686356434774558,0.1302844967416597,1.0254641858758955,-0.25118762540995826,-0.47028169590291596,-0.41213224124352266,1.1146891542256065,0.05654966314163324,0.3794977150654295,-0.22425653695545983,-0.3727971100705321,0.7507296871993668,0.6849597253453643,-0.6640450817921814,1.1455800769105347,0.30925821404630177,-0.2671412813705033,-0.10405382271636604,-1.0732022726334676,-0.8400213003233652,-0.9920592925341704,0.5459246142468809,-0.5373671231943089,0.5312248718290303,0.03690145031736283,0.1331352053306732,0.8943044576376595,0.319097304952821,0.4223321059933589,0.03884267920852119,2.069719979678659,-0.09967682997990934,-0.31016938444239434,-0.088286349168991,0.24263872457625912,-0.2100971249086873,1.0385018823943617,0.27695111051342625,0.8041789859474419,0.456578035492455,0.39339152691654716,0.233806385952109,-0.2623536416359703
TCGA-99-8033-01A,0.03149246888726519,0.024682234318872433,0.0,0.08207560853673214,0.0,0.0,0.0,0.0,0.0,0.0,0.0,0.0,0.020668434707831036,0.0024207345400185454,0.0,0.0,0.0,0.04146138943527557,0.006254386849779792,0.0,0.0,0.0,0.0,0.0,0.0,0.030394250679845514,0.05605482290758451,0.0,0.0,0.0,0.0,0.20986589159984642,0.0,0.0,0.0013676817551829532,0.0,0.0,0.0,0.0,0.0,0.0,0.0068611670161602255,0.03771473289271444,0.0,0.0,0.0,0.07213600483408666,0.0,0.0,0.0,0.0,0.0,0.0,0.0,0.08991932176769939,0.0,0.0,0.05022931661128513,0.0,0.0,0.0,0.0,0.0,0.0,0.0,0.0,0.0,0.0670157091730451,0.0,0.0,0.08367157249952617,0.0,0.0,0.053841388383847895,0.0,0.0,0.0,0.0,0.0,0.0,0.0,0.0,0.007325047822938926,0.02454783478046197,0.0,0.0,0.0,0.0,0.0,0.0,0.0,0.0,0.0,0.0,0.0,0.0,0.0,2.2329961103921536,Lung Adenocarcinoma,0.11854843786605124,0.8433363844899843,-0.7212443977138578,-0.20781288144645302,-0.23791774320219974,0.052855447275894134,0.8118888218076649,-0.16684353719718772,0.6380485203794966,0.13006961142535753,1.0023378465715955,0.8923914722095677,0.6044664817032932,0.1367612409658043,-0.14524901913474167,0.6121761154474579,0.21822764544168521,0.5748504630225589,0.93184278400632,-0.45891888050019675,0.2119979548635773,1.1142976096200576,0.22575515833450854,0.6457526253030536,0.6130765957249787,0.5333889524020899,0.8608010092418181,-0.2496797528742918,0.03377406348825233,0.3009351486582781,1.278398516996432,0.7922960250527572,0.9859889938071997,-0.4738756739926014,-0.7812908307835082,0.0925730416618,0.7792375340996839,-0.39118354386734333,0.039232693142382376,0.743214843409197,-0.3466427394735322,1.1714935882667834,-0.28776073278903835,0.1359511747736166,1.2128588370567235,0.9277861564099599,-0.0859536818640575,1.395393126131572,-0.15234725182401895,1.3270352938442163
TCGA-A1-A0SI-01A,0.03388526352573714,0.31514171059405355,0.0,0.0,0.0,0.0,0.0377430207136568,0.0,0.0,0.0,0.0,0.0,0.0,0.04391757931346598,0.0,0.0,0.0,0.0,0.4588689792421552,0.005195859936594911,0.0,0.0017557372213991243,0.0,0.0,0.0,0.0,0.0,0.0,0.0,0.0,0.022209123770893242,0.0,0.0,0.0,0.0,0.0,0.0,0.0,0.017264732116467035,0.0,0.0,0.0,0.0,0.0,0.0,0.0,0.0,0.0,0.0,0.0,0.0,0.0,0.0,0.0,0.0,0.0,0.0,0.0,0.0,0.0,0.0,0.0,0.0,0.022222726523470265,0.0,0.0,0.0,0.0,0.005115654038440175,0.0,0.0,0.0,0.021550265961144576,0.0,0.005260453918162668,0.0,0.0,0.0,0.0,0.0,0.0,0.0,0.0,0.0,0.009868893124359379,0.0,0.0,0.0,0.0,0.0,0.0,0.0,0.0,0.0,0.0,0.0,0.0,2.3138672203691533,Breast Invasive Carcinoma,0.06373066696677136,-0.019760852172924434,0.8091986662917483,0.1298491110208196,0.863194205393033,1.977091466813495,0.5706081947728159,0.4331436918367217,0.30212533934224833,0.09434641698049183,-0.03158915152890712,-0.034570171721008666,0.5310752579396268,1.6647201534739267,0.924456776052015,1.118449696659656,0.08333749384683965,0.5000525605484758,-0.06395412393603714,0.5727366972544927,-0.6888190244280421,0.04538853900291757,-0.08519124668011784,0.15783004694279967,-0.06482904377193453,0.8485876364605519,0.46071676292870073,1.1618981069936425,0.3795554631052134,1.002922548653754,-0.16145609350940798,-0.3537181220694807,-0.4466283236072902,1.0447337565511894,0.37574060841252654,-0.4312468200008914,0.3881503554617893,-0.28148867299602964,0.20546502539174807,0.7673073004374915,0.16456817177909822,-0.7010347993975695,0.6951614232224627,0.16579101254438852,0.14400850560172807,-0.5469393087920107,1.174261911055523,-0.6499550156397957,-0.8312635880841895,-0.33191302812269613
TCGA-A1-A0SO-01A,0.0478124340231981,0.029719637995966528,0.0,0.04513171182132244,0.0,0.0,0.0,0.0,0.0,0.0,0.1653608753563114,0.0,0.020823796264467093,0.0,0.0,0.0,0.0,0.0,0.017995123209260562,0.0,0.0,0.0,0.0,0.0066910820420267355,0.0,0.05769019777104173,0.0,0.0,0.0,0.0,0.0,0.0,0.0,0.0,0.0,0.0,0.10978998021156103,0.0,0.0,0.06510072712206644,0.0,0.0,0.10722555619908113,0.0,0.0,0.0,0.11280726657271588,0.0,0.0,0.0,0.0,0.0,0.0,0.0,0.0,0.0,0.0,0.002234348147320284,0.0,0.00608996855594342,0.0,0.0,0.0,0.0,0.0,0.0,0.0,0.001651453064543796,0.04183411957789831,0.0,0.0,0.0,0.08161210544578122,0.012028264376210268,0.0,0.0,0.0,0.0,0.0,0.0,0.0,0.0,0.053030215710574195,0.008351920276161773,0.007019216256547592,0.0,0.0,0.0,0.0,0.0,0.0,0.0,0.0,0.0,0.0,0.0,0.0,2.4345689040341987,Breast Invasive Carcinoma,-1.34974505974593,-1.946745898531679,-1.6968580131637774,-2.539948641929753,-2.035686830029943,-1.6607854693857507,-3.4837999120013308,-1.5631636134086522,-1.833617971868925,-3.2592189474145896,-3.156439856335701,1.3673167291403008,2.2683271621698156,-1.8912995222608555,-2.077567417243615,-2.5631523111636523,-1.3146631369258375,2.0091297424843217,-1.742776017363726,-2.1389306183284953,-1.9971825691231695,-3.4160389151781883,-2.746949393462054,-2.47745253257993,-2.64598902312898,-2.129265906657377,-2.4573059408201137,0.26949117742214695,-2.5254726931091285,1.7839994515384596,0.19424192650622737,1.76382091465737,1.5694530025485396,-2.6567798367498705,-1.3054224769807143,-0.16893899442417284,-3.1791488159227135,-1.6786327573747797,-2.341008759144823,-0.3407222974462042,-0.24521116381719532,-1.6852972726384552,2.8391699844037155,-2.010961098356619,-2.7314312492380126,0.37383027844980327,-2.003207014578126,-2.0523250149743797,-0.25881895458151094,-2.119732698226553
TCGA-A2-A04P-01A,0.0,0.009735011517772658,0.0,0.0,0.0,0.07842822242054434,0.0,0.0,0.0,0.0,0.0,0.0,0.0,0.01296393136122868,0.0,0.0,0.0,0.0,0.06025306566498775,0.0,0.0,0.0,0.0,0.0031027416705531243,0.0,0.0,0.018955020199508132,0.0,0.036490405293665026,0.0,0.0,0.013465665998923819,0.0,0.0,0.0,0.0,0.07289499442695334,0.01074372076605735,0.0,0.0,0.0,0.0,0.0,0.0,0.0,0.000878319447202939,0.34501467623160087,0.0,0.0,0.0,0.0,0.0,0.0,0.0,0.0,0.1105469931794911,0.0,0.0,0.0,0.0,0.0,0.012935900363939427,0.0,0.0,0.0,0.0,0.0,0.0,0.0,0.0,0.02303389796781666,0.0,0.0,0.0025409039521992823,0.015936335847181782,0.1074953943099979,0.0,0.0,0.0,0.0,0.0,0.0,0.0,0.058809860391388386,0.0,0.00577493898898741,0.0,0.0,0.0,0.0,0.0,0.0,0.0,0.0,0.0,0.0,0.0,2.0791812460476247,Breast Invasive Carcinoma,-0.2917850565496966,0.028985181401961973,-1.4126646092004616,-0.09552833575328917,-0.4834892898450972,0.2659153068169388,-0.12027751434655828,-2.046744036426307,0.4389566307050509,-0.4485620460795493,-0.6996553342702894,1.247388911299516,0.726970011691022,0.34958288213256455,-0.9733257544679084,-0.45478945615871685,-1.1293544337103607,0.7470819060491042,0.10692958210389446,-0.4682305889517576,-1.8313947420277708,0.254666754242084,0.0934819656533882,0.013490982005361685,-0.2200138257897535,0.5317698319076155,0.18559180437934908,1.2124999067166946,-0.014709300617816496,-0.22836129887218864,0.3346913782433743,0.8079624308250332,0.7668718153420387,0.3683891018478346,-0.8694600719411596,0.9440758415148462,-0.24777889744651893,-0.9869708207685445,-0.9074277481005458,-0.398598118064269,-2.281816167626436,-0.6048996229036624,0.29550631338267247,-0.6545961804268398,0.7035421713063676,0.4747778452587258,-0.44115737073226785,0.6529081541672386,-0.7648468106420757,-1.0250840594646249
TCGA-A2-A04W-01A,0.006290046919669417,0.21084441847276966,0.0,0.0,0.0,0.0,0.12386025098444478,0.0,0.0,0.002947986520506654,0.0,0.0,0.0,0.08372807521695416,0.0,0.0,0.0,0.0,0.34890557622734847,0.0,0.07601418623198963,0.0,0.0,0.005453735108855937,0.0,0.0,0.0,0.017848376577565425,0.0,0.0,0.0,0.0,0.0,0.0,0.0,0.0,0.0,0.0,0.0,0.0,0.0,0.0,0.0,0.0,0.0,0.0,0.0,0.0,0.0,0.0,0.0,0.0,0.0,0.0,0.0,0.0,0.0,0.0,0.005620690180154573,0.0,0.0,0.0,0.021275219793271884,0.03510668869306348,0.0,0.0,0.0,0.0,0.0,0.0,0.0,0.0,0.0,0.0,0.0,0.0,0.0,0.0,0.0,0.0,0.0,0.0,0.0,0.03707240730548431,0.025032341767921528,0.0,0.0,0.0,0.0,0.0,0.0,0.0,0.0,0.0,0.0,0.0,0.0,2.143014800254095,Breast Invasive Carcinoma,0.8525370984032089,-1.2787431996271548,0.3798502390054661,0.9514313147645207,0.7397306774014963,2.0456783831404874,-0.26288782738203287,-0.172863587583651,1.4130194691128826,0.417589445015742,-1.051314667205516,-0.2902603106316984,-0.16223140933214955,1.3675846026302778,1.2919585798924813,1.456699031418387,-0.0913096325609239,0.07795024901102521,1.330155149408274,0.24817840473306468,-0.7639481945880188,0.4739476942459514,-0.5657777745547796,-1.3214999232905271,-0.680507020875546,-1.5499098991872655,-1.5206443629169577,0.45283778204698877,-0.18014432196827437,-0.44186040150730704,0.7542594529020675,-0.0001662242028352756,0.01481592213226063,1.3130438536070903,0.877463465657997,0.8011489195843798,0.5415887571060155,0.2129153951263154,0.025616915111632575,-0.3390742120624235,-0.18556201040034637,0.22095935161172348,-0.17240140384624753,0.3481508995997031,0.036961938383562855,1.0204341695794128,0.3085962811899402,0.6894485865779477,0.4648738316152251,-0.4268908784568253
TCGA-A2-A0CL-01A,0.057009599700168744,0.2662904882295382,0.0,0.0,0.0,0.0,0.04690086717788426,0.0,0.0,0.0,0.0,0.0,0.0,0.03963664905375789,0.0,0.0,0.0,0.0,0.36556477799917203,0.0,0.0,0.0,0.0,0.0,0.0,0.0,0.00759132893784644,0.0,0.0,0.0,0.0,0.0,0.0,0.0,0.0077179642043017724,0.0,0.0,0.0,0.006131083877297286,0.0,0.0,0.0,0.0,0.0,0.0,0.0,0.010380050281327425,0.0,0.0,0.0,0.0,0.0,0.002894190330741921,0.0,0.0,0.01855814509097084,0.0,0.011157719247094414,0.0,0.0,0.0,0.05647932643022497,0.0,0.015488405954376616,0.0,0.0,0.0,0.0,0.010271816098733537,0.0,0.0,0.0,0.0,0.046925194222559426,0.0,0.0,0.0,0.0,0.0,0.0,0.0,0.0,0.0,0.009419594048795443,0.0,0.020571397238214946,0.0,0.0,0.0,0.0,0.0,0.0010114018769938064,0.0,0.0,0.0,0.0,0.0,2.143014800254095,Breast Invasive Carcinoma,0.2907800628621647,1.7207678488053673,0.9981309085180873,0.151238971016247,0.3458544931827586,1.944897143691307,1.2128556292744996,0.2918524533703854,-0.738257166181555,0.3192435255525303,0.7486614183050697,-0.6085777456029416,0.35962660079964254,0.8800645760300039,1.0354815260015031,0.256771676459285,-0.7674530226743231,0.49458401693276344,-1.5460927208342496,-0.6113332302748877,-0.8858336905952562,-0.00792155415143999,1.3872670095680049,1.4780757432814622,1.052451018359313,2.1914434520259345,2.0007177427184986,0.16769489686196923,1.080355385087693,1.015077454470972,0.04423483299683809,-0.11172704058437856,-0.3762751543044974,0.7747301799178782,-0.6299639974995582,-0.8280094020353966,-0.3929494189487558,-0.0740827917988869,-1.073392699731358,2.1347489360237613,-0.3786449487907084,-0.17170770333361765,0.14088756497963645,0.8442115268550444,1.1796305906244147,-0.07759474346379079,1.0899639781086339,-0.8009464557050937,0.3652030584269593,-0.5227223875332174
TCGA-A2-A0CR-01A,0.013254191759854398,0.3418455801044729,0.0,0.0,0.0,0.0,0.1142817778554319,0.0,0.0,0.0,0.0,0.0,0.0,0.0,0.0,0.0,0.0,0.0,0.384721987310845,0.0,0.0,0.0,0.005345040852704066,0.0,0.0,0.0,0.0,0.0,0.006221142406765575,0.0,0.0,0.0,0.0,0.0,0.0,0.0,0.0,0.0,0.0,0.0,0.0,0.0,0.0,0.0,0.0,0.0,0.0,0.0,0.0,0.0,0.0,0.0,0.0019241575541937678,0.0,0.0,0.0,0.0,0.0,0.008899423635871132,0.0,0.0,0.0,0.0,0.0,0.0,0.0,0.0,0.0,0.01573161259420536,0.0,0.028883149528904858,0.0,0.003499818780560735,0.0007309197233265471,0.0,0.0,0.0,0.0,0.0,0.0,0.0,0.0,0.0,0.0,0.0,0.0,0.0,0.0,0.0,0.07466119789286368,0.0,0.0,0.0,0.0,0.0,0.0,0.0,2.0681858617461617,Breast Invasive Carcinoma,0.4747133034265739,1.6352492947086843,-1.4258827579391433,0.29462502318626477,0.6470805840395034,1.764819854630533,1.188189693710983,-0.21128539809222097,-1.0218290388772524,0.9655416173424778,0.4216709884663435,1.0232502836921602,-1.029597184228291,0.5342055335579204,2.2614456599055655,2.21830065323513,-0.24714321077279944,-1.2405176678365772,-1.7860065303867925,-1.1144731951565436,-1.7784488856805392,0.0003228998442071827,1.1949977460240757,0.8574489040666843,0.42096319283384587,1.013496549367281,0.9809741805833442,1.4083933634920507,0.6821079898356492,-2.12245944442821,-1.9858994661717975,-0.4048577498849447,-0.09458178471035984,1.7070342120209376,0.6936304978138955,0.7465904728988502,1.6428661782310572,-0.3556297390234624,-1.1559880039972652,-0.3532637836587863,-4.773759334618024,0.5948123482249572,-1.5553493527856992,-0.44066716924790605,0.7888961835098913,-1.23983122784796,-0.47418168507011454,0.5423152423717635,1.0939945588859599,-0.042886416581067566
TCGA-A2-A0CX-01A,0.014661093941765768,0.34821457702344744,0.0,0.0,0.0,0.058910493525265985,0.05083793215727313,0.0,0.0,0.0,0.0,0.0,0.0,0.12223299385448193,0.0,0.0,0.0,0.0,0.2607334714062908,0.0,0.0,0.0,0.0,0.0020482273788652405,0.0,0.0,0.0,0.0,0.0,0.0,0.0,0.0,0.0,0.0,0.0,0.0,0.0,0.013901802741175832,0.0,0.0,0.0,0.0,0.0,0.0,0.0,0.009138934786783208,0.06102692984834831,0.0,0.0,0.0,0.0,0.0,0.0,0.0,0.0,0.0,0.0,0.0,0.0,0.0,0.0,0.010874141071589596,0.0,0.0,0.0,0.0,0.0,0.0,0.0,0.0,0.008466820452066932,0.0,0.005237809767311926,0.018085072182713335,0.0,0.0,0.0,0.0,0.0,0.0,0.0,0.0,0.0,0.009177218747175529,0.0064524811154451165,0.0,0.0,0.0,0.0,0.0,0.0,0.0,0.0,0.0,0.0,0.0,0.0,2.4313637641589874,Breast Invasive Carcinoma,0.9765812960792646,-0.49952939270612357,1.088600754328028,0.502315884150661,0.43773948271800217,1.5044022985046854,-0.3533038285783687,0.4902340359306694,0.5912711424902969,0.6393722110075979,-0.11967256644537465,0.2996682766442976,0.6969997088620851,1.0636008324064956,0.148081291046994,0.5995524563076318,0.624778233784556,0.6351274942266428,0.6012155772080547,0.6346042931774816,-0.9733290953269651,0.12396749514087725,-0.18039380045773026,-0.40157495595839654,-0.5928443558387761,0.1280081052191908,-0.17527770917655344,-0.10534297514392683,-0.2698152503328661,0.4118307280888754,1.244051899751577,0.9797827481638645,1.3431446646751213,0.42862447883337124,-0.6420010182699467,0.6320678652140759,-0.40909099989568537,-0.827472178648236,1.7201504716433347,0.5298205889197114,0.6208340541093389,-0.38588609518608225,0.3723532456727659,-0.47503951665934174,-0.5691198510557697,0.8712063853735997,-0.1681827369700212,-0.5362265431538936,0.3592759906304227,0.09228409791679926
TCGA-A2-A0EQ-01A,0.014505546910553247,0.2174626954282624,0.0,0.0,0.0,0.05210403056932233,0.02384759457254602,0.0,0.0,0.008970030940886704,0.0,0.0,0.0,0.0,0.0,0.0,0.0,0.0,0.45520335794039724,0.0,0.0,0.0004035468968273114,0.009883279288343856,0.0,0.0,0.004107633491696185,0.0012157947727163445,0.0,0.0,0.0,0.0,0.0,0.0,0.015068789475377148,0.0,0.0013391020655115177,0.0,0.0,0.0,0.0,0.0,0.0,0.0,0.0,0.0,0.0,0.0353641435152747,0.0,0.0,0.0,0.0,0.0,0.003558318559412763,0.0,0.0,0.0,0.0,0.0,0.0061552083128810185,0.0380132723282506,0.0,0.0,0.0,0.0234496971023335,0.0,0.0,0.0,0.0,0.01302100755629145,0.0,0.005810392068173575,0.0,0.0,0.0,0.0,0.0,0.0,0.0,0.0,0.0,0.0,0.0,0.0,0.009449214873488423,0.010318477586035643,0.0,0.0,0.002353341682578447,0.0,0.04839552406283949,0.0,0.0,0.0,0.0,0.0,0.0,0.0,2.3521825181113627,Breast Invasive Carcinoma,-0.2824639511988113,1.2521744671651847,-0.18720754702005393,-0.5449263100330951,-0.7008055275245868,1.0695090660171602,0.10648874718684709,-0.5633315221321685,-0.35980901485255307,-1.063801838295682,-0.10577774226885636,0.7486817636096658,1.0658139150829513,-0.7102440618371615,-0.5220166285982871,-0.09435601961859619,-0.5172415036601536,1.1539479310919534,-1.1804895846631747,-0.6605455778315138,-0.6815089177903578,-1.2337392727954604,0.21731005921626173,0.5153365220226959,-0.0328861854076967,0.4549704243292511,0.6604069667077346,-0.5891607442742713,-0.3298241878127221,0.6695936715835934,0.6585889957113843,1.0771893695934875,0.8091901659933752,-1.152328067499758,-1.0067900759734032,0.6561336698360243,-1.236726672344558,0.06590691225549886,0.43415459698708103,2.342578481503235,0.04440107269335436,0.1792642800886057,0.5115085143231128,-1.1667559205882831,-0.5147536692803917,0.5251502776624687,-0.7728830259503131,-0.2677958422045336,-0.5584862967626372,-0.9473262195859508
TCGA-A2-A0EY-01A,0.08960716606963703,0.3810780983576803,0.0,0.0,0.0,0.0,0.0,0.0,0.0,0.0,0.0,0.0,0.0,0.07781118998000253,0.0,0.03529081213163006,0.0,0.0,0.2037730313071116,0.0,0.0,0.0,0.0,0.0,0.0,0.019680480282200673,0.0,0.0,0.0,0.0,0.0,0.0,0.0,0.0,0.0,0.0,0.0,0.0,0.0,0.0,0.0,0.0,0.0,0.0,0.0,0.0,0.0,0.0,0.0,0.0,0.0,0.0,0.0,0.0,0.0,0.0,0.0,0.0,0.0,0.0,0.0,0.0,0.0,0.008739386674744571,0.0,0.0,0.0,0.0,0.00809831291640312,0.0,0.014545479255611865,0.0,0.0011428751072553348,0.060485292652730054,0.0,0.0,0.0,0.0,0.0,0.0,0.0,0.0,0.0,0.04095226645667297,0.011270670878240926,0.0,0.0,0.0,0.0,0.04752493793007895,0.0,0.0,0.0,0.0,0.0,0.0,0.0,2.307496037913213,Breast Invasive Carcinoma,0.4814210116621028,-0.8559142974331542,1.1078184703469705,-0.6261783759264655,-0.25345745893289245,0.47025070694806725,-0.9774602076297785,0.48998622129791547,-0.4282726259505449,-0.8838546896440079,-0.8254709260948365,0.2910879209432302,-0.11598753685951813,-0.08105445062087901,1.9272430833351009,1.1960086127871936,0.13117941656654145,-0.07092829148402309,-1.1917053774663986,0.011424244119803369,-0.0054857262575323485,-1.6693871325970404,-1.1460012284229542,-0.8485551296553487,-1.185183254697966,-1.6829146152242238,-1.5568830658939397,-0.1867822516580009,-0.879757922844167,0.15722821178526847,-0.21015336630930423,-0.38346628220970935,-0.024113188416203312,0.13295254375900903,-1.0164307075931314,-0.2231904070532389,-1.194719654622571,-1.1221945069870614,-0.09127232545176978,0.37559406341218043,-0.14964958059487937,-0.5048466370251419,0.11500325039712864,-1.1589898324319408,-1.1959455809413033,-0.3926282412316276,-0.7410899562360043,-0.502184727976624,-1.1322084701576243,-0.1409303345982919
TCGA-A2-A0SY-01A,0.014624511105576077,0.15483854226419266,0.0,0.0,0.0,0.0411436512879065,0.15665744790111857,0.0,0.0,0.0,0.0,0.0,0.0,0.12353124767033255,0.0,0.0,0.0,0.0,0.35093691390140375,0.0,0.0,0.0,0.0,0.0,0.0,0.0,0.0,0.0,0.0,0.0,0.0,0.0,0.0,0.0,0.0,0.0,0.0,0.002219318831201732,0.0,0.0,0.003923471912482378,0.0,0.0,0.0,0.0,0.0,0.0,0.0,0.0,0.0,0.0,0.0,0.0,0.0,0.0,0.0,0.0,0.0,0.006795799566382239,0.0,0.0,0.0,0.0,0.0,0.0,0.0,0.0,0.0,0.0,0.0,0.0,0.0,0.0,0.005327674005108666,0.0,0.0,0.0,0.0,0.0,0.0,0.0,0.0,0.0,0.010927749033088591,0.0,0.0,0.0,0.0,0.0,0.12907367252120647,0.0,0.0,0.0,0.0,0.0,0.0,0.0,2.0969100130080562,Breast Invasive Carcinoma,1.0450222487091063,-0.3389198127299323,1.5050984341955271,0.1706346967095725,0.33811474613171705,0.7229268158322256,0.5303173267489452,0.3132596143608103,-1.1304862556390518,-0.10408931191763704,-0.5568865806871176,-0.04057768853523436,-0.49181031353483295,1.0548239668972528,3.1182832151504893,2.619624411078649,0.33709818714451806,-0.4226884729357536,-0.7194025441680254,0.2094595678045683,-0.9830895906615824,0.21510852157925092,-0.2598766222763456,-0.29231558187967044,-0.45181495874865807,-0.7564826867555197,-0.6986879722517937,0.6396567277988563,0.22490119501813435,-0.17915406138455475,-1.2395180961510417,0.14834944316477597,-0.32739250140796516,0.6862297573179346,-0.8777185626407168,-0.042315676095414326,-0.3086013590856392,-0.18147214925857827,0.19098773442219139,0.3596851436255657,0.2822838633646102,-0.616288224467312,-0.41537036128561244,0.49576818431965125,-0.08335423628418731,-0.3493877048327143,1.3520141482762225,-0.37850948522691014,-0.719257542460119,-0.025847626813300387
TCGA-A2-A0T0-01A,0.03694538178216762,0.0,0.0,0.0,0.0,0.0,0.06870644797157348,0.0,0.027616374216447172,0.016110617720518635,0.0,0.0,0.0014735026094132016,0.0,0.0,0.0,0.0,0.0,0.036301263623051624,0.0,0.03280723505910993,0.019608056467775165,0.010241313374763493,0.0,0.0,0.0,0.0,0.03655586715798834,0.0,0.0,0.0,0.07519439426493517,0.035828961190631545,0.0,0.0016713414456325493,0.0,0.0,0.0,0.0,0.05376668306412597,0.0,0.0,0.0,0.03779547229162694,0.0,0.0,0.2814345715894591,0.02422922925606167,0.0,0.0,0.0,0.029586404557852716,0.0,0.0,0.03862932364562478,0.013149494311136774,0.0,0.0,0.0,0.0,0.0,0.0,0.001006800191802135,0.010288917274851083,0.0,0.0,0.0,0.0,0.0,0.0,0.0,0.0,0.06935023267521105,0.0,0.0,0.03332415418359033,0.0,0.0,0.0,0.0,0.0,0.0,0.0,0.0,0.0,0.0,0.0,0.0,0.0,0.0,0.0,0.0,0.00837796007464962,0.0,0.0,0.0,0.0,2.2174839442139063,Breast Invasive Carcinoma,0.37553097831534776,-0.7050409971461006,0.06501759121605227,0.31870234559513483,-0.3149146330803259,0.5703219662265271,-0.7128617626522812,-0.5169805186628309,0.6979321758716236,-0.7555491632625996,-1.1623260169119671,0.9424026926699495,1.2290046308525606,0.507439629764454,-0.7203871745715952,-0.4911698810896901,-0.8979133939005183,1.3083759158093158,0.8253481291938463,0.04856873465921578,-1.4015872284594708,0.9912542905844135,-0.9852061089631321,-0.8352536311096457,-0.9262358465609697,-1.480710068728999,-1.2374071686133734,-0.39560020397165624,-0.8010666360881086,0.3866438659772822,0.7863612016104394,1.9655133515092904,1.8495909198419365,-0.09550794330717502,1.5354556239892523,0.9555084800946145,0.0757495168516086,-0.42714026706921987,-0.7925264115353413,0.1878298260428486,-0.04039415243604664,-0.15305994991326655,0.9930542777921136,-0.95679714213638,-0.8529273409077126,1.3869570215739577,-1.0603726536516265,-0.6548519357563513,1.0090262747622307,-0.8562638374980807
TCGA-A2-A0YK-01A,0.019022094209506926,0.3711364104408283,0.0,0.0,0.0,0.0,0.01921930909088951,0.0,0.0,0.0,0.0,0.0,0.0,0.029957417573366778,0.0,0.01290556824524072,0.0,0.0,0.4514452658640699,0.0,0.0,0.0,0.0,0.0,0.0,0.0,0.0,0.0,0.0,0.0,0.0,0.0,0.0,0.0,0.0024420583943535233,0.0,0.0,0.0,0.0,0.0,0.0,0.0,0.0,0.0,0.0,0.0,0.0,0.0,0.0,0.0,0.0,0.0,0.0,0.0,0.0,0.0,0.0,0.0,0.0,0.0,0.0,0.01383071889566059,0.0,0.002512550294812341,0.0,0.0,0.0,0.0,0.007937903893301507,0.0,0.0,0.0,0.0015412242121559815,0.0,0.0,0.0,0.0,0.0,0.0,0.0,0.0,0.0,0.0,0.027496473127063603,0.0,0.0,0.0,0.0,0.0,0.04055300575875038,0.0,0.0,0.0,0.0,0.0,0.0,0.0,2.5490032620257876,Breast Invasive Carcinoma,1.0226870535007098,0.7786434956928336,2.6043726965233973,0.8937585318083808,1.4036293229673673,1.667592168258197,0.49226980717670055,1.4770529964533494,-1.299251650856598,0.3375061376749745,0.5285796994091996,-2.0043945301719712,-1.3270661052065427,0.9562676365748378,1.7210660201283816,0.8470693751744957,0.04420926302256474,-0.984606757401013,-1.460034114713988,0.9303856268979718,0.3741469200681599,0.32449107538806937,1.3359929709295515,0.6775056567956773,0.31576972342994725,0.3851470353735081,0.55470315939127,3.117731236774559,1.2976939021818497,0.06532987243855491,-1.8255444736251223,-1.3208827986638396,-1.3218366930885865,2.255623029394443,1.2790777384735486,-1.0721872511075623,0.17806949718153112,0.1192132823236523,-0.45429163907291653,1.2541679161735606,0.4209109023174123,-0.9870865946226841,-0.8536196043748357,1.3653551159778157,0.7121853511895126,-1.1934228729780691,2.4262521136462194,-0.8366928813337833,1.5046568558916198,-0.2982726260196817
TCGA-A2-A25A-01A,0.0,0.08751630160105758,0.0,0.0,0.0,0.0,0.0,0.0,0.0,0.0,0.0,0.0,0.009101481760303634,0.0,0.0,0.0,0.0,0.0,0.06202252273305786,0.05248850947039318,0.0,0.0,0.0,0.0,0.0,0.0,0.0,0.0,0.0,0.0,0.0,0.44339703393016844,0.0,0.0,0.0,0.0,0.04153146773421093,0.0,0.0,0.0,0.0,0.0,0.022309078111690278,0.0037346986881481234,0.0,0.1559380831192676,0.0,0.0,0.0,0.0,0.0,0.0,0.0,0.0,0.1041080057431315,0.0,0.0,0.017852817108570965,0.0,0.0,0.0,0.0,0.0,0.0,0.0,0.0,0.0,0.0,0.0,0.0,0.0,0.0,0.0,0.0,0.0,0.0,0.0,0.0,0.0,0.0,0.0,0.0,0.0,0.0,0.0,0.0,0.0,0.0,0.0,0.0,0.0,0.0,0.0,0.0,0.0,0.0,0.0,2.424881636631067,Breast Invasive Carcinoma,-0.08374235528533351,-0.19298559226141548,1.4486468723805856,1.2594995796947202,1.496674161662232,1.4628749120149105,1.0430538298956802,0.01033892484329139,-1.7640641067786895,0.9134760772433013,-0.05520830844049003,-1.004454431194113,-0.6909229795763447,1.4257759230776372,2.782826628062274,2.2654089628119856,-0.9699638828898505,-0.425273826142857,-1.599094333171009,1.215545730344253,-0.36017739319489306,0.40397170973032326,0.6102014408814492,0.03405847379131107,0.25053030950078126,0.02693957004309702,0.024928575908656086,0.85401703278202,0.9050685223574153,0.36600313705094095,-1.9279033184871268,-0.6644851813385364,-1.2751333487372647,1.6081704345865753,1.1779229663712176,-0.879558422292517,0.7032517545407548,0.9000475090227948,-0.9827860616932796,0.48977907270756393,0.4813595601410629,-1.0399859341202864,-0.44981261392261396,1.9241543355883022,0.9608787248916858,-0.8694284155838649,2.5984471853125752,-0.38126869867619556,1.5673342612172327,-0.906247430195386
TCGA-A2-A3Y0-01A,0.03129324968638717,0.015198165553153889,0.0,0.0,0.0,0.0,0.004145799549365374,0.0,0.0,0.0,0.0,0.0,0.0,0.0,0.0,0.0,0.0,0.0,0.07375774288492942,0.0,0.04846112218363535,0.0,0.0,0.01257270591681166,0.0,0.021965519389318348,0.0,0.030106358501510732,0.0,0.0,0.0,0.0,0.0,0.0,0.0,0.0,0.09199387928250648,0.049526588023789044,0.03226394485011411,0.011300578572425559,0.016704252335544463,0.0,0.0,0.0,0.0,0.0,0.4012389853427307,0.0,0.0,0.0,0.0,0.0,0.0,0.0,0.0,0.0,0.0,0.0,0.0,0.0014660662267031853,0.0,0.0,0.016532333521653245,0.041333524840133286,0.0,0.0,0.0,0.0,0.0,0.0,0.03327535069284083,0.0,0.0,0.00891908732305624,0.0,0.0,0.0,0.0,0.0,0.0,0.0,0.0,0.0,0.04606680181760545,0.011877943505785478,0.0,0.0,0.0,0.0,0.0,0.0,0.0,0.0,0.0,0.0,0.0,0.0,2.2013971243204513,Breast Invasive Carcinoma,1.0226181258861475,0.3604776257818587,-2.8539666186237693,-1.2538646001126168,-0.6285337403191047,1.9805669283067726,-0.7960580701725375,-0.0807111790438691,0.9116774964714737,-1.3818551304174405,-0.5121918381178173,1.8054170354816708,1.7016301059626426,-1.0434253478362543,-0.40753079463032027,0.6503668944529852,-0.042215319792341964,1.5672430269802584,0.6911026434940524,-1.04100431137071,-1.4378309316485387,-0.17300884930256769,-0.44035487375735716,0.4835582355928783,-0.30360179987535213,0.5908472406409532,0.40094358211210157,0.7135460658544378,-1.0705732602911056,-0.04628127368621965,1.1528656762672687,2.2209669079769743,2.595946210191864,-0.4323318273085688,-0.2830707282499687,1.0775888181856215,1.2279776766062693,-1.2131065514481998,1.4925504583885656,1.069616587183488,-2.7030926103040858,0.327575505564974,0.9014246445549006,-2.474890826525605,-0.18144922847046943,2.016769625888541,-2.6553368205705237,1.3862937548560168,0.07340591805624849,-0.5909698383397642
TCGA-A3-3313-01A,0.0,0.05467702698832971,0.0,0.0,0.0,0.0,0.0773278417467039,0.0,0.0,0.0,0.0,0.02679243323895014,0.0,0.0,0.0,0.0,0.0,0.0,0.0,0.08288654398704504,0.0,0.02085634575500965,0.0,0.0059903415214717995,0.0,0.0,0.04573085671498403,0.0,0.006355595463440726,0.0,0.0,0.17202662236140195,0.0,0.0,0.0,0.003414078703886603,0.0049416064486168775,0.04278423635129053,0.0,0.0,0.017825074115433187,0.0011891111319760738,0.0015852184072883417,0.0,0.07537990793608497,0.0,0.03873847555992752,0.0,0.0,0.0,0.0,0.0,0.0,0.0,0.0,0.0,0.0,0.0,0.0,0.0,0.0,0.0,0.0,0.0,0.0064541137943440255,0.0,0.0,0.0,0.01578613479585555,0.0,0.0,0.0,0.014819305987298647,0.0,0.0,0.0,0.0,0.029479041297441614,0.0,0.0,0.0,0.0,0.0,0.1368110110070852,0.0,0.043904819410490355,0.0,0.030265163018436323,0.0,0.0,0.04397909425720723,0.0,0.0,0.0,0.0,0.0,0.0,2.0253058652647704,Kidney Renal Clear Cell Carcinoma,2.0203809056005464,-1.5438888550620367,-0.4781917248362502,-0.5106051753513573,-1.4818382603573241,-0.7439997416827242,-2.0971954324890607,2.576853206545279,-1.9991814613524688,-0.7236706986265509,-1.0989013520033462,-1.0705820759647249,-1.3497315668980607,-1.1455157891417898,-1.1274921557795559,-2.014304554982318,2.5881683430829607,-1.3933920443278895,-1.8914518434832437,1.3660795628133453,1.0181213809321166,-1.1227357996921357,-1.0247759324687002,-1.2783049449749448,-1.321282021002416,-1.7792021275953214,-1.6414744825244534,-1.6173982121799946,-1.0488884904927167,0.010627796287722943,-0.6498101452836853,-1.1641109781659604,-0.6233989236366543,0.47709186461479663,-0.2536133698711378,1.560216993885513,-0.45280475399842873,-0.4546357073189351,0.776498321493811,-1.2763098469578766,0.1554550647916565,-0.7045260950369618,-0.42934285628094726,-0.7884700340881774,-1.298997447896005,-0.5176433748711143,0.31557160799423356,-0.8915915207124157,0.2813859319287852,1.266355998306694
TCGA-A3-3346-01A,0.03788507012691204,0.22142864013071717,0.0,0.0,0.0,0.0,0.016894599170603385,0.018449852798868772,0.0,0.015869698390964283,0.0,0.0,0.0,0.0,0.0,0.0,0.019334453010070758,0.0015927280500679852,0.0012264237886896285,0.0,0.016391866423725702,0.0,0.0,0.0,0.0,0.0,0.002996359573844125,0.0,0.01781529958270771,0.0,0.0,0.08989924985260198,0.0,0.0,0.0,0.0,0.0,0.060158256542982735,0.0,0.02212031688020229,0.0,0.0,0.0,0.0,0.0,0.0,0.0674387723531676,0.0,0.02904635159222635,0.0,0.0,0.0,0.0,0.0,0.009076368451977509,0.0,0.0,0.0,0.0,0.0,0.0,0.0,0.0,0.014301464055652626,0.03304707469292736,0.0,0.0,0.0,0.0,0.0,0.0,0.0,0.03584259080153973,0.0,0.010381617855856454,0.0,0.0,0.0,0.0,0.01463180880580325,0.011785026038083578,0.0,0.022965588447552882,0.19849990016756655,0.0,0.0,0.0,0.0032791084656971278,0.0,0.0,0.0,0.0,0.0076415139489903194,0.0,0.0,0.0,0.0,2.2013971243204513,Kidney Renal Clear Cell Carcinoma,1.7907045195674915,0.6135713663618574,-0.6215923344533101,-0.5051876015846304,-0.9384034597213665,-0.8161811357549307,-0.4093541134296912,1.3466700238259395,-0.18545481357962437,0.8510802577974391,0.7807315850022093,0.8317912369934456,-0.23379365529569418,0.2806074037055453,-0.5003509749934507,-0.5060326737028129,1.1610793769591234,-0.44903147298125934,3.1748011023963545,0.7874943385512077,-0.6041589383298687,3.497054131332059,0.3114903975080158,1.188058006483569,1.162459375294634,1.6203194250626844,1.4771999001366916,-0.43720596617054747,0.10959838399989935,-1.3995419867111645,0.6410330069163,0.23005077018873651,0.5281000877211647,0.7482969733345425,-1.6184320820795022,1.1764963108486843,0.4340061904968525,1.296504569340075,1.4692278270018093,0.3063531756632297,0.2799686116587941,1.510799229214982,-1.2222818332221366,-1.8502332448584173,0.9941247512408888,1.0287180894691208,-0.49479392435030634,1.3025429313962695,-1.7994621752532005,1.6616362509455065
TCGA-A3-3374-01A,0.0,0.0,0.0,0.0,0.0,0.00587498832579964,0.0,0.0,0.0,0.0,0.0,0.0,0.01879580862091965,0.0042342246347415674,0.0,0.0,0.0,0.0,0.0,0.09993093939099808,0.041325416834702415,0.0,0.0,0.0,0.0,0.0,0.0,0.012880880811520192,0.0,0.0,0.0,0.13382144325111991,0.0,0.0,0.0,0.0,0.0006166874088447027,0.0819420972100983,0.0,0.0,0.0,0.0,0.0,0.008122273788845457,0.0,0.0,0.0,0.0,0.0,0.0,0.0,0.0,0.0,0.0,0.0,0.0,0.0,0.021018116522540084,0.0,0.01028701154775665,0.0,0.0,0.0,0.0,0.0,0.0,0.0,0.0,0.0,0.0,0.04783159901040784,0.0,0.0,0.0,0.0,0.0,0.0,0.03199156674516356,0.0,0.0,0.0,0.0,0.0,0.06895426940365983,0.0,0.0,0.3817915525814129,0.0,0.0,0.0,0.008532592401162019,0.0,0.0,0.0,0.0,0.0,0.022048531510307195,2.1367205671564067,Kidney Renal Clear Cell Carcinoma,3.023471549552961,-0.11845516619286754,0.4984361941189131,-0.45043178258658856,-0.6113815208024873,1.3988841493907274,-0.7004401298814472,1.7603132616002397,0.6295097588108789,-0.12733223051148268,0.15739477866523088,0.07771539878495334,-2.213158510983735,-1.1505798967416496,-0.623849385194738,-1.1409246334178846,2.6684509404573116,-2.3140141697495626,-0.9718311273439822,0.8098267289810377,2.36771957529382,1.3606666080600165,0.9104831458915309,-0.07300580371357814,0.36070715672593784,-1.1420809014963986,-0.6330218373012652,1.071622307068855,0.3540086778758626,-3.0880992695181586,-0.4370112159402798,-1.6616351382947783,-1.1181207965228979,0.70347032447448,-0.716318234474655,2.6606773694702226,0.3376809279381381,0.8085369781724544,1.1509444613004804,0.17264566595633718,0.5082514853956049,1.4906922852072493,0.12483421520979214,-0.6087787096730015,0.17768960777463705,-1.654465397391511,-0.1479077316781243,0.41075546710870714,-1.2596951144646529,1.7299497946421631
TCGA-A3-3382-01A,0.009162632432337978,0.0,0.001818197641878226,0.0,0.0,0.0,0.0,0.0787647673118261,0.0,0.0,0.0,0.0,0.0,0.01604492020014373,0.0,0.0,0.0,0.0,0.0010880900441451217,0.0,0.0,0.0,0.0,0.0,0.0,0.028351423518751855,0.0,0.0,0.0,0.0,0.0,0.00800577363391861,0.0,0.0,0.0,0.01975807625286491,0.0,0.0,0.035965805385751816,0.0,0.0,0.011483160049813843,0.0,0.10604877535621336,0.0,0.0,0.09639412086442592,0.0,0.0,0.0,0.0,0.0,0.0,0.0,0.0,0.0,0.010799658340756055,0.0053278354470201635,0.0,0.0,0.0,0.0,0.0,0.057311136806438484,0.0,0.0,0.0,0.02671085593553714,0.026127487949418608,0.0,0.0,0.0,0.005474530316908802,0.0,0.0,0.0,0.009047742984032424,0.0,0.0,0.0,0.0,0.0,0.0,0.0,0.0,0.10094488947047545,0.09754867655441629,0.0,0.0,0.0,0.0,0.0,0.0,0.0,0.0,0.0,0.24782144350292504,2.041392685158225,Kidney Renal Clear Cell Carcinoma,1.5137971662776513,-0.023963802729717962,0.47624361335846643,0.6256146117981218,-0.35699128678357167,-1.1519377103225426,-0.673599086783718,1.1097489750337861,-1.3639152728321835,0.46759465811980017,0.378474018791309,-1.7254675496722731,-2.0706203690212077,0.11809522982395554,-0.32191560784460915,-2.1350858390957743,0.7669194513412333,-1.9882049539314124,0.6420279726335287,2.0557459135021685,0.004715953412497723,2.6378185415778517,0.5720258911291966,0.7410210309926887,0.35024639250569606,-0.3873057738773235,-0.05008195485443646,-1.0599873305182308,0.35916430143946615,-0.592228126543028,-0.9913980390548355,-1.5342311149236858,-1.3215883347055415,1.0835516058136767,1.0236182018449875,-0.44866000019135804,0.1723998147192292,0.7964529299224372,-0.24953317940466613,0.26733363734706544,1.1316972256565603,-0.7744525108011848,-1.2158328576943738,0.13849335373381347,0.13646274111829584,-1.2521727935263187,1.7063029359943167,-1.4069805036374086,0.3873035791022701,0.8517149690782011
TCGA-A3-A8OV-01A,0.0,0.008549076200797789,0.0,0.11834261508199105,0.0,0.06001556004276663,0.0,0.0001896603066983229,0.015357480213629027,0.0036759635961471013,0.0,0.0,0.011540157162419564,0.0,0.0,0.06618397388269791,0.0,0.0,0.008025746135187431,0.0,0.0,0.02515680006039145,0.016482675577422775,0.010948374917301064,0.0,0.05447409702149211,0.0,0.0,0.0056970143364575366,0.0,0.0,0.027039221254655632,0.0,0.0,0.0,0.0,0.0,0.0,0.0,0.0,0.0,0.0,0.0,0.0,0.0,0.0,0.0012980378797273421,0.0,0.17709563513604634,0.0,0.0,0.0,0.0,0.0,0.0,0.0,0.0,0.0,0.0,0.03424648402448477,0.030675424598151656,0.0,0.0,0.03643584376495801,0.0,0.0,0.0,0.011321624103468226,0.0,0.0,0.03941881820314839,0.0,0.0511952232823286,0.027499730941763122,0.0,0.0,0.0,0.0,0.05030421054443983,0.0,0.0,0.0,0.0,0.03518937963359585,0.03362923422477151,0.0,0.0,0.01243643359956875,0.0,0.0,0.02757550427349222,0.0,0.0,0.0,0.0,0.0,0.0,2.1335389083702174,Kidney Renal Clear Cell Carcinoma,2.8559150657019603,-0.6691654904711359,-1.1838273270322686,0.057154458298966954,-0.7689062881808275,-0.6555230531259679,-1.1514345652721132,2.2506647883656594,-0.9194194266886684,-0.4414985247823604,-0.8179911921086275,0.06498842514792155,-1.9202657708303685,-0.9991929072541942,-0.5919120297958768,-1.4191702101314994,2.6069033506962396,-2.173652576074615,1.4166529025976478,1.5413198563630957,0.5909170974111722,1.8102750168712547,-0.4072782024760218,-0.4132548019041156,-0.7338041476382607,-0.17242577550306454,-0.17607674048841937,-0.43567186990159923,-0.6796338638054336,-1.775980563988496,-0.852003094983256,-1.1426158630343488,-1.113257623748306,1.3171704610883863,0.33143791761636826,1.5355667982901682,0.43516399950657475,-0.5605981903017538,1.0197260296196335,-0.5027431013285137,-0.5572446238971878,0.7314476924197778,-1.524931538547712,-0.7825768259987965,-0.6796205812998234,-1.8597096789273566,-0.42649515506714974,-0.022562986749803705,0.91152028065164,1.7017544008224597
TCGA-A7-A0DA-01A,0.03705730567418014,0.026494293553369765,0.0,0.0,0.0,0.0,0.0,0.0,0.0,0.0,0.03635981179149785,0.0,0.0,0.0,0.0,0.0,0.0,0.0,0.0,0.0,0.0,0.0,0.0,0.015317453151824758,0.0,0.0,0.0,0.0,0.030290343046500037,0.0,0.0,0.0,0.0,0.0,0.0,0.0,0.20399234010233172,0.03031663888091858,0.0,0.028057218157700986,0.0,0.0,0.0,0.0,0.0,0.0,0.2795361473017163,0.0,0.0,0.0,0.0,0.0,0.0,0.0,0.0,0.030172067154942167,0.0,0.0,0.0,0.0,0.0,0.0,0.0,0.0,0.0,0.0,0.0,0.0,0.0,0.0,0.05279655663578735,0.0,0.019229770487129573,0.0,0.0,0.0,0.0,0.0,0.0,0.0,0.0,0.0,0.05412256339607502,0.028321846043755428,0.0,0.0,0.0,0.0,0.0,0.12793564462227047,0.0,0.0,0.0,0.0,0.0,0.0,0.0,2.1271047983648077,Breast Invasive Carcinoma,-1.1642315503361316,-1.0944422961381761,-0.393902918895137,0.6455218718421473,0.6717053592098463,0.8841582537597341,-0.6239705422144914,-0.9762620633166768,0.8369422378856846,-0.08924671624607604,-1.44599775167982,-0.38161098954967543,0.15785819152713165,1.1443180897365302,0.6409509647648318,-0.015264725227963129,-1.7392855891206354,0.476904550255266,0.16308049946767636,1.221739270389681,-1.2734540921352535,0.8853003195698447,-0.969309655825011,-1.373534752111432,-1.0121502020563178,-0.5474422349449382,-1.032926022529325,1.1800178976464442,-0.6455635246184757,0.8922817839574444,-0.1254402050168799,0.11836823109589699,0.30089762133017633,1.1919652972672499,1.151085898893624,-0.7069496438997299,-0.5905940221892403,-0.5714345248370769,-0.6430215983759333,-1.174350960281165,-0.6485381334207255,-1.1104150659731624,0.6353002066796386,0.47910193657339867,-0.6009411994794802,0.7925885279746955,1.008678966611451,-0.574129322588547,1.2427323030067476,-1.7920218236449852
TCGA-A7-A13D-01A,0.055081069508281316,0.0,0.0,0.0,0.0,0.02831291235136671,0.06781968344002365,0.0037709199111745496,0.0020457308517490068,0.0,0.0,0.0,0.0,0.005092628216125821,0.0,0.0,0.0,0.0,0.0986437944988068,0.0,0.0,0.0,0.021216527672120615,0.0,0.0,0.0,0.0,0.0,0.0,0.0,0.0,0.0,0.0,0.0,0.0,0.01917014232010534,0.0,0.0,0.0008750327386259686,0.05731717682696217,0.0,0.0,0.051355505254523585,0.0,0.0,0.0,0.32075719207995557,0.0,0.0,0.0,0.0,0.0,0.0,0.0,0.0,0.0,0.0,0.0,0.0,0.09890672501548486,0.0,0.0,0.0009160709695950114,0.0298792357542022,0.0,0.0,0.0,0.0,0.031218120073511862,0.0,0.0,0.0,0.0,0.06341059646326992,0.0,0.0,0.0,0.0,0.0,0.0,0.0,0.0,0.0,0.0,0.04421093605411491,0.0,0.0,0.0,0.0,0.0,0.0,0.0,0.0,0.0,0.0,0.0,0.0,2.0043213737826426,Breast Invasive Carcinoma,-1.413900166666399,-1.3058015878647262,0.42959733064220984,0.21339993477469543,0.8154490314772589,0.6459209893837221,-1.3248962133607174,-0.9405782724966769,-0.14316969299385593,-0.8107020746775687,-1.304434880897178,-1.2368601098690586,0.8297656849630992,1.1847373591422443,-0.3066943865522664,-0.7432859103612,-2.1654113986529575,1.1892099934121068,1.1894253379728388,1.3011145742258474,-1.970862217536834,1.5873979323979706,-0.4155565478861931,-1.1439087589537185,-0.675914226550549,-0.5867417106147018,-1.033890531119385,-0.3000818720453682,-0.2805386576881419,2.4813370809769006,0.44517784269795735,0.1051459550107862,0.1656329522746375,0.2767192182504925,0.8363068302236858,-0.9066303912076157,-1.072538627655028,-0.5826290717160127,-1.2325361435000965,1.1254523438855748,1.0168312295176059,-1.6620099656235323,1.4431397309312823,1.0226244498508346,-0.6269297435731751,0.7322103113187255,1.7690247551949203,-1.0658853261105619,1.5017147579140324,-1.7238872306255075
TCGA-A7-A26H-01A,0.13657451766819798,0.25394377826702935,0.0,0.0,0.0,0.0,0.0,0.046969294888270806,0.0,0.0,0.0,0.0,0.01633734847448092,0.016696462419796502,0.0,0.0,0.0,0.0,0.2538822867153459,0.0,0.0,0.000317775140786174,0.0,0.0,0.0,0.0,0.0,0.0,0.0,0.0,0.0,0.02112276664866117,0.0,0.0,0.0,0.0,0.0,0.0,0.0,0.0,0.0,0.0,0.0,0.0,0.0,0.0,0.0,0.0,0.0,0.0,0.0,0.03450002342929702,0.0,0.0,0.0,0.0,0.0,0.0034245962714097465,0.0,0.02429613552043909,0.030006399730133356,0.0,0.0,0.022500897323326524,0.0,0.0,0.0,0.01789420041639705,0.0,0.0,0.0,0.0,0.01732184932632488,0.08703890198532911,0.0,0.0,0.0,0.0,0.0,0.0,0.0,0.0,0.0,0.0,0.0,0.0,0.0,0.0,0.0,0.01717276577477436,0.0,0.0,0.0,0.0,0.0,0.0,0.0,2.0530784434834195,Breast Invasive Carcinoma,0.21381972403022456,-0.7413598047452175,0.9662138026296402,0.531288094363817,0.27836654454484644,0.9271757637843205,-0.17071321235365544,1.2067871776812733,-0.8719879885642495,-0.11132746971309887,-0.4706475968141274,-0.6411824479340901,-0.4625516766738783,0.8914910981115016,2.7360427978503856,2.0128211832438185,-0.009148853006144188,-0.30707621170044225,-0.9564805473782262,0.23938861152719207,-0.2527108128819364,-0.2999446544521355,-0.8973751138857678,-0.9362452731782315,-0.7715899787163214,-0.23906144977449634,-0.5716314852867477,0.9314596027514314,-0.1679563650952479,0.08249359896855205,-0.9531990174039305,-0.6183303784500068,-1.1412569706364224,0.3653203849069923,-0.9338383622761546,-0.706201324456404,-0.5275267633390013,-0.6730628037245199,0.3993675243080903,-1.3035700671761519,1.3798112515285188,-0.8717422944651626,-0.28239526980160956,-0.06322369335503951,-0.5776606679071103,-0.5396867215767409,1.0511768253491085,-1.2512632032359856,-0.9743365219016917,-0.12408199006898402
TCGA-A7-A56D-01A,0.05817006753018151,0.29470729663490597,0.0,0.0,0.0,0.1034751541059918,0.0,0.016706205080749322,0.0,0.014621233937222203,0.0,0.0,0.011957761752755498,0.0644459569647851,0.0,0.0,0.0,0.0,0.12490064426440842,0.0,0.0,0.014749460059545529,0.020354678869081315,0.0,0.0,0.0,0.0,0.0,0.0,0.0,0.0,0.0,0.0,0.0,0.0,0.0,0.0,0.0,0.014348473448129057,0.0,0.005756745673235705,0.0,0.005060125243732003,0.0035626224182007376,0.0,0.0,0.0,0.0,0.0,0.0,0.0,0.0,0.0,0.0,0.0,0.0,0.0,0.004231720174150843,0.0,0.0,0.0,0.0,0.0,0.0,0.0,0.0,0.0,0.0,0.0,0.0,0.0,0.0,0.10570929730488371,0.04779270887835404,0.01150557778314619,0.0,0.0,0.0,0.0,0.0,0.0,0.0,0.0,0.0,0.0010890655767704753,0.0,0.0,0.04105553591243505,0.03579966838733553,0.0,0.0,0.0,0.0,0.0,0.0,0.0,0.0,2.0863598306747484,Breast Invasive Carcinoma,0.18338434493279734,-0.7743690239293838,-3.05507796925184,0.4182366046161906,-0.4148945960887578,1.2780046145448538,-0.9806160042106808,-1.1412959423050208,0.25286791010524584,0.1572261809245882,-0.9032936864478129,1.5780490376746144,-0.5549132216803742,0.9703630546160527,0.8341368093246164,1.1824116532289444,-0.45674386592641547,-0.9541800579854127,0.6168958896768109,-1.1349184158590886,-2.2894490370468206,0.35180245421661077,-0.8358173902241518,-1.2313489156020825,-0.7872310674520737,1.2205459916933257,0.12478088804889563,1.4429620686278788,-1.1737156331407679,-2.9176729339053202,-1.2597048297989448,-0.35364949350811065,0.8949340849592975,1.6648363435484357,0.1119436869232019,1.6069594640436433,0.16318787975044893,-0.6848888948678806,-0.6667764396249976,-3.021919262799824,-5.517805172234891,0.34443796081547445,-0.60727527983273,-2.087446855072047,-1.3667285612701807,-0.7675325121709972,-1.7986691164609419,-0.05242469688806738,-0.437606419161173,-0.7849523736598357
TCGA-A7-A5ZV-01A,0.03165025876381626,0.023725605130234993,0.0,0.05454785569666837,0.0,0.03136032644777833,0.0,0.029150189005398744,0.0,0.0,0.0,0.0,0.0,0.034626741704621426,0.0,0.0,0.0,0.0,0.029894700165115185,0.0,0.0,0.0,0.013535860937825423,0.02710930175877998,0.0,0.0,0.0,0.0,0.0,0.0,0.0,0.06015332781157084,0.0,0.0,0.0,0.0,0.0,0.0,0.030359197229195882,0.0,0.0,0.0,0.029137393533845105,0.0,0.025592808376964867,0.0,0.2241007929111648,0.0,0.0,0.0,0.0,0.0,0.0,0.0,0.0,0.0,0.0,0.0,0.0027508393762834997,0.0,0.0,0.0,8.714664529292453e-05,0.0348223099937522,0.018154430403788845,0.0,0.0,0.0,0.015219602727332084,0.0,0.0,0.0,0.0,0.1297231342051081,0.0,0.0,0.0,0.0,0.0,0.0,0.08586232803856532,0.0,0.0,0.0,0.04728036446131898,0.0,0.0,0.02115548467557792,0.0,0.0,0.0,0.0,0.0,0.0,0.0,0.0,0.0,2.247973266361807,Breast Invasive Carcinoma,0.6237595185792669,-1.0126494851237442,-0.9704101980594997,-1.2263551224600964,-0.5442981269164667,1.0555380615535652,-1.8097417636495245,0.8507014056436459,-0.500619009190838,-1.1485736413539345,-0.994672579405542,1.2285389454938276,0.4730927098245143,-0.09134509544161601,-0.615417406158074,-0.01657505381929113,-0.5650069892001482,0.5307417404790601,1.4360163977528202,0.28097179708670456,0.4561874711151876,1.1566638107377156,-1.4175170457553938,-0.9044784318680463,-1.122946625580622,-0.6895538128863941,-1.1573644768154985,1.1636510860166032,-1.680400664079672,0.18471323345947022,0.28333280441624836,0.28818677681817495,0.7195416487605634,1.0512277282218216,0.9009561756531678,0.41302264045766807,-0.15262187522055812,0.3548323812151977,-0.233770468155706,-0.4062840590085958,0.07577162335900378,-0.5296456393358765,1.0224812389644875,-0.9805650087033948,-0.8616886706046056,0.9428356342740504,-0.3991044091571939,0.7344545210849368,0.47319959624493857,-0.4991831603702032
TCGA-A7-A6VX-01A,0.030118626404490603,0.09671441978735806,0.0,0.0,0.0,0.0,0.03208943275550474,0.0,0.0,0.0,0.0,0.0,0.0,0.0,0.0,0.0,0.0,0.0,0.06387220071426508,0.0,0.0,0.0,0.0,0.02235769102976257,0.0,0.0,0.0,0.0,0.0,0.0,0.0,0.1328353558736439,0.0,0.0,0.0,0.0,0.0,0.024163937333593233,0.0,0.0,0.008431769303157198,0.014327546804631677,0.0,0.0,0.0,0.0,0.20109524905985418,0.0,0.0,0.0,0.0,0.0,0.0,0.0,0.0,0.0,0.0,0.0,0.0,0.03418564645669887,0.0,0.0,0.0,0.005398742694643328,0.0,0.0,0.0,0.0,0.03856751353157239,0.0055804916037270206,0.04384496505370495,0.0,0.01280792492281711,0.0,0.0,0.0,0.0,0.0,0.0,0.0,0.0,0.0,0.03067197558833377,0.07791631203223597,0.03651157829095025,0.0,0.0029376029233387723,0.0,0.0,0.0,0.0,0.0,0.0,0.08557101783571622,0.0,0.0,0.0,2.060697840353612,Breast Invasive Carcinoma,0.6722264779429308,-1.350666988617117,-0.6249112725257668,-0.30497543859652615,-0.14356009781528553,0.8869504865966507,-0.39678260689087164,1.606416941152565,0.010197984256850407,-0.6110513404297525,-1.2209823662528405,0.6684894865040861,0.01035770817294837,0.8657004795046523,0.7828731519481166,0.2088775591026822,-0.2546582085995197,-0.05638837081759805,0.34509785135341703,-0.5414380587465554,0.014096859568504769,-0.5523872699835968,-1.5033266083352557,-1.1518375019290583,-1.2545891583844138,0.3755954899562216,-0.47544359039160167,0.4650144632261819,-1.3562628317009426,0.11052523661688755,-0.6319957446519556,-0.021842484565977455,-0.5933441626143194,0.9066428022764085,-0.6569192542890183,0.2701791215143448,-0.8529651066135903,0.5535054335931543,1.2022336057648189,-1.6653768427516915,-0.41751461780823984,0.4264409296139886,0.019943451908109686,-0.19264406277723475,-1.1580413306242636,-0.39498755403965957,0.2446266802797984,0.26114441126447047,-0.8735474988440433,-0.26865704923161243
TCGA-A8-A06Q-01A,0.010614330978028972,0.3108982865633081,0.0,0.0,0.0,0.020280391605628834,0.10742937363300276,0.0,0.0,0.0,0.0,0.0,0.0,0.05912712403674773,0.0,0.0,0.0,0.0004559310098924587,0.27676988248183454,0.0,0.0,0.0,0.0,0.0,0.0,0.0,0.0,0.0,0.0,0.0,0.0,0.0,0.0,0.0,0.0,0.0,0.0,0.004143554136728206,0.0,0.0,0.0,0.0,0.0,0.0,0.0,0.0,0.0,0.0,0.0,0.0,0.0,0.0,0.0,0.0,0.0,0.0,0.0,0.0,0.0,0.0,0.0,0.0,0.0,0.013532712773707592,0.0,0.0,0.0,0.0,0.0,0.0,0.0,0.0,0.03334496836605436,0.14430545492258912,0.0,0.0,0.0,0.0,0.0,0.0,0.0,0.0,0.0,0.019097989492477468,0.0,0.0,0.0,0.0,0.0,0.0,0.0,0.0,0.0,0.0,0.0,0.0,0.0,2.3502480183341627,Breast Invasive Carcinoma,0.5018746835143612,-2.15579841538427,1.2024115185627142,-3.107056358221529,-2.8692633549168893,-0.9842009270413135,-3.5007063939525063,1.1117274147438578,0.41242417505861784,-2.968783601933961,-2.5092692398123884,0.520560004552821,0.6889445114967964,-2.373907792881444,1.5545309605700006,1.0416096345939574,0.4931179104491117,0.7588218552201046,-0.5111333303028145,-2.3191928344017656,-0.8796947671576079,-2.6998436444308402,-3.005336278643062,-2.73727345391336,-2.735225384230076,-1.5537982305543148,-2.125560643056447,-0.7767370076521337,-2.8881645140036953,0.11764360608381101,0.5080054620989561,0.7978460793079067,0.724468480347207,-1.9685843940636978,-2.9938303235143304,0.8329963844603651,-2.5060610379421666,-2.186187795475985,1.2679330486405935,-1.3084485907167582,0.4421176340606721,-0.9188182202453398,0.750033412063622,-2.15188465005305,-3.27859196179206,1.005925902375254,-1.7442328475077802,-1.835308801728572,-2.059378566756573,-1.533945378129592
TCGA-A8-A06X-01A,0.1108660518354979,0.02111878674741727,0.1283824785517009,0.0,0.0,0.0,0.0,0.0,0.0,0.0,0.06196420613769909,0.0,0.00465396160393424,0.0,0.0,0.0,0.0,0.0,0.013352613230921045,0.0,0.0,0.0,0.0,0.0,0.0,0.028290415095351393,0.0,0.0006928904248167574,0.0,0.0,0.0,0.08330834038112855,0.0,0.0,0.0,0.0,0.0,0.0,0.0,0.0,0.0,0.0,0.0,0.007386171449254644,0.0,0.0,0.21713772302585968,0.0,0.010984136598976657,0.0,0.0,0.19174008151370608,0.0,0.0,0.0,0.0,0.0,0.0,0.013775963687872062,0.0,0.025204335146909257,0.0,0.0,0.0,0.0,0.0,0.0,0.0,0.044710828681158506,0.004336314513578505,0.0,0.0,0.0,0.0,0.0,0.0,0.0,0.0,0.0,0.0,0.0,0.0,0.0,0.0,0.03209470137421751,0.0,0.0,0.0,0.0,0.0,0.0,0.0,0.0,0.0,0.0,0.0,0.0,2.3096301674258988,Breast Invasive Carcinoma,0.6398584379869169,-0.8150772939731544,-1.1551058248467154,-1.3843756779477434,-1.0409658912616524,0.9822554202179166,-0.2682329171897671,0.4374858366973658,-0.6854627376013812,-0.25017140767116053,-1.0695608290242145,0.43815386974735576,0.77897354488658,-0.3212613186347065,1.5940386192624183,0.966551935026311,-0.67274833423956,0.8028112371159104,-0.02510231688238995,-1.005888252772107,-0.7668545486601489,-1.0313065577715195,-0.8753484084055089,-0.7975162830086124,-1.1094976905762013,1.2124537176581234,0.3917306117469984,-0.6425013408378495,-1.564760141945257,0.7337339610533942,0.11444149534912013,0.7249161984750992,0.712180354776988,-0.47278697899188116,-1.0274347623652234,0.7023652672155084,-0.14647832863122745,0.2535702290940888,0.1953258419065858,-0.4022596994394005,-0.3929985994027555,-0.5986724272026284,0.580394958717676,-0.3443540756588176,-0.6668080791065056,1.6368595658848895,-0.5232643358366527,-0.39260608831659166,-1.2157408525396236,-1.2025334925385145
TCGA-A8-A07R-01A,0.029094277854894737,0.03704897407857491,0.0,0.0,0.0,0.0,0.03305128839365025,0.0,0.0,0.0,0.0,0.0,0.0,0.0,0.0,0.0,0.0,0.0,0.0,0.0,0.0,0.0,0.0,0.004306882153466674,0.0,0.0,0.05291943905768889,0.0,0.0,0.0,0.0,0.0,0.0,0.0,0.0,0.0,0.0,0.0,0.031245566423303683,0.0,0.0,0.0,0.013938483721832153,0.0,0.0,0.0,0.3543933726673164,0.0,0.0,0.0,0.0,0.1730163575011805,0.0,0.0,0.0,0.0,0.0,0.0,0.0,0.058594194755924464,0.0,0.007047143585117674,0.0,0.009874022374806774,0.0,0.01223037306838599,0.0,0.0,0.0,0.0,0.0,0.0,0.0,0.08915027428468221,0.0,0.0,0.0,0.0,0.0,0.0,0.0,0.0,0.0,0.015238431512182557,0.037831813863892,0.03426650643354462,0.0,0.0,0.0,0.0,0.0,0.006752598269555482,0.0,0.0,0.0,0.0,0.0,2.3283796034387376,Breast Invasive Carcinoma,-0.33249445107052145,-1.380562173683762,-1.961035267652575,-0.6810660862798316,-0.49582290226180653,-0.36428307521648073,-1.5820514391713016,-0.6026805699950895,-0.13732603095129317,-1.8107009639826144,-1.4174756741490748,1.10995460645055,1.949462809093358,-0.3385056300439427,-0.3523880873258828,-0.04698685991212864,-1.3900038780873696,1.747895513845951,0.1897651118615327,-0.9338064186589121,-0.706695002808489,-0.3816187117824023,-1.3759264930670108,-0.9278746841507741,-1.1150826234295865,1.2363233265462736,0.0567482525671166,1.6922321085584915,-2.403300131849735,1.1466193036717607,1.297914695385772,1.9860449130478055,2.191570525718953,0.13786652394343876,-1.9427435946335132,0.9120352927866917,-0.648960787547801,-1.1604434764682543,-0.5426546914338264,0.14279436276893226,-0.6545392735510949,0.32299382357591305,1.8034344971772216,-2.0458355252455385,-1.868759703738344,2.055248376017522,-0.7720589201931282,0.762352868706931,-0.7613200257363525,-1.128651930979695
TCGA-A8-A07W-01A,0.15779370079341987,0.030844002971395106,0.0,0.0,0.0,0.0,0.0,0.0,0.0,0.005250689023766582,0.0,0.0,0.0,0.0,0.0,0.0,0.05358659363773964,0.0,0.031764351982727715,0.028968883340643927,0.07107324262814393,0.0,0.0,0.016742069883765996,0.0,0.0,0.016173143725856237,0.008692202145610187,0.0,0.0,0.0,0.045040359451655146,0.0,0.0,0.0,0.0,0.0,0.0,0.0,0.0,0.0,0.0,0.0915786461990514,0.0,0.0,0.0,0.05567089925325158,0.0,0.0,0.0,0.0,0.0,0.0,0.0,0.0,0.0,0.0,0.0,0.0,0.028136487094551986,0.0,0.0,0.0,0.03514012496188091,0.0,0.0,0.0,0.004933672897516025,0.0,0.016058271931542203,0.01536055785863904,0.0004273364136894666,0.1389326102000287,0.0,0.0,0.0,0.008272464728982402,0.0,0.0,0.0,0.0,0.0,0.025327832860150952,0.0,0.0,0.03997252202655149,0.0,0.0,0.0,0.061410323133407274,0.0,0.0,0.012849010856032263,0.0,0.0,0.0,0.0,2.100370545117563,Breast Invasive Carcinoma,0.471036230778701,-1.0386288048255374,0.025850658063162554,0.7745312453051244,-0.23287248744451508,1.6346955144978208,-0.5958519718344322,0.3280155240079724,-0.22391469215785562,-0.4600301923964486,-0.8735322466501433,0.5380752796755288,1.0277778172891543,0.3711480455484414,2.1079748083591996,1.339751877916868,0.09329342220532377,1.1004721031139484,0.03914483104561278,1.0504809394990056,-0.5399477421670293,-0.5906336323738499,-1.0577120503452593,-1.0654053795474827,-0.9527546309113908,-1.0161448276842722,-1.234901200724485,-0.8586126946398872,-0.9888773112075018,1.0141440693486279,0.7403288593747245,0.33988831948560233,0.5528887688217554,0.32555733408255433,-0.9430848400023124,0.16371313320710934,-0.37570896560093875,-0.8026957163752758,0.503657491177244,0.66897269919982,0.3799503049321451,-0.8861701145909013,1.0653533967104822,-0.01912856428419649,-1.3156326409853045,1.155741891875085,0.02234296051123248,-0.6464764936615857,0.6492712869757707,-0.3992989970872675
TCGA-A8-A08F-01A,0.0,0.011005220989574823,0.0,0.0,0.0,0.04175312868213102,0.0,0.0,0.0,0.0,0.0,0.0,0.0,0.0,0.0,0.0,0.0,0.0,0.014863530903708877,0.0,0.013703080302197445,0.0,0.0,0.03491400345965457,0.0341830705517355,0.0,0.11547263175710551,0.00316663658897924,0.014367621113402259,0.0,0.0,0.0,0.09713410759655441,0.0,0.008221943640842208,0.0,0.0,0.02775250150811588,0.0,0.02847984084387223,0.011370034566476783,0.01635388199413429,0.0,0.0,0.0,0.0,0.14394213920702206,0.0,0.0,0.0,0.0,0.0,0.025455535632738703,0.0,0.0,0.09776122999560236,0.0,0.0,0.0,0.06217544047282231,0.003435779746739739,0.025302651872659777,0.07520006671385877,0.0,0.0,0.0,0.015572527819130199,0.0035253699378688507,0.0,0.0,0.00041897614939773,0.0,0.006892719252139282,0.03777335883899456,0.0,0.0,0.0,0.0,0.0,0.0,0.0,0.0,0.0,0.029802969862540628,0.0,0.0,0.0,0.0,0.0,0.0,0.0,0.0,0.0,0.0,0.0,0.0,0.0,2.0718820073061255,Breast Invasive Carcinoma,-0.11480869069715965,-0.27387887537313516,0.04935279755912066,0.8672340146661671,-0.063779238848942,0.7817137741665213,-0.4926298250369589,0.17887744420322713,-1.20548178058003,0.2332285555534578,-0.4510145056971604,0.9708184306390066,1.1331859039633665,0.6769930100698862,0.8004166570288855,0.8307246474630817,-0.4105274572892456,1.2402526424395002,-0.17409600614566592,-1.1234223105572232,-1.0935677372182047,-1.1388523657806662,-0.4778656865513865,-0.11162084422210186,-0.189390824136546,0.3068226347783923,0.10854343809531874,0.7101848636562081,-0.7317192964699094,1.3015512776886518,0.3970187760374889,0.6301652787984652,0.40944272808382226,-0.20044970546375795,-1.1702341142784254,0.07290279492151865,-1.3366264542210413,-0.7500176867777977,-0.6174607741532018,-0.20727848818158034,-0.6390852369015213,-0.6704348235172144,1.1529711102231126,-0.9929664088657428,-1.0627664822414207,1.0790594347384743,-0.7037307063881929,0.0021358667288571497,-0.5919858335665349,-0.5778930301143261
TCGA-A8-A08L-01A,0.020713027349071895,0.10209885302605863,0.16923863987342597,0.0,0.0,0.0,0.06010601228071166,0.0,0.0,0.003573613441545618,0.0,0.0,0.0,0.0,0.0,0.0,0.0,0.0,0.21792116264068603,0.0,0.00989092963004406,0.0007759426980222558,0.010721688940152546,0.009071598595681478,0.0,0.002479342965138868,0.0,0.0,0.0,0.0,0.0,0.0,0.0,0.0,0.0049643375546037614,0.0,0.0,0.0,0.0,0.004249372683048857,0.0,0.0,0.05511743630883065,0.0,0.0,0.0,0.0,0.0,0.0,0.0,0.0,0.0,0.0,0.0,0.0,0.0,0.0,0.0,0.0,0.036792543580698354,0.0,0.0,0.007314808663995985,0.010467016109138493,0.0,0.0,0.0,0.0,0.009714803696660888,0.0,0.0,0.0,0.01176022723885952,0.0,0.0,0.07870674104549229,0.0,0.0,0.0,0.0,0.0,0.0,0.0,0.03846582729958073,0.0,0.0,0.01605227542883074,0.0,0.0,0.08663305839692041,0.0,0.0,0.018977887333576384,0.014192853219223854,0.0,0.0,0.0,2.330413773349191,Breast Invasive Carcinoma,0.20528438722329653,-0.574040426750381,-0.6069601967033473,-0.771293551853029,-0.05825748613670825,0.7270009180240844,-0.9492751794593575,0.2008051649112301,-1.0603293739260642,-1.0971501287558525,-1.1621639144792384,0.5178279372833045,1.0586734712167158,-0.3067372071306737,-0.2306708759738024,-0.0011027504442949199,-0.11312809859905373,1.0413010150248592,-0.045224199557986504,0.14468558358155417,-0.8700535562876773,-0.3200451485863147,-0.7728184114355658,-0.9353646132354014,-1.36960648136439,-0.9838280619149196,-0.9941308616419231,1.1704130257608258,-1.1025800128080183,1.4005521022881222,0.25640245934630945,0.6842191812264963,0.1441400906602179,-0.016866681567188797,-1.3307023589652864,0.7138487022743123,-1.052157904915862,-0.003235800342644039,0.9048263842296655,1.2673193180962408,0.12413812889920432,-0.27308258015536796,0.907582583981166,-0.8871000576534303,-1.2909266362107739,0.0488698575802964,-0.814672593429814,-0.7234762141500634,-1.2573735450775647,-0.8693948011627061
TCGA-A8-A08R-01A,0.038973325522298125,0.0,0.2584805451340385,0.0719109804611474,0.0,0.0,0.037455374021527855,0.0,0.0,0.006349251139308998,0.0,0.0,0.0,0.0,0.0,0.0,0.0,0.0,0.14284875719103285,0.0,0.01240554556917701,0.0,0.013152515423109672,0.012013854662648659,0.0,0.03874603195004078,0.0,0.015580437392519738,0.0,0.0,0.0,0.0,0.0,0.0,0.0,0.0,0.0,0.0,0.0,0.0,0.026754326012484817,0.0,0.03945889308525967,0.0,0.0,0.0,0.11538385990610855,0.0,0.0,0.0,0.0,0.0,0.0,0.0,0.0,0.0,0.0,0.0,0.0,0.02497159756059509,0.0,0.0,0.0,0.0,0.0,0.0,0.0,0.0,0.0,0.0,0.0,0.0,0.0,0.017596300545527927,0.0,0.0,0.0,0.0,0.0,0.0,0.026174884690706418,0.0,0.0,0.014036596948850372,0.031584136826018884,0.046538937284079165,0.0,0.009583848673519496,0.0,0.0,0.0,0.0,0.0,0.0,0.0,0.0,0.0,2.3710678622717363,Breast Invasive Carcinoma,-1.1992908586148765,0.3220852100928693,0.2111601389221597,0.24459165980147354,0.539975540059842,-0.22694393287784023,-0.6634350387614099,-0.3461076659816321,0.13832120177100932,-0.18370032390652544,-0.045995152660582905,0.3547968168513743,1.362376192208174,0.552027687403815,-0.026661229373913947,-0.11929269536200714,-1.070474910201499,1.4922656093422464,-0.582967118272922,0.7151213717839553,-0.24325666914388755,-0.6327606358842224,0.35821290698517916,0.06516662662462068,0.05036339549688029,1.0096562803202802,0.6674807369064089,0.6370051842991898,-0.4439788295144475,1.4770619688622302,0.39136075967423406,0.8419708720071956,0.7582781106050672,0.9374682245072637,0.4392026705334973,-0.5176660416573192,-1.4753740304668166,-0.5521344073264172,-0.398304786419605,-0.5096623779547942,-0.41090940169354156,-1.0775985948154305,1.6501884575667094,-0.5843144487762078,-0.5322845565008658,0.6439934048361865,0.48697606415136796,-0.003942632839325734,0.6016225998532447,-1.2733009301591554
TCGA-A8-A093-01A,0.02952141993331307,0.34599744392615817,0.0,0.0,0.0,0.0,0.0,0.0,0.0,0.0,0.0,0.0,0.0,0.1927747527954282,0.0,0.0,0.0,0.0,0.12238055208452539,0.0,0.0,0.0,0.0,0.0,0.0,0.05948249669976223,0.010140776847866403,0.0,0.0,0.0,0.0,0.0,0.0,0.0,0.0,0.0,0.0,0.0,0.0,0.0,0.0,0.0,0.0,0.0,0.0,0.0,0.0,0.0,0.0,0.0,0.0,0.0,0.0,0.0,0.0,0.0,0.0,0.00697147130157929,0.0,0.0,0.0,0.0,0.0,0.028620801887625856,0.0,0.0,0.0,0.0,0.0,0.0,0.0,0.0,0.0,0.20156841363472913,0.0,0.0,0.0,0.0,0.0,0.0,0.0,0.0,0.0,0.0,0.0,0.0,0.0,0.0,0.0,0.0025418708890121862,0.0,0.0,0.0,0.0,0.0,0.0,0.0,2.0043213737826426,Breast Invasive Carcinoma,0.328367928161087,-2.122442098913407,-1.004451022383123,-0.33736195362659066,-0.4466295635824906,1.105201840446132,-1.2265302609335675,0.4545357342665736,-1.0210395320609913,-0.4571630064073908,-1.9744329104654461,-0.14379162901853346,-0.5894247010161802,0.47621055598708206,2.562036992990063,1.4790225440167462,-0.5338731005886747,-0.4542763653401024,-0.9349357405058735,-0.7052699166016063,-0.439353625380235,-1.642479887983915,-1.9094571171472694,-2.1281160123739213,-2.1229385496953634,-1.4881859976696765,-1.990093925150091,0.5187884490813583,-1.7395192844520881,0.021116746819987674,-1.8255354562630084,-0.4931237143966704,-0.1358501994663236,0.2591775058809299,-0.3147520400881679,0.052489385109456756,-1.8884578459750556,0.6916706299356667,0.17348920298131068,-1.310686989273047,-0.04554026925581106,-1.659299524829114,0.12979308742497692,-0.4394713389948421,-2.181625754392381,-1.2024172204043388,0.7320151437513894,-1.8498539412042927,-0.27480307435239604,-0.6585963575173058
TCGA-A8-A094-01A,0.03544967951662713,0.2406111594844103,0.0,0.0,0.0,0.0,0.05278107185435927,0.0,0.0007491996852578041,0.0,0.0,0.0,0.0,0.0,0.0,0.0,0.0,0.08279039874793744,0.2651748765050307,0.0,0.0,0.0,0.01087658213933178,0.0,0.0,0.009018459664598508,0.0,0.013373459976978735,0.0,0.0,0.0,0.0,0.0,0.0,0.0,0.0,0.0,0.0,0.0,0.0,0.0015016205062494277,0.0,0.0,0.0,0.0,0.006813185871833629,0.0,0.0,0.0,0.0,0.0,0.0,0.0,0.0,0.0,0.022073157407407396,0.0,0.0,0.0,0.04183335711760443,0.0,0.0,0.0,0.00557805573986985,0.0,0.0,0.0,0.0,0.007051637108573539,0.0030048867719583944,0.0,0.0,0.0,0.018803214170113797,0.0,0.0,0.0,0.0,0.0,0.0,0.0,0.0,0.00186448529861783,0.0,0.0,0.0,0.0,0.0,0.0,0.18065151243324,0.0,0.0,0.0,0.0,0.0,0.0,0.0,2.2695129442179165,Breast Invasive Carcinoma,1.1769763597242617,0.2495480661237922,1.6568427572690536,0.5454001556490669,-0.1265965180431503,0.8206645056937557,-0.9151999919484277,1.4449293386119446,1.4616788907897733,0.33407717082471255,0.319248665176733,-0.2217459726971681,0.40195303920878755,0.4088975811780398,0.21284960087418608,0.529959199822711,0.78723386642826,0.7942937164322567,0.001453970830304159,-0.7396615573202389,0.41965742277479956,-0.8348675026522334,-0.2888115937284805,0.11281668497732766,-0.019962212331703953,-0.243127142425625,0.02010233181019159,-0.14931620591727485,-0.07486561526301212,0.5660551712528313,1.6243684211508913,0.43195018472193264,0.07431934290663333,-0.7130965624569595,-1.20003300577056,0.5276929771401334,-1.057278912009364,-0.5450481627779967,1.3755893027641772,1.1239577445308424,1.7946476893590173,0.17977779329774402,0.5702242396973838,-0.9626310865084123,-0.9429426632329314,0.42048362899627745,-0.2263987605496969,-0.8768075565321481,-1.1970344230791046,-0.004169398133912217
TCGA-A8-A095-01A,0.047312957745414656,0.31269954662436245,0.0,0.0,0.0,0.0,0.06148767365203394,0.0,0.0,0.0,0.0,0.0,0.0,0.06581268270711099,0.0,0.0,0.0,0.0,0.3547029446697358,0.0,0.0,0.0,0.0,0.0,0.0,0.0,0.0,0.0,0.0,0.0,0.0,0.0,0.0,0.0,0.0,0.0,0.02273253691999987,0.0,0.0,0.0,0.0,0.0,0.0,0.0,0.0,0.0,0.014841596669403104,0.0,0.0,0.0,0.0,0.0,0.0,0.0,0.0,0.033847073020325476,0.0,0.0,0.006548990324348105,0.0,0.0,0.00956686160144451,0.015068897262683994,0.0,0.0,0.0,0.0,0.0,0.0,0.0,0.0,0.0,0.0,0.004174229868192792,0.0,0.0,0.0,0.0007904972748703321,0.0,0.0,0.0,0.0,0.0,0.0,0.020196135458224348,0.03021737620184965,0.0,0.0,0.0,0.0,0.0,0.0,0.0,0.0,0.0,0.0,0.0,2.1702617153949575,Breast Invasive Carcinoma,0.030710116993586188,-1.1217193726357457,0.9649199052863132,-0.1693114345098225,-0.18685098578863787,1.1088110925497656,-0.16083073350957464,0.5796290254967339,-1.1474668526548684,-0.4692231550772545,-0.9614312581184582,0.2768729901174266,1.0153194053963426,0.24918823533952775,2.665632066841094,2.611530500812593,0.32426015831709126,0.8961742344831053,-0.47564717412956437,-0.23492974327101213,-0.9000877455905091,-1.5511293559718253,-1.136984371926517,-1.2661944912737906,-1.3864840625800505,-1.1705538728197709,-1.411143646128066,0.3357858776088747,-0.7170238354005453,1.1509778728526263,-0.5536421040293746,0.4150972252878219,-0.3324479363147907,-0.24510096996524855,-0.10738848556778154,-0.27562265788531076,-0.3897261114563894,-0.1273748371365366,-0.3204941797069396,-0.4066613495081245,0.6708932329225232,-0.9308239341092046,0.994896310722281,-0.18687902605703446,-1.7051375087501957,-0.42453593590089295,0.5342967639834377,-1.7096549312525653,-0.2337070576480633,-0.6527562207955201
TCGA-A8-A09A-01A,0.0,0.024005430246568177,0.0,0.0,0.0,0.0,0.009218492836074312,0.027740686359701738,0.027394608521512837,0.0,0.029717685721155376,0.0,0.0,0.0,0.0,0.0,0.0031035960594608283,0.0,0.025359494561797046,0.0,0.06126304274342362,0.0,0.0,0.0011326483068641612,0.08898845216006747,0.015178977242073673,0.0,0.0,0.01398784544900251,0.0,0.0,0.07197444056617107,0.0,0.0,0.0015037787254861663,0.004677819492191741,0.007956051294913925,0.0,0.0,0.0,0.0,0.0,0.039291642038128675,0.0,0.0,0.0,0.0037727605343952334,0.0,0.07321364778246844,0.0,0.0,0.029310170409972826,0.0,0.0,0.0,0.0,0.0,0.0021572339514122907,0.0,0.2012949059973433,0.0,0.0,0.0,0.025812565849196747,0.0,0.0,0.0,0.0,0.0,0.0,0.04037038512366435,0.0,0.0449015505993218,0.012488545258235284,0.0,0.0,0.0,0.0,0.0,0.0,0.0,0.0,0.04577340447338404,0.0,0.014831445286801729,0.04262824969147102,0.0,0.0,0.0,0.0,0.010950442717739676,0.0,0.0,0.0,0.0,0.0,0.0,2.307496037913213,Breast Invasive Carcinoma,0.4347049366718615,-0.8512547578150739,1.1316477142436716,1.177172597921521,0.8393153406328291,1.13055507511112,-0.36771915232595476,0.9169312486534477,-0.6517157709754394,-0.03770093836979101,-0.6464209296027598,-0.9494073238011327,-0.5743360643771461,0.9663722889687949,2.2618375708591962,1.0790445419141008,-0.8355129793775571,-0.17790390720119428,-1.0055206724873214,0.20434051324439437,-0.33203694480602997,-0.8796193220644822,-0.5498910994202572,-0.9330563812177596,-0.853882347806447,-1.2102534737848702,-1.1873320603869704,0.6904705148194011,-0.4171596979874618,0.5794825624231302,-0.5365212995681904,-0.6317937891390124,-0.7477793749229523,1.068078919301586,0.1789840160399915,-0.45605277815054746,-0.8957478012154699,-0.13718172778270551,0.7588249242573196,-0.09310836202686593,1.1242874076137466,-1.5862947427921472,-0.12110402401657099,0.40681698695427615,-1.2811620682725058,-0.09074814862392187,1.4693418403057805,-1.9617712549027697,0.43817579195507617,-0.15825269869114925
TCGA-A8-A09G-01A,0.0,0.320586011984424,0.0,0.0,0.0,0.021233937727367744,0.0,0.0,0.0,0.0,0.0,0.0,0.0,0.09538890772087692,0.0,0.0,0.0,0.0,0.45763847244588773,0.0,0.0,0.0,0.0,0.0,0.0,0.0,0.0,0.0,0.0,0.0,0.0,0.0013435857308628366,0.0,0.0,0.0,0.0,0.0,0.0,0.016543200556751243,0.0,0.0,0.0,0.0,0.0,0.0,0.0,0.0,0.0,0.0,0.0,0.0,0.0,0.0,0.0,0.0,0.008581495094962678,0.0,0.0,0.0,0.0,0.0,0.0,0.0,0.006836299562409795,0.0,0.0,0.0,0.0,0.0007515161945836755,0.0,0.0,0.0,0.0,0.0,0.0,0.0,0.0,0.0,0.0,0.0,0.0,0.0,0.0,0.0011801288225216568,0.02447742800114558,0.045439016158206155,0.0,0.0,0.0,0.0,0.0,0.0,0.0,0.0,0.0,0.0,0.0,2.424881636631067,Breast Invasive Carcinoma,0.77110478542248,-0.34436549782787357,1.683287171186786,-1.5433614254516606,-0.9734420790390129,1.2262358814596888,-1.2410892611329294,1.0066868104223745,0.03862307173552981,-1.6344721220789555,-0.8454192250762749,-0.48359249466163456,0.38315048679459823,-1.106549690499285,0.1255344650342041,0.09943207842974638,0.36628427677195374,0.5836516753439067,-0.20955965576102603,-0.13708720720596537,-0.5593833975066468,-1.8293689577756318,-0.9517875070680445,-0.5870021048327435,-1.2877392526573963,0.24126903814078052,-0.14648222019184076,0.5036170417412641,-0.86405090144708,0.662399107625046,0.5193845805331035,-0.2130027088621528,-0.12516431968897795,-0.6763691766630603,0.13479841817422067,0.25363202192872747,-1.4524938100548819,-1.4145586695328076,0.8367442697687612,1.8246574960965047,0.6145480642539327,-0.34817954196043926,0.7480661069723662,-1.003748729333608,-1.740600873692054,0.47135437139982306,-0.5897553925593645,-1.8176792896957985,-0.9049818882471238,-0.46306480574696535
TCGA-A8-A09I-01A,0.10401254574394739,0.1557248655373455,0.0,0.0,0.0,0.09213201445070572,0.06666070976321332,0.0,0.00908689005347712,0.0,0.0,0.0,0.009080239404917905,0.036702820741732346,0.0,0.0,0.0,0.0,0.2096458895437582,0.008035514984348261,0.02853020370573793,0.0,0.018644435932360592,0.0,0.0,0.0,0.0,0.0,0.0081809094264622,0.0,0.0,0.0,0.0,0.0,0.0,0.0,0.0,0.0,0.0,0.0,0.0,0.010723945511186711,0.0,0.0,0.0,0.0,0.0,0.0,0.0,0.0,0.0,0.0,0.0,0.0,0.0,0.0,0.0,0.0,0.0,0.005854265532941235,0.0,0.0,0.0,0.0,0.0,0.0,0.0,0.0,0.008206945967626611,0.0,0.0,0.0,0.0,0.10252705585715341,0.020183764622964968,0.0,0.0,0.0,0.0,0.0,0.0,0.0,0.0,0.03663005208455405,0.002130203778514507,0.0,0.0,0.0,0.0,0.0,0.0,0.0,0.05219539172157539,0.0,0.015111335635476595,0.0,0.0,2.100370545117563,Breast Invasive Carcinoma,-0.3766719042497204,-0.2540206226891867,0.6061117345136338,0.20767591928030446,-0.6841961551970304,0.10609562942221856,-0.648457765972779,-0.8795102609735198,-0.22314850742339135,-0.025939168749232085,-0.03440454800785791,1.0443762257785656,1.3121790068437964,0.11333933576756855,1.3227944455998284,1.4299850254271569,-0.1072414792408104,1.4179026607023153,-0.4872845067170107,0.005780191262932643,-0.9527739932142953,-1.4353048117735823,-0.20659189278519766,-0.5463369946178116,-0.4889125371789893,1.427771948192494,0.8696137926401153,0.26188626953759714,-0.8005687945902682,0.9181204633752886,0.44933582498956337,0.9731202735483407,0.6982149489260248,-1.2106102089643664,-1.4812393713440228,0.5081980777698702,-0.7704888152107472,-1.0850585757436035,-0.4806338483300869,0.8403537099532515,0.496703918894685,-0.48915096177717715,0.8426042401992017,-0.9706115626669845,-0.733932667138427,1.1148591876392202,-0.7440842764484393,-0.4398923330778181,-1.5720781281993854,-0.6651133892330261
TCGA-A8-A09M-01A,0.0,0.02330719934714908,0.0,0.0,0.0,0.0,0.002689677797737669,0.0,0.0,0.0,0.0,0.0,0.06370185438025182,0.003445425301946855,0.0,0.0,0.0,0.0,0.0053131900857295465,0.0,0.0,0.0,0.04460107073964759,0.007219011941674773,0.0,0.0,0.0,0.04033329162214076,0.0,0.0,0.0,0.0,0.0,0.0,0.0,0.0,0.0,0.0,0.0,0.0,0.0206001871429769,0.0,0.0,0.0,0.0,0.01642897767806722,0.0,0.0,0.0,0.0,0.0,0.0,0.0,0.0,0.0,0.0,0.0,0.0,0.0,0.06856794462307896,0.06099288772477425,0.0,0.002828209503644345,0.0,0.022047866154661155,0.0,0.0,0.0,0.03013582327022565,0.021244276942675246,0.1749946807369115,0.0,0.1571242545508439,0.15826425594527727,0.0,0.0,0.0,0.0,0.0,0.0,0.0,0.0,0.0,0.0,0.0,0.0,0.05760343423095715,0.0,0.0,0.01855648027962841,0.0,0.0,0.0,0.0,0.0,0.0,0.0,2.100370545117563,Breast Invasive Carcinoma,0.4069009404634893,-0.47369949636447173,-0.2900718739607259,-0.6268774846199707,-1.206614658132552,0.2951822400285558,-0.38305674857845456,1.1841075247645663,-0.9154055647446502,-0.9390200517164242,-0.9202010851824711,0.9028961568404474,0.1868213355292246,-0.6211392184614275,1.9312461712490723,1.5053033844135557,0.29193293282196153,0.14216088442023367,-1.042642692648169,-1.5755797007638261,-0.5679671590700547,-2.1093737895324707,-1.2427214314897645,-0.8596962128784067,-0.981414592149431,1.1135364559350882,0.4015039058808857,-0.16627809852133965,-1.3099145942016088,-0.3115965539125703,-0.403785889026398,0.35093830411641064,0.09736746912985189,-1.0289816805984282,-2.4434033181353207,0.5861803944204468,-0.8817631874010393,-1.0324419350218395,0.9346982342353578,-0.5026756182752218,-0.5440251059936266,-0.6549308310398138,-0.06454414963160232,-1.6598386257251738,-1.430864316496567,0.6601998381500422,-1.3435490551132938,-0.517680596753828,-0.7559875836867909,-0.5381115497830898
TCGA-A8-A09Q-01A,0.11775493446285605,0.0063376253725586995,0.02314685389066476,0.0,0.0,0.0,0.0,0.04110708943974267,0.01549565611158873,0.0,0.0,0.0,0.00619609668044385,0.036289244656526276,0.0,0.06032538129142405,0.0,0.02476144820075337,0.0,0.0,0.0,0.01134190450966703,0.015656536619946402,0.0169270125957896,0.0,0.06209326011972533,0.0,0.0,0.0,0.0,0.0,0.02074029335063512,0.0,0.0,0.0,0.0,0.0,0.0,0.0,0.0,0.0,0.0,0.0,0.0,0.0,0.0,0.04883102892562449,0.0,0.0,0.0,0.0,0.0,0.04185549381479597,0.0,0.007279345235534091,0.0,0.0,0.0,0.0,0.030167600629659255,0.0,0.0,0.023252780532433362,0.09004443803769101,0.0,0.0,0.0,0.0,0.0178132767397476,0.0,0.0,0.0,0.08069091364043347,0.1664934162916233,0.0,0.0,0.0293880269926312,0.0,0.0,0.0,0.0,0.0,0.0060103418575042245,0.0,0.0,0.0,0.0,0.0,0.0,0.0,0.0,0.0,0.0,0.0,0.0,0.0,0.0,2.1702617153949575,Breast Invasive Carcinoma,0.6936282655888155,-0.10943820979714848,1.3861539848667028,0.3900950086185109,-1.1190263771306572,0.7207337811794955,-0.7966658597042354,0.8259124512146897,0.05590768230390491,-0.6030728437770235,-0.6286810914444633,0.0988909531643041,0.28614353043580865,0.1034625244145302,1.8870397069206093,1.3211263607079653,0.12101428425603461,0.3308762437478807,-0.9136286796811887,-0.5948443823339533,-0.7090680984060251,-1.068461951498301,-0.45535638574762,-0.5904501969434142,-0.470495084300781,-1.3256708700781445,-1.0296795319176013,-0.4968673924488234,-0.5867707428069234,0.4103451379187189,0.00041505175825268633,0.6382294657437011,0.8706656122105354,-0.7344582335658615,-1.0270985788867695,0.5674250633577759,-1.3995206294270492,-0.8695916439685415,0.8939866944745619,0.3533708036238209,0.6631630821219748,-1.0071966929400238,0.32061450762295857,-0.8027143646660349,-1.27305422161174,0.704165189048271,0.15579726189043341,-0.5196345322106157,-1.0313592643812755,-0.5343141724499748
TCGA-A8-A09Z-01A,0.11126051337096045,0.0,0.0,0.0,0.0,0.15190245817150294,0.0,0.0,0.0,0.0,0.0,0.0,0.0,0.0,0.0,0.0,0.019197449805900234,0.0,0.0,0.03144444916787058,0.09508064536006956,0.0,0.005668470755575465,0.0,0.0,0.0,0.09584226369263864,0.049542195650460995,0.0,0.0,0.005739728368502926,0.0,0.0,0.07763197557484837,0.0,0.0,0.0,0.0,0.0,0.0,0.0,0.0,0.0,0.0,0.0,0.0,0.0,0.0,0.0,0.0,0.0,0.06326831590408989,0.0005036486593740548,0.0,0.0,0.0,0.0,0.0,0.003951725389954482,0.0,0.0,0.0,0.0,0.029493572946416323,0.0,0.0,0.0,0.0,0.0,0.0,0.013380458219934626,0.0,0.0,0.0,0.0,0.0,0.0,0.0,0.0,0.0,0.0,0.0,0.0,0.0,0.0,0.0009805734340529698,0.0,0.0,0.0,0.0,0.0,0.24511155552784752,0.0,0.0,0.0,0.0,0.0,3.052693941924968,Breast Invasive Carcinoma,-0.12467680954730861,0.037150331122665275,-0.8335074996442516,-1.1014474257145805,-0.6094314526472174,0.884252217260772,-0.17760790552609054,1.1268964244175357,0.2548631549434339,-1.0312063645394034,-0.5116445319889674,0.19176303598375694,-0.5408803735009975,-1.2234387941168698,0.7772170338815299,-0.14238561409522188,0.1078823556199905,-0.6358209541267288,-0.8496351332655625,-1.0512868398083484,0.22462839502005405,-0.5044660579949521,-0.716138711545394,0.03393085629308017,-0.47087572309758335,1.1885779530145264,0.7557927093429753,-0.45289404846197145,-1.3873266197892233,-0.227782688028318,-0.34332930256079625,-0.6696709639220878,-0.074787915555317,-1.3238333331019831,-0.44098065597211406,0.32453653122514375,0.5060090007694591,-1.459561812617505,-0.20674168867884973,-0.382153217706347,0.8026655898957253,-0.8867219154983021,0.16754937326014444,-0.9468021796400069,0.13525563051181888,0.9589405556175565,-0.1188561630707437,-1.0078622454955894,-0.31995428091460326,-0.06427156200011123
TCGA-A8-A0A7-01A,0.0,0.42883489621398707,0.0,0.0,0.0,0.03945819526010326,0.12546738410047512,0.0,0.0,0.0,0.0,0.0,0.004384254700670036,0.01520303128488592,0.0,0.0,0.0,0.0,0.16594733790867852,0.0,0.0,0.0,0.0,0.0,0.0,0.0,0.0,0.0,0.0,0.0,0.0,0.0,0.0,0.0,0.0,0.0,0.0,0.0,0.0,0.0,0.0,0.0,0.0,0.03694775218366927,0.0,0.0,0.0,0.0,0.0,0.0,0.0,0.0,0.0,0.0,0.0,0.0,0.0,0.0,0.0,0.0,0.0,0.0,0.0,0.0005316845137538032,0.0,0.0,0.0,0.0,0.0,0.0,0.0,0.0,0.015280202998712253,0.030367985701065123,0.0,0.0,0.0,0.0,0.0,0.0,0.0,0.0,0.0,0.0,0.0,0.0,0.0,0.0,0.0,0.13395841019100066,0.0,0.003618864942999004,0.0,0.0,0.0,0.0,0.0,2.3324384599156054,Breast Invasive Carcinoma,0.6423425000922394,1.9409038570707664,0.9252381260208451,-0.4407710271675532,0.4064620141485393,1.0659819574981304,0.6817302188801253,0.8962226998427968,-0.09453248167761713,-0.12481143014311723,0.9761922233002425,0.12768693126865885,-0.07873973054608234,0.8513030163583816,-0.4015382358464506,-0.8054672234166758,0.24791533972633112,-0.05509133455027814,-1.2546726872819591,-0.9016112004723741,-0.643243648622758,-1.3400096661011478,0.7545013410162146,0.9296884776183229,0.5896293660432675,1.3416462982625283,1.4521249206186475,0.8655157359973858,0.594178917108996,-0.22354497574930543,0.26606261995385605,0.11727367296379013,-1.124484876832764,0.05010593763946444,-1.1992291215505304,0.5477366148098698,0.117430241175425,-0.41521691547330436,0.7742614102663006,2.2728081759079757,1.1162648805442972,0.35602782751445783,-0.41451647682012094,-0.2958343923701844,-0.48495351955969734,-0.169178082253925,-0.14425323528965578,-0.825549825675304,-1.688213139991964,-0.06256903708422326
TCGA-AC-A23C-01A,0.0,0.20629922635821893,0.10290102603338697,0.0,0.0,0.03315784728383805,0.041691012759861194,0.0,0.0,0.008823631387383029,0.0,0.0,0.05220479664754709,0.013528697818383749,0.0,0.0,0.0,0.0,0.1503066173153003,0.0,0.07925979446185302,0.0,0.0,0.0,0.0,0.0,0.0,0.040451158578417266,0.008537979946412706,0.0,0.0,0.0,0.0,0.0,0.0,0.0,0.0,0.0,0.0,0.0,0.0,0.0019187133969412189,0.025156273797674076,0.0,0.012163651028638282,0.0,0.0,0.0,0.0,0.0,0.005506727985337669,0.0,0.0,0.0,0.0,0.0,0.0,0.0,0.0,0.08569146762040532,0.0,0.0,0.0,0.00472750315897321,0.0,0.0,0.0,0.0,0.0,0.0,0.0,0.0,0.03026684953304456,0.0,0.0,0.0,0.0,0.0,0.0,0.0,0.0018549391505959464,0.0,0.0,0.0,0.01645620234971173,0.05572854856162307,0.0,0.0,0.0,0.0,0.0,0.0,0.02336733482645252,0.0,0.0,0.0,0.0,2.0086001717619175,Breast Invasive Carcinoma,0.19592514604083758,-0.6686388537753591,1.5564561034897388,-0.01619384600784429,-0.4770795970275444,0.00867102071638089,-0.22565224892218055,0.8760180764723261,-1.0559356023851059,-0.7228539139369409,-0.5018907847775429,-0.7920848712082139,-0.5628131432236112,0.40541211751877115,0.574149132169627,-0.08058275874644638,-0.008618979348716468,-0.25312005234974183,-1.5065744085714636,-0.36246109283459704,-0.41140696749937394,-1.5273369796257896,-1.1980187518342176,-0.6937609743170534,-0.9159352195039857,0.14571914898260352,-0.2682450502125436,0.7128338703782441,-0.4121105697881971,-0.14209993374694635,-0.9692211630629841,-0.5919708786798508,-1.0574743815033036,-0.2387587227453131,-0.32165768363247066,-0.6947246304389278,-1.1778167508726431,-0.5496952037160762,0.09975356348199549,0.15482286818324953,1.0180095710216293,-1.143438281366266,0.06696973467007956,-0.10920360877056676,-1.3689819110292674,-0.9156486771317254,0.36436186603319204,-2.0023079314163748,-1.9858508889299116,-0.7014072788187398
TCGA-AC-A23H-01A,0.004607543198255862,0.3591746804068031,0.0,0.0,0.0,0.0,0.052561223126908696,0.0,0.00038785172587197774,0.0,0.0,0.0,0.0,0.024770887881924046,0.0,0.0,0.0,0.0,0.4892470635741765,0.0,0.012846001515280552,0.0,0.0,0.0,0.0,0.0,0.0,0.0,0.0,0.0,0.0,0.0,0.0,0.0,0.0,0.0,0.007209521553635026,0.0,0.0,0.0,0.0,0.0,0.0,0.0,0.0,0.0,0.007318905701104452,0.0,0.0,0.0,0.0,0.0,0.0,0.0,0.0,0.0018172680738745227,0.0,0.0,0.0,0.0,0.0,0.0,0.0,0.0,0.0,0.0,0.0,0.0,0.0,0.0,0.0,0.0,0.018016771276608404,0.0,0.0,0.0,0.0,0.0,0.0,0.0,0.0,0.0,0.0,0.010742378712335387,0.011299903253221399,0.0,0.0,0.0,0.0,0.0,0.0,0.0,0.0,0.0,0.0,0.0,0.0,3.6830470382388496,Breast Invasive Carcinoma,-0.11984856422489173,-1.6733306434893072,0.27200847361744335,-0.0857878490989438,-0.16002543422358995,1.010995311738874,-1.1776369955581372,0.05686502078743823,0.09568076454088405,-0.5343320369938165,-1.229482763613988,0.5998928885299757,0.5898267128949133,0.48756140019070215,0.34638506857058843,0.8729391452104541,-0.1837294957932435,0.8259862316745148,0.053565653466971175,0.41758700762797574,-0.5777763386504642,-0.6508629263202627,-1.4511257521833305,-1.8759233729890843,-1.4746881007530266,-1.0498877511933464,-1.505292825419948,0.2582971039412013,-1.2471410275500703,0.6449588682681766,0.7819610890445651,0.3947177523252029,-0.06046756819581086,-0.6065686305901812,-0.14620146918562624,0.081996384442301,0.3920936216226925,-0.5622001136272704,0.37411165503905813,1.3365443902052634,0.7676451271366778,-0.6865909346349783,0.5069814373472611,0.2974432609087219,-1.2102979164159116,0.2195269607262993,0.21300713137557895,-1.065806479478204,-1.388784142800063,-0.4227062746410925
TCGA-AC-A5EH-01A,0.0,0.04532969846249251,0.0,0.0,0.0,0.04964640367269027,0.0,0.0,0.0,0.0,0.07567055667253077,0.0,0.0,0.013016396972531758,0.0,0.0,0.0,0.0,0.041853051391218594,0.0,0.013579812232083724,0.0,0.0,0.015460043537614225,0.0,0.0,0.0,0.00010656784979131318,0.0,0.0,0.0,0.0,0.0,0.0,0.0,0.0,0.004808164476649196,0.0,0.0,0.0,0.0,0.005947679359067495,0.0,0.0,0.0,0.0,0.23389302723051356,0.0,0.0,0.0,0.0,0.054725455294262905,0.0,0.0,0.0,0.0,0.0,0.0,0.0036324364450254294,0.1426767614196787,0.0,0.0,0.0,0.07237942995581342,0.0,0.016193687008913528,0.0,0.0,0.03375513731934026,0.0,0.0,0.0,0.0,0.06980039480359605,0.0,0.0,0.0,0.03194957568414063,0.0,0.0,0.0,0.0,0.0,0.045056579697133864,0.0,0.011419885651254267,0.0,0.0,0.0,0.0,0.0,0.0,0.0,0.0,0.0,0.0,0.01909925486365759,2.1583624920952498,Breast Invasive Carcinoma,1.3035422313304286,-0.6733810634000319,0.5604479352493761,0.316008301276339,0.7889292140885419,1.851556725134624,0.26432298381339486,0.1433466413745048,1.2721346821685124,-0.18219602016961697,-0.5048138798940528,0.18963759698985308,-0.08419640819115824,1.371663904937054,1.1843186796602305,1.0485012960259892,0.6384559204373332,0.033111606197315235,0.9222761416089624,0.3138840773070791,-0.3671507114831695,0.8429996130921659,-0.4866732377270587,-0.5893296402071094,-0.6334744975449506,-0.44368434115159466,-0.5033054736013208,0.6264780466709272,-0.20492879027559208,0.049236808539852794,0.1557579181298899,0.11242156930598783,0.5742483691990702,1.0090634996746508,0.03258738317369148,0.9822733330219336,0.48653185269775573,-0.6390040484505257,0.2551240718232205,1.186299996330954,-0.7696472135379216,0.3649273752886929,-0.20279921875088158,0.24446914642657785,-0.006022199930589698,0.4943402174624419,-0.05021417822105758,0.39075480569146537,-0.10980889540396405,0.03976605425061161
TCGA-AC-A5XS-01A,0.0,0.3519289808310176,0.0,0.0,0.0,0.005766055677578068,0.05981776358653113,0.0,0.0,0.0,0.0,0.0,0.0,0.0868549959859811,0.0,0.0,0.0,0.0,0.35215687581229627,0.0,0.0,0.0,0.0007183422642435185,0.0,0.0,0.0,0.0,0.0,0.0,0.0,0.0,0.0,0.0,0.0,0.0,0.0,0.0,0.0,0.0,0.0,0.0,0.0,0.0,0.0,0.0,0.0,0.08019634605605204,0.0,0.0,0.0,0.0,0.0,0.0,0.0,0.0,0.0,0.0,0.0,0.0,0.0,0.0,0.0,0.0,0.0,0.0,0.0,0.0,0.0,0.0,0.0,0.0,0.0,0.024637349520825805,0.011573482205104634,0.0,0.0,0.0,0.0,0.0,0.0,0.0,0.0,0.0,0.01676385954533775,0.009585948515032102,0.0,0.0,0.0,0.0,0.0,0.0,0.0,0.0,0.0,0.0,0.0,0.0,2.677606952720493,Breast Invasive Carcinoma,1.5142113619680826,0.10453091916791629,0.20831367093832265,0.283783854929648,-0.2297430487229871,0.9087141248826783,0.9531958095281436,0.5079745353279086,-0.12858533832586033,0.3279808816461965,-0.08205436104518204,0.987614461346893,-0.2822625434741662,0.16396140725904673,2.25657583244426,1.9590218752824056,0.6670868359155931,-0.5114904292098216,-0.2445948447139731,-1.3463906449633438,-0.5210040539819074,-0.04012348546770189,-0.5059435226498885,0.2459221249962822,-0.1336041699634832,1.308070632050524,0.712599994340601,0.36039217696274073,-0.2007807812019059,-1.288850846551463,-0.7458174003712148,0.19960632726475128,0.3118830933881043,0.769037259680961,-1.1686577013406403,0.9120418050431148,1.0220355719248444,0.07174266375569058,0.8664219494454268,0.05141983645408126,-0.3713678394690061,0.23537578788642302,-0.4149529757806657,-0.24486155417952074,0.569456254532538,0.7521033274564985,-0.37835503685376,0.04922089639618367,-0.9833015983028801,0.10232557693047212
TCGA-AC-A6IW-01A,0.037472459938502616,0.13044063627964542,0.0,0.0,0.0,0.0,0.022040455493330006,0.011840706353008924,0.0014584097710144516,0.0,0.0,0.0,0.0,0.030517927420655688,0.0,0.0,0.0,0.0,0.2709037241864098,0.0,0.06879850573908462,0.0126465593502704,0.005875122728774848,0.0,0.0,0.0,0.0,0.0,0.0,0.0,0.0,0.0,0.0,0.0,0.00865846217965418,0.0,0.0,0.0,0.07289370229351828,0.0,0.0,0.0,0.0,0.0,0.0,0.0,0.08038073236985882,0.0,0.0,0.0,0.0,0.0,0.0,0.0,0.0,0.030453460552764423,0.0,0.0,0.0020444853123249567,0.0,0.0,0.0,0.0,0.0,0.0,0.0,0.0,0.0,0.0,0.0,0.0,0.0,0.0,0.0,0.0,0.0,0.0,0.0,0.0,0.0,0.0,0.0,0.0,0.0,0.14080681375188878,0.0,0.0,0.0,0.0,0.0,0.0,0.0,0.07276783627929397,0.0,0.0,0.0,0.0,2.1583624920952498,Breast Invasive Carcinoma,0.013641230293925317,1.3257572195180398,-1.6315454667414875,-2.239740976162056,-0.8168562436212901,-0.11142149762813755,-0.9069343886445898,-1.4561599465874775,-1.1391053701763973,-1.9453785679765578,0.06251380036786414,1.4768634050023028,1.2669331745726564,-1.5831504631810136,-0.9819706959358581,-1.506129457675778,-1.0819230278438456,1.338334074854485,-0.7289752900157436,-0.4499578355091465,-1.8450278446741821,-1.023810661083366,0.2600610555922315,0.969594371748832,0.3155157360635584,1.4747621591752922,1.3213959528839225,-0.27056958338244436,-0.5369407445567982,0.7331415811302082,0.018453937586582026,1.9063372647974626,2.779302725010299,-0.38473314380549956,-0.2263025026392519,1.0151174342819156,-0.02302563971388183,-0.7133981416095073,0.10230947978362954,0.30188734810461065,-1.5416836909922256,0.6752405557616578,0.7352174398786476,-1.9630169378425142,0.016389331007607272,1.1412163812455716,-1.8182266833887428,1.034269663335629,0.9819466132074456,-1.5884120450754864
TCGA-AC-A8OP-01A,0.10746599554874449,0.04605017894563113,0.0,0.0,0.0,0.08658115193965177,0.0,0.0,0.0,0.0,0.0,0.0,0.0,0.10632807243139634,0.0,0.0,0.0,0.0,0.012918248606557629,0.05720174460450994,0.0,0.0,0.021871987366692092,0.0,0.0,0.0,0.011034786352369355,0.0,0.0,0.0,0.0,0.0,0.0,0.0,0.0,0.0034887270808078843,0.11854499532772025,0.0,0.0,0.0,0.0,0.035388479318408675,0.02612969646650448,0.02165567136940882,0.0,0.0,0.0,0.0,0.0,0.0,0.0,0.0,0.0,0.0,0.0,0.0,0.0,0.012128802678135363,0.0,0.0,0.0,0.0,0.014337858245232742,0.0454207190901955,0.0,0.0,0.0,0.0,0.0,0.0,0.0,0.0,0.10177744067320911,0.06656600999837281,0.0,0.0,0.0,0.00887283895366157,0.0,0.0,0.0,0.0,0.0,0.036932554284670134,0.0,0.057682615361760795,0.0,0.0,0.0,0.0,0.0,0.0,0.001621425356358943,0.0,0.0,0.0,0.0,2.123851640967086,Breast Invasive Carcinoma,0.42080136553466513,-1.3736142875264452,0.5772134134888702,-0.1465878498455807,-0.12267784221796248,0.5663057899428348,-0.30650117407163574,0.7694259655102315,-1.2688091845768321,-0.7001803758627453,-1.4186914827951473,-0.774231592950942,-0.8240668072597113,0.14255727791358577,2.0884387178725268,1.4199512561925671,-0.1526412809328579,-0.6377876289507461,-1.6120600663246676,0.39388636586931713,-0.5344225443127674,-0.7983581205423015,-1.2778235928776984,-1.0975981929828371,-1.2021372248060227,-0.8634993997530711,-1.0707909726643972,0.8348315955641464,-0.6738966749960703,0.20513532707106635,-1.734247269533296,-0.9988784289833077,-0.026079653757977585,0.33598096976378145,0.17213501142479473,-0.7030300101889717,-0.42715059271566114,-1.2307105734418486,-0.6838105539544892,-0.547023353950505,-0.05802863498938537,-1.6548961994255413,-0.36903251021331657,0.529208457416416,0.022291608609409517,-0.31273873746875974,0.5489218290525322,-0.7866797231751137,0.7773344286238374,-0.36939747441019316
TCGA-AN-A046-01A,0.059568873805157165,0.0,0.0,0.0,0.0,0.0,0.0,0.0,0.0,0.0,0.0,0.0,0.2528281919096095,0.6265850547426526,0.0,0.0,0.0,0.0,0.0,0.009743361618181685,0.003899945180182407,0.0,0.0023053533212147484,0.0,0.0,0.0,0.0,0.0,0.0,0.0,0.0,0.0,0.0,0.0,0.0,0.0,0.0,0.0,0.0,0.0,0.0004504943042612169,0.0,0.0,0.023476913799701644,0.0,0.0,0.0,0.0,0.0,0.0,0.0,0.0,0.0,0.0,0.0,0.0,0.0,0.0,0.0,0.0,0.0,0.014332728982119337,0.0,0.00448466860455242,0.0,0.0,0.0,0.0,0.0,0.0,0.0,0.0,0.0,0.0,0.0,0.0,0.0,0.00232441373236731,0.0,0.0,0.0,0.0,0.0,0.0,0.0,0.0,0.0,0.0,0.0,0.0,0.0,0.0,0.0,0.0,0.0,0.0,0.0,3.7480328941301435,Breast Invasive Carcinoma,0.5865331656022088,0.1349356746540929,-0.3191017119983119,0.2414615235284682,-0.826800763676425,1.1726556705248659,0.5453062982394649,0.16359478649675616,-0.7112395662285699,0.15279050290560336,4.7040958216479745e-05,0.23446982802828056,-0.45742041491118995,0.6988518387528206,2.617690332870574,1.5849048845734264,-0.16238271578561994,-0.2721566515502288,-1.5839196326487772,-0.5718599359050317,-0.6852558678843212,-0.5383122787979819,-0.3013862202076399,-0.22705194491925512,-0.09139460739018773,1.0369937752724034,0.5279405766855688,0.5698539961957231,-0.56062818118547,-0.6591903732947232,-0.53676416493945,0.38398304006892053,0.5890649498228568,-0.3028851038955545,-1.2216454867885131,0.5609720479594198,-0.08252171449853554,0.18997296923507057,0.5764315349873378,-0.16627334028470095,-0.220005190510428,-0.7889190492201158,-0.486484719180398,-0.055035378234796664,0.5875523004253779,0.6800013331065194,0.35868657427453177,0.9266088537325693,0.2524475303731233,-0.8332113574914523
TCGA-AN-A0AK-01A,0.0,0.0,0.0,0.0,0.0,0.36252891190477554,0.0,0.0,0.0,0.0,0.0,0.0,0.014279863304718853,0.019211178405184395,0.0,0.0,0.030268052561816777,0.0,0.001269265288875822,0.010476632767232092,0.12080084489202639,0.007423649971529119,0.0,0.0,0.0,0.0,0.13470922058244333,0.053691098966264415,0.0,0.0,0.0,0.0,0.0,0.05495035841049539,0.0,0.0,0.0,0.0,0.005874692292204639,0.0,0.0044944146779360905,0.0,0.004031003720690427,0.0,0.0,0.0,0.0,0.0,0.0,0.0,0.0,0.0,0.0045958916871718875,0.0,0.005199753948619772,0.0,0.0,0.00019244160142701066,0.01695804999082129,0.0,0.0,0.0,0.0,0.0629401122258117,0.0,0.0,0.0,0.0,0.0,0.0,0.0,0.0,0.001883734689626625,0.00142749321186604,0.0,0.0,0.0,0.0,0.0,0.0,0.0,0.0,0.0,0.00690462526381293,0.007750575242299688,0.0,0.0,0.002785397134510536,0.0,0.0,0.02628206501508478,0.030721821824316802,0.008348850418437677,0.0,0.0,0.0,0.0,3.048053173115609,Breast Invasive Carcinoma,-0.09003008558250232,-1.2194855413718388,-1.0419012954468407,-1.161955818188542,-1.2906864633092001,0.10303761132459138,-1.782851089029991,-0.4424139193170305,-0.42042244424174263,-1.9703742627426108,-2.121045357430688,1.1963154319607128,1.532309507718647,-1.3692048930649299,1.0120753048340108,0.3611332672981014,-0.41394302876272,1.6280054213808877,-0.10789068672839049,-1.5094767009077923,-1.3803317640276542,-2.071899939912634,-1.8229157360979806,-1.8082308386000765,-2.058444735148459,-1.5222897908835196,-1.753750035839468,-1.4119685409113356,-2.3481934155070365,0.7976444239018353,0.74712369506362,1.4636231983298549,1.6121045951405948,-1.0373815739550052,-1.3851115554823432,0.6994640438428661,-1.3271084914765612,-1.6041315577910824,-0.0034793895764136037,1.029176303406856,0.05208369339385541,-1.2723133024466784,0.9854525756814043,-1.558958379373709,-2.3757412754335965,1.7259532043915926,-1.4800293283445234,-0.8819413259175581,-0.34584933413631647,-1.1808586397542984
TCGA-AN-A0AR-01A,0.045066868757567324,0.0,0.0,0.0,0.0,0.0,0.012899282933802486,0.0588120609255784,0.0,0.0,0.11324159345925984,0.0,0.0007323698232764261,0.0064073523322758065,0.0,0.023121453309378166,0.0,0.0,0.08042626866780765,0.0,0.0,0.0,0.0,0.0,0.0,0.005442220845874592,0.0,0.0,0.0,0.0,0.0,0.10274807281607967,0.0,0.0,0.0,0.0,0.0,0.0,0.0,0.0035057938173081804,0.014976034731967625,0.0,0.016156043253882535,0.0,0.0,0.0,0.27532876795034317,0.0,0.0,0.0,0.010762973312641009,0.05169956328979431,0.0,0.0,0.0,0.0,0.0,0.0,0.0,0.013576531024392572,0.0,0.0,0.0,0.0,0.0,0.0,0.0,0.0,0.0,0.0,0.0,0.0,0.0,0.0,0.0,0.0,0.0,0.014858801855225914,0.0,0.0,0.0,0.0,0.06928638510535731,0.0,0.008607664784551505,0.009279267057627038,0.0,0.0,0.0,0.019192573172268586,0.0,0.0,0.0012324666039001224,0.042639590169839696,0.0,0.0,0.0,2.041392685158225,Breast Invasive Carcinoma,-0.5553366313784295,-2.1614046290461646,-1.4213144507432998,-1.3108425915626323,-0.8451958335590312,0.46395286622042325,-2.478114293909559,-0.6014185776718957,-0.8397821469570951,-2.2357680646473588,-2.8165499052966143,1.1468837920405315,1.2762763417320266,-1.165711710712233,-0.5927347665233756,-0.9235728105809383,-0.592513975057088,1.252290509261766,-0.4003212303724667,-0.03245542085953156,-1.7800933269801704,-2.0966700486892895,-2.6977762311012454,-2.7654109430106133,-2.890867968383917,-3.0328250349461436,-3.1001372189712026,0.0591475906082422,-2.546971667579457,0.7523736798079603,0.26264116795996617,1.5719893922245245,2.181177913594235,-0.996725798332698,0.21222885257079768,0.9632184942125516,-2.5818016311633434,-2.1779832385992717,-0.4196861002998084,-1.6228014298570417,-2.103581785239549,-0.7715367266282789,1.1189475723376459,-3.4704656775690705,-2.994577900377306,0.8849659135452492,-1.0559769593401303,-1.4166787372337888,1.456386270537989,-1.9621269800807546
TCGA-AN-A0AT-01A,0.020444683475710747,0.00527773250745328,0.0,0.0,0.0,0.0,0.009092873213514817,0.0,0.0,0.012331088940023048,0.0,0.0,0.0,0.0,0.0,0.0,0.0,0.0,0.06613386713944555,0.0,0.010123697290452878,0.0,0.019376494492745713,0.005040411755342778,0.0,0.0,0.07042471956028329,0.0,0.0,0.0,0.0,0.0,0.0,0.0,0.0,0.018303298787928867,0.0,0.0,0.0,0.0,0.0009336109402566019,0.006620402336298678,0.0,0.0,0.0,0.02739962690396881,0.0,0.0,0.0,0.0,0.0,0.029322103624448252,0.0,0.0,0.0,0.0,0.0,0.008520967181022533,0.006018371427638592,0.0,0.03433740647795625,0.0,0.0,0.0,0.0,0.0,0.0,0.0,0.0,0.0,0.2048593962507448,0.0,0.09538752870470345,0.0,0.0,0.0,0.0,0.0,0.0,0.0,0.0,0.0,0.19024414078823074,0.0052717469478515445,0.0,0.0,0.10545770744013193,0.0,0.0,0.0,0.0,0.020871185127726,0.028206938686120807,0.0,0.0,0.0,0.0,2.0569048513364727,Breast Invasive Carcinoma,-1.0566954413790275,-0.6107463427697556,-0.31777906950010526,-0.40603942910584667,-0.6665328998221837,-0.2645427348977953,-1.3040297495919608,-0.6993782127837576,0.4322884051098559,-1.2103109444881077,-1.3186880400794443,1.5797309973730824,2.0207118294307382,-0.20758745973951273,-1.3273188461201024,-0.6523660676785894,-0.33443638617879684,2.0176988509892118,-0.012592231646391188,-1.3524121158310687,-0.9679250296082218,-0.8058076925219133,-1.0735738513937254,-1.176680108575961,-0.936293854875712,-1.3942724727763098,-1.2122329144035449,0.08508664196993779,-1.256064459016651,1.4927565738451178,1.4694977069616229,2.511677409587017,2.525217155592174,-0.9656285566210879,0.27857740020314087,0.7508000749850497,-1.0867532836801395,-2.3175414049000667,-0.5994171534859838,0.07128423584471365,-0.46346087546040104,0.34312510080960257,2.2375509502486075,-1.0377091956098121,-0.6872462781269899,1.1352223874396934,-1.0159961435537739,-0.1150694820405661,0.5445447089465871,-1.3601558288312032
TCGA-AN-A0FL-01A,0.06495658591411654,0.01620391177476395,0.0,0.05813330382556367,0.0,0.0,0.04135476742606462,0.0,0.0,0.0,0.0,0.0,0.002343057069425987,0.0,0.0,0.0,0.0,0.0,0.09162846313838209,0.0,0.030114544546302153,0.0,0.017742420356764377,0.0,0.03095463670646172,0.0,0.0,0.0,0.0,0.0,0.0,0.06699345797076779,0.0,0.0,0.0,0.0,0.0,0.0,0.0,0.09304153483819978,0.00146029079206717,0.0,0.0,0.0,0.0,0.0,0.2210010075849958,0.0,0.0,0.0,0.026280534669015733,0.0,0.00475266798459488,0.0,0.0,0.0,0.0,0.0,0.0,0.0,0.0,0.0,0.0,0.019468947914698807,0.0,0.0,0.0,0.0,0.008587547671380622,0.0,0.0,0.0,0.0,0.09420073830166667,0.0,0.0,0.0,0.0,0.0,0.0,0.0227572885129658,0.0,0.0,0.009731710986263112,0.0,0.02223541918538816,0.0,0.0,0.0,0.0,0.0,0.0,0.05605716283015048,0.0,0.0,0.0,0.0,2.1903316981702914,Breast Invasive Carcinoma,1.665512581541722,-1.7460027255914143,-0.15791245081784258,-0.2871131663581484,-1.0061205169053469,0.6077000379587322,-1.5018343457774153,1.718827838808732,1.5520112555361942,-1.463492888953204,-1.7784066374192142,0.5393926009990291,-0.13985261885031386,-1.056888106000323,-0.6287325446803003,-0.9548898897778262,1.0265120725217654,-0.1051731161681623,0.4072617328942255,-0.09995358507576466,0.8459981718064368,-0.9095393072811244,-1.4198497430765886,-1.8122056468893102,-1.519849180164137,0.04496429068390684,-1.1009298063860617,1.4850039523063068,-1.4848575678909106,-1.5500383605389585,0.24378250652882766,0.2765355649762874,0.618586531704729,0.5857049171825541,1.5643120918256923,2.1033379835586152,-0.7880274159236201,-0.5784347909241823,1.6068834619677956,0.011657667807994388,-0.7061534668420896,0.1524736477741788,0.03790843866346526,-1.4187250799974904,-1.6590716145143856,-0.07745861721194097,-0.697320134529364,0.5818573157656005,-0.4419169493510897,-0.2040212109758026
TCGA-AN-A0FT-01A,0.19724783987834527,0.07629796501773413,0.0,0.0,0.0,0.08676168712739782,0.09248503629803068,0.051356333077589834,0.0,0.033582761490139015,0.0,0.0,0.015018462178593697,0.033449647063398105,0.0,0.0,0.0,0.0,0.10752938555058546,0.0,0.04427468142858105,0.0,0.013270812101187038,0.012672320148433672,0.0,0.0,0.0,0.0026563162125683476,0.007283748747217046,0.0,0.0,0.0,0.0,0.0,0.0,0.0,0.0,0.015551289798637348,0.0,0.0,0.0,0.0,0.0,0.0,0.0,0.0,0.03516091723214801,0.0,0.0,0.0,0.0,0.0,0.0,0.0,0.0,0.0,0.0,0.02182946728110788,0.0,0.01644420307014271,0.0,0.0,0.0,0.018843479236815116,0.0,0.0,0.0,0.0,0.012875783209896853,0.0,0.0,0.0,0.0,0.0,0.0,0.0,0.0,0.0,0.0,0.0,0.0,0.0,0.02165817345246087,0.0,0.022275650595442936,0.04981425323705363,0.0,0.0,0.0,0.0,0.0,0.0,0.0,0.0,0.0,0.0,0.011659786566493448,2.0,Breast Invasive Carcinoma,0.8532926871007831,-0.9619998409116717,-1.061156964561069,1.3434821944648199,-0.32287771470402643,0.603951268942434,-0.6001897530568074,-1.3408349483213553,0.459250560854849,0.3274243155336174,-0.685494246171028,0.5998820894785706,-0.69970329221373,0.6187621055141559,1.8699760326675066,1.9442914177098265,-0.08067037536072204,-0.7611493483334929,-0.6313046748040313,-0.5990830409465405,-1.1419885342999532,-0.7382624056658679,-1.1614343349536742,-0.6561299826106212,-1.1289569820361378,-1.1110429882624935,-1.2306474917060737,-0.46538899478933354,-0.7042721245725554,-1.7579861612304997,-0.6788790115704983,0.0419321515486299,0.8448258048999652,1.4617896903363707,-0.2781047203792261,1.2347343845740442,-0.6078534237394169,-1.0456153793149559,0.6492787537626299,-0.8978564856878452,-1.4798259907026323,-0.31873667135561534,-0.9381773302148096,-0.14665255906761282,-0.5489386264868745,-0.7099917616625708,-0.1992244234389537,0.5805051636132244,0.3174673366718781,-0.406316373469529
TCGA-AN-A0FW-01A,0.0,0.01640114890124602,0.0,0.0,0.0,0.09781018456249631,0.04673528201714094,0.0,0.009161094743874105,0.0,0.07962808199272273,0.0,0.0,0.06350124027960201,0.0,0.0,0.0,0.0,0.04890598895542725,0.0,0.0,0.0,0.0,0.0,0.0,0.0,0.05964464656755426,0.005463842375665596,0.0,0.0008511766449094191,0.0,0.0,0.0,0.0,0.0,0.0,0.08381627667407344,0.0,0.07308553733167357,0.008152310358140461,0.0,0.0,0.0,0.0,0.0,0.0,0.0,0.0,0.0,0.0,0.0,0.0,0.0,0.0,0.0,0.0,0.0,0.0005786654040906408,0.0,0.04415863436823103,0.06230264535345835,0.0,0.0,0.04569524180243923,0.0,0.0,0.0,0.0,0.0,0.0,0.0,0.010639603217412323,0.09168256288641086,0.0634641829744022,0.0,0.0,0.0,0.014662574785132353,0.0,0.0,0.0,0.0,0.0,0.0597625418702384,0.0,0.0,0.0,0.0,0.0,0.013896535933658454,0.0,0.0,0.0,0.0,0.0,0.0,0.0,2.0253058652647704,Breast Invasive Carcinoma,0.8291741066230991,-1.4002561069134172,-0.4461096030419138,-0.35057557175492055,-1.0482956922302331,-0.0011122984235368348,-0.8465425878340426,-0.368989925747218,-1.0831132313650622,-0.9546334555599709,-1.7002027289337935,1.0007221650922744,0.3672056987955024,-0.16629285808883398,1.991293240716649,1.2575155617869178,-0.30688396442897614,0.5951504686167093,-1.6596834332294006,-0.7801826372098808,-0.8744975249478636,-1.91492600526746,-1.5643632398664675,-1.595059233036222,-2.126233680738181,-1.8103490341293018,-1.9362790398643575,-0.6773253759335639,-1.5874491526283774,0.032607406916655535,-1.0413921292020683,0.6121017607491559,0.7034134757004333,0.11147076022251806,-1.2186017095717343,0.33622047383810644,-0.7366486070425613,-0.9071980586094781,0.40152377220960983,0.032324280048405915,0.3478897005381933,-1.1928132932880147,-0.19279306644211763,-0.7648119368979849,-2.0485200039395615,0.41099755061087506,0.057363713450860346,-1.0905709902418026,-0.04646406330939383,-1.1374222902405335
TCGA-AN-A0XN-01A,0.05471051864401804,0.0,0.008129988477084111,0.1571575494178876,0.0,0.0,0.019310499273542878,0.0,0.0,0.0,0.0,0.0,0.0034359749901841626,0.018709734540419385,0.0,0.0,0.0,0.06513428880703412,0.04363073647556594,0.002848694984282226,0.05386797895075106,0.0,0.04696211996818074,0.015228518888216412,0.0,0.0,0.0,0.01606845926528303,0.0,0.0,0.0,0.04211929878631309,0.0,0.0,0.0,0.0,0.0,0.03576819311974827,0.0,0.018090187631469013,0.0,0.0,0.0,0.0,0.0,0.0,0.057740550424809224,0.0383582900809076,0.0,0.0,0.0,0.0,0.0,0.0,0.020240393259514763,0.018147604154492833,0.00781424793591403,0.0006077076082088766,0.0,0.0,0.0,0.0,0.0,0.01327072862231488,0.0,0.0,0.0,0.0,0.0,0.0,0.0,0.0,0.029764858883045326,0.0,0.035398290382913984,0.0,0.0,0.0,0.0,0.0,0.0,0.0,0.0,0.031369311284384555,0.0,0.08938077642907365,0.006807941352284874,0.0,0.0,0.0,0.0,0.0,0.04352038437312734,0.0,0.0,0.0,0.0064061729890279905,2.1398790864012365,Breast Invasive Carcinoma,-0.017877640741237405,0.026908830070229876,1.380198487078014,1.2807876379118812,0.703458811774565,1.3907663337321852,0.46615269589211333,-0.8823724829651539,0.08014968969717447,0.6903631679899965,0.4106792503278854,-0.7299047514525784,-0.5886339177189231,2.127951219012123,1.4349651698655377,0.591731486225543,-0.7626529972689263,-0.3195236909533741,0.07642131796595339,1.3949640951819375,-0.8071341637517222,1.8928990709545832,0.7047279005381231,0.00033249433072470014,0.6770217350544121,-0.16361579675112028,-0.13379259032041205,-0.061356702938389254,0.6292230755716589,0.31268651546042137,0.10934020957708547,-0.25339711080235994,-0.29486971373129617,1.5018948162297616,1.7995594718734982,-0.5382471004804279,-0.18105263321381562,0.6553599912476366,-1.3505085024452879,-1.0548160015594996,1.310655108223642,-0.6014657083217164,-0.3292217206496999,1.6369863076851972,0.4561767379277552,1.1117216824189446,1.8358167223962563,-0.49378642289071345,1.5482850846179457,0.03878804567475801
TCGA-AN-A0XU-01A,0.07419815205810126,0.029637317018474742,0.0,0.0,0.0,0.0,0.0,0.0,0.0,0.0,0.18379525653259746,0.0,0.024032744685436577,0.0,0.0,0.0,0.0,0.0,0.05370945828194222,0.01104223306943276,0.0,0.0,0.0,0.0,0.0,0.0,0.0,0.0,0.0,0.0,0.09673705160677858,0.0,0.0,0.0,0.0,0.0031083036094108874,0.0,0.0,0.0,0.0,0.026096609664153395,0.0,0.10286622491591166,0.0,0.0,0.0,0.23506470846227157,0.0,0.0,0.0,0.0,0.0,0.0,0.0,0.0,0.0,0.0,0.00440471987489133,0.00817918087902217,0.04927380679173773,0.0,0.0,0.0,0.016078914186441855,0.0,0.0,0.0,0.0,0.0,0.0,0.0,0.0,0.011507174084222332,0.035556172168867056,0.0,0.0,0.0,0.0,0.0,0.0,0.0,0.0,0.0,0.034711972110306334,0.0,0.0,0.0,0.0,0.0,0.0,0.0,0.0,0.0,0.0,0.0,0.0,0.0,2.0453229787866576,Breast Invasive Carcinoma,-0.8850804370688545,-0.3238219040304917,0.4468447468159815,-0.5920911149135439,-0.5320070573582556,0.904530536031312,-1.1126147642049844,-0.1658523488749898,-1.1843889288395675,-0.9512002341671394,-0.7123065058937135,0.38672843939861495,1.7871389394683292,0.024226817816059946,-0.20995976283460574,0.24220483368703927,-1.0405928736011432,1.8243541040398026,0.7923117736762474,0.19087221198303497,-0.649573833006648,0.5895460569184183,-0.9524798988004586,-0.7397724615513729,-0.9649395473624942,0.06197365409117228,-0.2235181048555364,0.778841945846223,-0.9503601997882206,1.8215149945925786,1.315833426575835,1.3865087728066823,1.0145949825069571,-0.07398014624190848,0.48079820321699895,-0.0002572758320049945,-0.6299629099018866,-0.5327802422868909,-0.9039311411331072,1.0076186861020238,0.6564229428378575,-0.17736894712989612,2.2102333565428074,-0.23313404733663234,-1.1978149809505336,1.3978095572040807,0.0035930652421560356,-0.047908036075167845,0.8569628419800295,-0.7482640607534362
TCGA-AN-A0XW-01A,0.02746210616585147,0.3628145051577418,0.0,0.0,0.0,0.0,0.03319585770113086,0.0,0.004840916865552898,0.0,0.0,0.0,0.0,0.0,0.0,0.0,0.0,0.0,0.5084840437122842,0.0,0.0,0.0,0.0,0.00395422899976463,0.0,0.0,0.0,0.0,0.0,0.0,0.0,0.0,0.0,0.0,0.0,0.0,0.0,0.0,0.0,0.0,0.0016909786246966016,0.0,0.0,0.0,0.0,0.0,0.004088461049420997,0.0,0.0,0.0,0.0,0.0,0.0,0.0,0.0,0.0,0.0,0.0,0.0,0.0,0.0,0.0,0.0,0.0,0.0,0.0,0.0,0.0,0.0,0.0,0.0,0.0,0.010060099954555967,0.0,0.0,0.0,0.0,0.0,0.0,0.0,0.0,0.0,0.0,0.014169073019660763,0.023450339890482574,0.005789388858857304,0.0,0.0,0.0,0.0,0.0,0.0,0.0,0.0,0.0,0.0,0.0,2.494154594018443,Breast Invasive Carcinoma,-0.054278843921809795,0.580513947538421,1.2770982987012358,0.9865699149878258,0.8566258549872542,1.777340753262209,0.8734670763364537,1.0112644795228019,0.39447824615392596,0.7093477599110366,0.1910440195217389,-0.4716397976874448,0.2865560769285364,1.8475432646464955,2.1184666285269462,2.024325652962061,-0.6045130257946458,0.39326238086200743,-0.15036096387472475,0.534744931479652,-0.9517460591260775,0.2177535710186081,0.13858115609401817,0.44332746303667514,0.22354356028739078,0.6466399275866976,0.6684922255330138,0.3809108838560219,0.5839194669803486,0.8137551846982967,0.5259921528198093,0.07948916652377813,-0.6963519897959729,0.6097658599437744,0.16109318670033337,-0.1608043136672327,-0.03960903171582541,1.0961300085315342,0.4308917645981446,0.5669542427871908,0.8671850338572741,0.33237107417381395,0.15812356077499418,0.7886270931204812,0.2633225696120566,-0.41414214612081446,1.308648921457353,-0.5741940384047848,-0.7098366039436088,-0.7599416410403281
TCGA-AO-A0J4-01A,0.05234492831689652,0.016172201063254395,0.0,0.0,0.0,0.0,0.04829646196384501,0.0,0.0,0.02672453499399163,0.0,0.0,0.0,0.0,0.0,0.0,0.0,0.0,0.3286199084951652,0.012343608011691246,0.0,0.0031481747093690324,0.006110735847936444,0.0,0.0,0.03230266925995104,0.0,0.0010114217929198643,0.0,0.0,0.0,0.0,0.0,0.0,0.0,0.004848911432866315,0.0,0.0,0.0,0.0,0.0,0.0,0.10383967852448174,0.0,0.0,0.0,0.10980977244083721,0.0,0.0,0.0,0.0,0.0,0.0,0.0,0.0,0.0,0.0,0.0014781642127920547,0.0,0.0,0.012803241720450739,0.0,0.0,0.040683174637329636,0.007498528605621645,0.0,0.0,0.051780332168905985,0.024503027779370835,0.0,0.0,0.0,0.0,0.059370808343682364,0.0,0.0,0.0,0.0,0.0,0.0,0.0,0.0,0.023562221046661013,0.0,0.0,0.03274749463198013,0.0,0.0,0.0,0.0,0.0,0.0,0.0,0.0,0.0,0.0,0.0,2.037426497940624,Breast Invasive Carcinoma,-1.169127427877539,0.4612825754951524,0.03293355356788815,-0.17767341772202397,1.1845191501324772,0.5195140104191027,-0.4358807551022105,-0.8339137830637474,0.17165607298967975,-0.246400188617894,-0.1816719273346607,-0.16651549021956855,0.8722894041664419,0.908596693915215,0.3278569669675836,-0.05044482448384384,-1.6326250157094317,1.2678325815042837,0.11443759339581698,0.5460767599493337,-0.7600043632966101,0.6694975224298781,0.18915381798062297,0.04626284689181061,0.08172767850329554,0.7020942906779919,0.4344896787361224,1.7859770906818877,0.04738037477010886,1.467099490839567,0.39479490733079786,0.453309206315546,0.8634158980134372,1.5505687978262295,0.563771222907709,-0.900158363711962,-0.6604716434503205,-0.34912461988016175,-1.2387364216508814,0.022570126047041474,0.275856617119109,-0.6061643283216642,0.7034032833895024,0.5558563570670071,-0.05487555414069629,0.7075825467072147,1.2180352518663307,0.17430587978579684,1.2172261808863665,-1.7179280675840367
TCGA-AO-A0J9-01A,0.0,0.3922659996278966,0.0,0.0,0.0,0.06805036742117954,0.0,0.0,0.0,0.0,0.0,0.0,0.0,0.0602009121298948,0.0,0.0,0.0,0.0,0.16669399560664638,0.0,0.0,0.0,0.0,0.0,0.0,0.00607101080835502,0.0,0.0,0.0,0.0,0.0,0.0,0.0,0.0,0.008152770897117514,0.0,0.0,0.0,0.0,0.0,0.0,0.0,0.0,0.0,0.0,0.0,0.0,0.0,0.0,0.0,0.0,0.0,0.0,0.009833465240811074,0.0,0.0,0.0,0.0037441878317220267,0.0,0.0,0.0,0.0,0.005011003209999265,0.023589236370523996,0.0,0.0,0.0,0.0,0.01466626057750646,0.0,0.014064644977298509,0.0,0.0,0.0619263832545936,0.0,0.0,0.0,0.0,0.0,0.0,0.0,0.0,0.0,0.04724874423444342,0.0,0.0,0.0,0.0,0.0,0.11848101781201177,0.0,0.0,0.0,0.0,0.0,0.0,0.0,2.0755469613925306,Breast Invasive Carcinoma,2.6951055204703733,0.08727582020841373,-0.7017820032297204,1.1997667533202945,0.7511503039954546,1.3626485454474366,0.5592139968960558,0.5704307405474502,-0.8398707121717027,0.8004394845169908,0.45307728490109145,0.10685949620426859,-0.4753398119941052,1.288116790001795,1.641215678239209,1.6156526420297337,1.3369165500401792,-0.43979900156031987,-0.8694095323259948,-0.10202599863260338,-0.5848240044270647,0.1166300524072743,-0.06315693913096145,0.3393479751325777,-0.6315976592784862,-0.10000947772458849,-0.3139109661657008,-0.7017286912232183,0.39861349870728985,-0.4008632139654384,-1.4155620664924764,-0.28331655509228915,-0.8248725095092595,2.2685857870507444,0.23759324938386517,1.005731636735899,-0.21951018989617857,0.13617897248216235,0.3156785571929087,-0.5388311740955747,-1.2590758008193512,0.3940448272320886,-0.5083870158191639,0.12970090846200727,-0.4140634358189067,-1.2823672881552226,0.9588855245009957,-0.485216361312608,1.250374580059026,0.9210735683949395
TCGA-AO-A0JC-01A,0.0,0.3860194691409045,0.0,0.0,0.0,0.0,0.0,0.007079971001562273,0.0,0.0,0.0,0.0,0.0,0.02087875584206258,0.0,0.02405767244447463,0.0,0.0,0.37487717181283237,0.0,0.0,0.0,0.0,0.0,0.0,0.0,0.0,0.0,0.0,0.0,0.0,0.0,0.0,0.0,0.0,0.0,0.0,0.0,0.0,0.0,0.0,0.0,0.0,0.0,0.0,0.0,0.0,0.0,0.0,0.0,0.0,0.0,0.0,0.0,0.0,0.0,0.0,0.0,0.010458161237463764,0.0017830113150716666,0.0,0.008984063285869336,0.0,0.0,0.0,0.0,0.0,0.10979608942838427,0.0,0.0,0.0,0.0,0.0,0.0,0.0,0.0,0.0,0.0,0.0,0.0,0.0,0.0,0.0,0.04535738906589868,0.0,0.01070824542547599,0.0,0.0,0.0,0.0,0.0,0.0,0.0,0.0,0.0,0.0,0.0,2.155336037465062,Breast Invasive Carcinoma,-1.1649249897621734,2.9324156366532312,-0.6331155097595944,-0.9563523656652786,-1.0223536945867164,0.8017981446163096,1.0704156340592745,-0.9704757346619878,-3.0091206120753324,-1.3606062037560762,1.4688765417194918,-0.5389116056698571,-0.22167907091352076,-0.6768429069311463,-0.10200374934666001,-0.7527360854665419,-0.8818831594670334,-0.237703038338864,-3.9851490575818684,-0.9738411196042064,-1.1803368221882704,-1.0245649826585654,1.898737013632468,1.9212713781440538,0.7523785418089122,1.2968654075223955,1.8242542950044953,1.3122667696298098,0.6162552474110715,0.05407124438134638,-1.736802809197456,-0.5021014622853822,-1.1850017955280925,-1.0438515268035888,-1.6254322006138595,-1.05557846264047,-0.10182995325113184,-0.2049808471939076,-1.6461997031853577,2.1662296166019805,-1.6224281520511965,0.2594477925887346,-0.4182311617331513,-0.7117206151076921,0.5231740614386079,-1.3555514453250983,0.24827117615558175,-1.3894868241572012,0.30154511624012165,-1.1338269986964193
TCGA-AO-A0JD-01A,0.08857582573688738,0.0,0.0,0.0,0.0,0.0,0.0,0.0,0.004540763134003629,0.0,0.18684902535368253,0.0,0.0,0.004418777561246482,0.0,0.0,0.0,0.0,0.04021259827442326,0.0,0.0,0.0,0.023220596152584108,0.02032111706571367,0.0,0.0350183174540592,0.0,0.0,0.0,0.0,0.0,0.0,0.0,0.0,0.0,0.02012261114574882,0.0,0.0,0.0,0.07649424135478995,0.0,0.0,0.0,0.010798069120159516,0.0,0.0,0.12183170414072195,0.0,0.0,0.0,0.0,0.041362329985980134,0.0,0.0,0.0,0.0,0.0,0.0,0.0,0.05400332462220898,0.0,0.004280789804142715,0.0,0.030678525822116883,0.0,0.0,0.0,0.0,0.01283045426647744,0.0,0.0,0.0,0.0,0.1594588111703077,0.0,0.0,0.0,0.0018788895134915135,0.0,0.0,0.0,0.0,0.018902353703987455,0.0,0.0,0.0,0.0,0.04420087461726666,0.0,0.0,0.0,0.0,0.0,0.0,0.0,0.0,0.0,2.041392685158225,Breast Invasive Carcinoma,0.5610494740249384,-0.9221633794311159,0.46905814903421744,-0.9130547425989173,-1.583911609916464,-0.057070046393166846,-1.1343149124568768,1.2786685396671444,0.06245343543213572,-1.980769591545096,-0.9182712945026942,0.9422925345480672,1.523593126760466,-1.5101140137299118,1.85074411935561,1.713129690714101,0.7119858878254445,1.634850157084456,-0.3567543713225435,-1.745782772383795,-0.9938689362671594,-1.804386858918188,-1.0449709533606633,-0.9941928428928541,-1.3142681530501519,-0.48238514842424723,-0.7948580778690897,1.0873492115712238,-1.7307907467052914,0.7691260271913688,1.3396521984252816,1.6540763788730497,1.408125099799327,-1.5118405270985895,-2.2368023401239805,1.3730484230289357,-0.7063742854693604,0.28921938648466977,1.805369123125836,0.2735987072321854,1.2093792336196074,-0.13091867721426687,1.7447016591345557,-1.764944649428779,-1.6610204880418784,1.3117052496430053,-0.3252638971151215,-0.4925637757771703,-1.0220930988310108,0.07693244164305532
TCGA-AO-A124-01A,0.05768290195188182,0.009429933468745141,0.0,0.0,0.0,0.022008984786942073,0.0,0.0,0.0,0.0,0.0,0.0,0.0,0.05370923563793345,0.0,0.0,0.0,0.0,0.0,0.0,0.0,0.0,0.02901017731225419,0.007088611127918951,0.1910979065425745,0.011095193276208176,0.0,0.0,0.02516008610109468,0.0,0.0,0.0,0.027462246909653203,0.0,0.0,0.0,0.0,0.0,0.0,0.052344880045476314,0.0,0.0,0.0,0.0,0.0,0.0,0.1646056360238853,0.0,0.0,0.0,0.0,0.0,0.0,0.0,0.0,0.0,0.0,0.010772262352766597,0.01689267384244918,0.0,0.0,0.023449146437755492,0.0,0.0,0.0,0.0,0.0,0.07825188035083361,0.010781435783354578,0.0,0.07281243541346027,0.0,0.03236015645574744,0.0,0.0,0.0,0.0,0.0,0.0,0.0,0.0,0.0,0.01690557732263197,0.0,0.08538065001070143,0.0,0.0,0.0,0.0,0.0,0.0,0.0,0.0016979888457317501,0.0,0.0,0.0,0.0,2.089905111439398,Breast Invasive Carcinoma,-1.1191442122796849,-1.1114072480745014,-0.945862944341882,-1.8536204617704628,-0.8732588031738139,0.5407887251870904,-1.9962646467070566,-1.2608806546240263,-0.6858802537698677,-2.2245046398980675,-1.4273599825833045,0.737728389769293,1.5064464500360841,-0.5611582705430097,-0.6450084166979889,-0.4058564690070081,-1.255102528309423,1.5701084235106233,0.0845673508929657,0.43355234880047433,-0.9575374914938166,-0.6459384134928092,-1.454671832399736,-1.0553555776104908,-1.0099932117801989,0.35384865205427546,-0.41487661615807536,3.0896514904801657,-1.6927166479500417,1.729829812857616,0.4411450672629804,1.5795726043523737,1.44889265378244,0.19099934111599498,-1.0855535672072982,0.20950802527293866,-1.1044041873066959,-1.4279147689718907,-1.5757451286530642,0.1789528680540812,-0.09974138037430821,-0.6386246994028798,1.2611672270352483,-1.2140147071954757,-1.0550001506868718,0.7997259344695454,-0.6811339988332952,-0.2782831603798148,0.5026887602220647,-1.7495110553456288
TCGA-AO-A128-01A,0.15764428922602142,0.0007979022038185582,0.0,0.0,0.0,0.12568326669577268,0.006995394696899923,0.0,0.0,0.0,0.0,0.0,0.0,0.0,0.0,0.0,0.007123048798605999,0.0,0.007708024899756269,0.009254373351789021,0.13323057626029253,0.0,0.0007477161256938666,0.006278372556186125,0.0,0.0,0.1469363995073402,0.023060149177774044,0.0,0.0,0.0,0.0,0.0,0.08277623182487912,0.0,0.0,0.0,0.0,0.0,0.0,0.0,0.0,0.0,0.0,0.0,0.0,0.0,0.0,0.0,0.0,0.0,0.0,0.009280314003383347,0.0,0.0,0.0014948951685927851,0.0,0.0,0.0004924083337688816,0.0,0.0,0.0,0.0,0.19080881525760482,0.0,0.0,0.0,0.0,0.0,0.0,0.0,0.0,0.0,0.05825913791071987,0.0,0.0,0.0,0.0,0.0,0.0,0.0,0.0,0.0,0.0,0.0,0.0,0.0,0.0,0.0,0.0,0.0,0.008901271475435997,0.022527412525664578,0.0,0.0,0.0,0.0,2.975431808509263,Breast Invasive Carcinoma,-0.8119201603330658,2.4389105626091823,-0.5336677601090908,-0.5703584689987529,-0.17450204719875123,0.5517997364138061,0.3750077740215899,-0.5031878869831135,-1.146460285384618,-1.203268747146584,1.4561440455335617,-0.1272447192780068,0.6565889211545844,-1.041136065679579,-1.1041011721348526,-0.6499612696198348,-0.9436521552730757,0.7888330107137244,-0.8502119287899054,0.17477104062801588,-0.6006449457844899,-0.47114444737474653,0.7891920427994826,2.179718971860617,1.382596597199479,2.4873411044891847,2.4448907600611296,0.1695902946162825,0.45298285977292935,0.5803615383784332,0.1818722571971417,0.28772468086931485,0.37397241525956737,-0.7080006694371505,-1.6641225719941615,-0.7424867178233743,-0.6206534883635336,-0.5487271866780944,-0.09704816561021322,2.924617725690967,0.1188015975629442,-0.5490611233446195,0.35407705767117154,-0.34397476093488427,0.5630950458554282,0.9163049786665168,-0.7486950465193215,0.12990360064567605,-0.9460708305627424,-1.2379056793539145
TCGA-AR-A0TX-01A,0.021862596899802147,0.34532878563262825,0.0,0.0,0.0,0.0,0.07889270770384779,0.0,0.0,0.0,0.0,0.0,0.0,0.07503296816042104,0.0,0.0,0.0,0.0,0.38713337274503035,0.0,0.0,0.0,0.0,0.0,0.0,0.0,0.0,0.0,0.0,0.0,0.0,0.0,0.0,0.0,0.0,0.0,0.0,0.0,0.0,0.0,0.00042815757678914946,0.0,0.0,0.0,0.0,0.0,0.06981869675108589,0.0,0.0,0.0,0.0,0.0,0.0,0.0,0.0,0.0,0.0,0.0,0.0,0.0,0.0,0.0,0.0,0.0,0.0,0.0,0.0,0.0,0.0002882256223815915,0.0,0.0,0.0,0.0,0.0,0.0,0.0,0.0,0.0,0.0,0.0,0.0,0.0,0.0,0.0016094580162897807,0.014367477037317802,0.005237553854406241,0.0,0.0,0.0,0.0,0.0,0.0,0.0,0.0,0.0,0.0,0.0,2.4885507165004443,Breast Invasive Carcinoma,0.6250060811676579,0.46561621859121677,0.9727809819459088,0.010398847836128187,0.4487986598883516,1.461272685919189,-0.007456149396153615,1.25665435687975,0.13624773767282694,-0.4059130240342143,0.03280638902873761,-0.8099653188823568,-0.09782886815385458,0.39090070054397547,1.0913610913954026,0.6957471845683836,0.1349117063511567,0.25420630535819794,-0.3524610261088826,0.48433405916637834,0.3419488088937507,-0.6698496617231898,0.16924918909949374,0.29100599173593633,-0.3252628079420289,-0.07292313643360646,0.2405692677127335,0.7791446426069174,0.10464690774276547,0.589901151056938,0.01533034319842609,-0.5603981536702323,-1.0133045799789067,0.6674579531197945,0.673612821517319,-0.604953434521431,-0.6022519235397605,0.011708326408952634,0.4428712777670189,1.8911498260185093,0.45440657167102144,-0.12895308418391455,0.3026655147728382,-0.16321727327588242,-0.7471326284247835,-0.4126862332531667,0.5953523791680633,-0.5663714145722335,0.351900725514168,0.3727191092955331
TCGA-AR-A24H-01A,0.08001559764435419,0.006255166670115708,0.06514009228786136,0.0,0.0,0.0,0.05818125029321255,0.0,0.0,0.0,0.09135975305975592,0.0,0.032332776005186595,0.0,0.0,0.0,0.026480728601012735,0.0,0.08502852420223883,0.0,0.0,0.0,0.018109037678416373,0.0,0.0,0.011234786757596413,0.0,0.0,0.0,0.0,0.0,0.0,0.0,0.0,0.0,0.0,0.01729968619770379,0.013975143405013662,0.0606506133568554,0.0,0.034099120353619984,0.0,0.0,0.0,0.0,0.0,0.31645253835448495,0.0,0.0,0.0,0.0,0.0,0.0,0.0,0.0,0.0,0.0,0.0063320239134848095,0.007198801949887386,0.0,0.0,0.0,0.0021874222875755385,0.0,0.007712539433759276,0.0,0.006274520253828436,0.0,0.007341125505361697,0.01457380688576373,0.0,0.0,0.0,0.009679792718906847,0.0,0.0,0.0,0.0,0.0,0.0,0.0,0.0,0.0,0.0,0.014996002530734876,0.0,0.0,0.0,0.0,0.0,0.0,0.0,0.0070891496532688855,0.0,0.0,0.0,0.0,2.0827853703164503,Breast Invasive Carcinoma,-1.0419763621264435,-0.9956900559496324,-0.3836598116287255,-1.8153701580732882,-1.9042988413880602,0.03377837031810968,-1.8015732659399037,-1.2934154201777044,-2.2478504413024973,-2.520636119103539,-1.4704828898942768,0.679344254048256,1.5536745717844294,-1.387581693214326,0.7688626871375301,0.8887046312079993,-0.7751835414587247,1.4315935690956454,-1.3436682826918287,-0.9629759378437269,-1.982753221331253,-2.093266645841606,-1.1503174995810188,-1.2289560263239567,-1.4389193222633692,0.6821959339674558,-0.24022740238589013,0.36470506249375845,-1.7338594989903977,1.1228606902978806,-0.5561826451602809,0.9971945986492452,0.5964964067710139,-2.4078900613235525,-3.6810119761022166,-0.42871004758978526,-1.5798620757509643,-0.9791486132580316,-0.9507739404196084,-0.3186502617056313,0.887569502345284,-1.7972528177725169,1.4859898346364548,-1.3510557281439155,-1.2641309792395232,0.580975627613092,-0.4360228146915092,-0.6117740293703967,-1.0886923256037333,-1.6440648035253984
TCGA-AR-A24Q-01A,0.030672121722725,0.056592903151615706,0.10280825400600349,0.0,0.0,0.0,0.027715108230070284,0.0,0.0,0.0029816546638411975,0.0,0.0,0.0,0.0,0.0,0.0,0.008924174744725483,0.0,0.06320999784685061,0.0,0.006073715797146656,0.0,0.0,0.0035482307194031094,0.0,0.0,0.0,0.0,0.0017445534399383876,0.0,0.0,0.030931209480423123,0.0,0.0,0.0,0.008666535243902556,0.0,0.0,0.0,0.0,0.0,0.0,0.0,0.060162056814965274,0.0,0.0,0.16029809553348287,0.0,0.0,0.0,0.0,0.0,0.0,0.0,0.08525200119862525,0.0,0.0,0.0,0.003743383354808762,0.0045081280170897724,0.0,0.0,0.0,0.0,0.009988556684876837,0.0,0.0,0.06914402588758137,0.014686896520721577,0.0,0.08548151985332562,0.0,0.0,0.0,0.0,0.0,0.0,0.0,0.0,0.0,0.0,0.0,0.0,0.0,0.0,0.007318005633277285,0.0,0.07543844009147457,0.0,0.0,0.0,0.0,0.0,0.0,0.0,0.0,0.08011043136312529,2.2174839442139063,Breast Invasive Carcinoma,-0.20530516854715145,-0.2654827564282493,0.3455105723931485,0.48634981458698984,0.8643397963887709,0.8471528245671787,-0.7768027106829837,-0.4722763261922874,-0.9144529088791625,-0.43712325574540606,-0.7808662748050406,-0.26076997272180724,0.8822449153178573,1.5211393833318254,-0.35439718855898283,-0.42368556590546197,-0.9345200880126938,1.07254626000554,-0.4515784170694332,0.4053596685427936,-0.15763278936064049,0.7058531560084816,-0.4517666376813937,-0.8355404844320102,-0.8324933622036256,-1.406656212590459,-1.002369656106628,1.7903111812339096,-0.20952959221575684,1.3136235300711034,0.26189837850376546,0.6975638038607317,0.17689499649098236,1.4634640079470247,0.2258530528692647,0.2505072154570284,-0.7854456358556567,-0.475407330199739,-0.901062887661931,0.07524704961415976,0.18776788773128736,-1.1762536739102767,1.1154422720893142,0.16211951909430186,-0.5144242852945268,0.06389956227014887,1.6696181860270205,-0.5013992011347421,1.1363273421573843,-1.7993904415544182
TCGA-AR-A250-01A,0.03726690390442604,0.036330843397056105,0.0,0.0,0.0,0.009085268411836656,0.11170337353842756,0.0,0.0,0.02623227852387536,0.0,0.0,0.0,0.1013331580676929,0.0,0.0,0.0,0.0,0.3091456389709227,0.0,0.1260624982836667,0.0,0.0,0.0,0.0,0.0,0.0,0.0,0.0,0.0,0.0,0.0,0.0,0.0,0.0,0.0,0.051376007655187086,0.0,0.080245470721524,0.0,0.0,0.0,0.0,0.0,0.0,0.0,0.00802415263734288,0.0,0.0,0.0,0.0,0.0,0.0,0.0,0.0,0.012558049732868747,0.0,0.0018531680241651637,0.0016025759327281204,0.0,0.0,0.0,0.0,0.0005462566250521303,0.010911083269564154,0.0,0.0,0.0,0.0,0.0,0.0,0.0,0.0,0.0,0.0,0.0,0.0,0.0,0.0,0.0,0.0,0.0,0.010343106041526126,0.01348185347533469,0.030823343547315925,0.0,0.0,0.019480805282149523,0.0,0.0,0.0,0.0,0.0015941639573372997,0.0,0.0,0.0,0.0,2.012837224705172,Breast Invasive Carcinoma,-0.8177879121962398,-0.4392853175037314,1.6259966301570306,0.9063754511208828,0.7515785873252803,1.4410820002354536,-0.3317177585466767,-0.05770766194860969,0.1911300896381136,0.25410849063683894,-0.306896172054321,-0.208596830237625,0.3554973660347217,1.366948507954087,1.7352851864983398,0.8671017930775938,-0.41248503710929,0.5133259661169073,-0.7935903493278365,0.2507434156710836,-1.464237432307954,-0.4182413665020458,0.06059504891717316,-0.7644135248169927,-0.37806300190647785,0.3061645691487392,-0.026002113572023044,-0.35301517413852557,0.047338842844078334,0.7648235531560164,-0.0054100701163093765,-0.15284656450054582,-0.1895831786002099,0.28856356283514073,0.5801418211151956,-0.7159105570544577,-0.8580525290760885,-0.6504943621006417,0.3777489566835153,0.5644787529977892,0.7580425475313701,-1.660072302174663,0.2326883241952831,0.24002939145361393,-0.839630676397441,0.1332068076698675,0.8306000197040605,-1.7543468875067523,-0.5981076182219466,-0.4869531457484826
TCGA-AR-A251-01A,0.0005645272978309159,0.0,0.0,0.0,0.0,0.0,0.06334948753491969,0.0,0.0039377428779094744,0.0,0.0,0.0,0.014078490195549472,0.0,0.0,0.0,0.0,0.0,0.05282911847229888,0.0,0.0,0.0,0.018188790921085995,0.0,0.0,0.016243220387989366,0.0,0.0,0.0,0.0,0.0,0.0,0.0,0.0,0.0,0.0,0.0,0.0,0.0,0.0,0.0,0.0,0.0874361198819245,0.0,0.0,0.0,0.20277962511294945,0.0,0.0,0.0,0.0,0.0,0.010549163875526263,0.0,0.0,0.0,0.0,0.0,0.0,0.06252185832004346,0.0,0.0,0.01335711671329753,0.038807837061491955,0.0,0.0,0.0,0.0,0.017732094805317657,0.0,0.0,0.0,0.0,0.049607875265607164,0.0,0.0,0.0,0.0,0.0,0.0,0.0,0.0,0.0395608731931712,0.04520156968452463,0.0,0.0,0.0,0.0,0.0,0.13568228453553238,0.0,0.0,0.010815193359033092,0.11675701050399681,0.0,0.0,0.0,2.1931245983544616,Breast Invasive Carcinoma,-0.481429991743599,-0.7463153319623538,0.4931929028111183,-0.564614313849243,-0.7762522165511136,-0.10998226470700148,-0.4824498492424235,-0.27711260895663276,0.6778741599193568,-1.318382674049555,-0.9918943474098724,-0.673794267345777,1.1232085274410064,0.35605704290309204,-0.1896445842826766,-0.19195776966928457,-1.1154105763326794,1.343934388829073,-0.7709100362334486,0.4050228265146377,-0.55774738469815,-0.006518241603909809,-0.23736219333722391,-0.3321793319314186,-0.3044172667912757,-1.0331384623036028,-0.9751897599521986,0.9053639838105609,-0.8139257997338577,1.7611112422942425,0.9888434845141569,0.3899386284975662,0.39743506060157235,0.5365683946138443,-0.7697636713445799,-0.5562672370169923,-0.5817386869515948,-0.9556158677841736,-1.6921689338471004,-0.40071218124452773,1.2926684470089984,-1.328541196765069,2.2619680565534663,0.2630256000379052,0.047495184191461176,2.1454856100790023,1.6253036827428842,-0.14893570424035368,-0.5838415069239457,-1.27798131005434
TCGA-AR-A256-01A,0.030957673616958403,0.04468639732078706,0.0,0.0,0.0,0.0,0.0,0.0,0.0,0.0,0.0,0.0,0.0066608994445796505,0.03930683606868541,0.0,0.0,0.0,0.0,0.027209869611967162,0.0,0.0,0.0,0.0,0.0030681743409361373,0.0,0.0,0.0,0.0,0.0,0.0,0.0,0.05256452242182289,0.0,0.0,0.0017215247179515384,0.0,0.010576828675118657,0.047840966224030286,0.0503713212179054,0.0,0.0,0.0007892359059964387,0.06774328429623579,0.0,0.0,0.004554805881098854,0.34537951298527986,0.0,0.0,0.0,0.0,0.0,0.009940083713930441,0.0,0.0,0.02577641462467719,0.0,0.0017354281078542212,0.011866183313798259,0.059716952354859854,0.0,0.0,0.0,0.007915064889155752,0.0,0.0,0.0,0.059322236188975454,0.0,0.0,0.0,0.0,0.0,0.0,0.0,0.0,0.0,0.0,0.0,0.0,0.0,0.0,0.0,0.04341559623643457,0.02616966883415923,0.0,0.0,0.0,0.0,0.0,0.012227361125260568,0.0,0.0024676858333340774,0.0,0.0,0.0,0.006015472048206864,2.2430380486862944,Breast Invasive Carcinoma,-0.37497450805988747,-0.6726197045450701,-0.3408828218305482,0.07312530778728182,-0.30191632348852165,1.056474734559371,-1.2372501700904908,-1.2511785772887392,-1.0450406777177204,-1.184504232467747,-0.7524902584924603,0.48718428650561313,1.6322365423461482,0.1455532172743794,-0.4170252160650872,-1.0486579046532882,-0.8791733154935047,1.9208898032382278,0.307037918848035,0.3620131809216522,-1.4869810293835475,-0.17087022194976728,-1.0484503323521988,-1.0999040679101628,-0.4104770009277522,-0.509180019239399,-0.6543230604869289,0.35102542832495687,-0.8332542031765796,1.8256599884019535,0.49488456265095887,1.6638867364098409,1.6153917385409309,-1.1081616739183249,0.7158215779157759,0.6572648033959957,-1.5878214849727177,-1.4014722997350864,-1.6553392059330456,0.2699165544234007,0.32414443694479367,-0.35499279366620323,2.0648553984966105,-0.8665183009716155,-0.18285860418706942,0.536021327067393,0.49516949422801043,-0.6131572422322576,-0.03388383783064788,-1.8347960340702978
TCGA-AR-A2LE-01A,0.015215417090482457,0.398216165477349,0.0,0.0,0.0,0.0,0.0,0.010318725038576967,0.0,0.0020451587683839754,0.0,0.0,0.009840091039873756,0.10990041355584945,0.0,0.0,0.03680013074749934,0.0,0.30289538579715813,0.0,0.005038216621892503,0.0,0.0,0.0,0.0,0.0,0.0,0.0,0.0,0.0,0.0,0.0,0.0,0.0,0.0,0.0,0.0,0.0,0.0,0.0,0.0,0.0,0.0,0.0,0.0,0.0,0.0,0.0,0.0,0.0,0.0,0.0,0.0,0.0,0.0,0.0,0.0,0.006753188104801877,0.0,0.003590317311206086,0.0,0.0,0.0,0.0,0.0,0.0,0.0,0.05829222926811144,0.0,0.0,0.0,0.0,0.024454584743427724,0.0,0.0,0.0,0.0,0.0,0.0,0.0,0.0,0.0,0.0,0.016639976435387324,0.0,0.0,0.0,0.0,0.0,0.0,0.0,0.0,0.0,0.0,0.0,0.0,0.0,2.4742162640762553,Breast Invasive Carcinoma,0.7728820488647835,-1.3714322838556459,0.7705765119952676,-1.1033903325602616,-1.177234435177095,0.32664703672164225,-0.2783487574023681,0.6377770478150125,-0.3756784526495072,-1.4951885191558254,-1.8266882612437825,-1.0562740129761015,-1.0660402971232794,-0.39927088326432636,2.0747440271846984,0.4912243764727669,0.33464082824975333,-0.9598890867712112,-1.3106688020972914,-0.3744560855671104,-0.9694876883945809,-0.923902418895552,-1.0454137769665028,-1.706883012030273,-1.7511661546420578,-1.249950023328308,-1.4310753848727689,0.4294905144849629,-0.8412993236224805,-0.16490275736557955,-1.6339843254284006,-0.8367096467988404,-0.5348229166281079,-1.1191793158173848,0.060918543861379675,0.182021271423149,-1.0651975384552723,-1.6340667864977259,0.24011333662232834,-0.5603369764912268,0.202328149286782,-0.6607787898985474,-0.5709359468463866,0.0181132090641793,-0.7556043777209487,-1.423796391242382,0.8627328238131966,-2.1867722575778195,-0.6117340169391502,-0.7970351632004715
TCGA-B0-4698-01A,0.0,0.001801642104360112,0.0,0.26802541534638413,0.0,0.0,0.0,0.0,0.0,0.0,0.0,0.0,0.0,0.0,0.0,0.0,0.0,0.0,0.0821704196093247,0.0,0.0,0.005906171162754355,0.013423086941339498,0.006537625871859839,0.0,0.0014943641299208408,0.05133860708141525,0.014252587925172113,0.03630020757484997,0.0,0.036294912893276104,0.05484432369585016,0.0,0.0,0.0,0.0,0.1442199791997492,0.0,0.04065909313689419,0.015049737814846746,0.0,0.0,0.0,0.0,0.0,0.0,0.0,0.0,0.0,0.0,0.0,0.0,0.0,0.0,0.0,0.0,0.0,0.0,0.004311073808904032,0.02198900949744417,0.0,0.004333619529360445,0.03343869068322383,0.009391745932334382,0.0,0.007328992512500491,0.0,0.0,0.0023127149453011824,0.0,0.0,0.0,0.03154875037957412,0.00367831546743533,0.0,0.0,0.0,0.024762829409288305,0.0,0.0,0.0,0.0,0.0,0.0534823766133772,0.031103706733259354,0.0,0.0,0.0,0.0,0.0,0.0,0.0,0.0,0.0,0.0,0.0,0.0,2.639486489268586,Kidney Renal Clear Cell Carcinoma,-0.3491472688312405,1.4767861668428293,-1.4301123058923448,-0.9782591582371875,-0.6090717622621827,0.20653158138580652,0.9213085373542935,-2.3861777039176344,-1.4284447724001885,-0.47347547209344837,1.1554687515529063,1.4320484630952675,1.7663788263433795,0.07427497475943691,-2.3997708567792366,-2.8443721666505004,-0.34376692477093496,1.7359179193402827,-0.8046157089294357,0.4186398452952146,-1.583825192127275,-0.12453650660482078,0.5185948538770012,1.1534100873080535,1.0242967201321136,1.101205726838307,1.1023081820993956,-4.1917601616385305,0.42383794780301054,2.003441570353388,0.29694752677314823,1.6648660734250222,1.6280611437032382,-1.6130594654226027,-1.6572430619347156,0.567504771576903,0.1652521799051991,-0.3647833531642416,-1.3542545990172108,1.1557390694423544,-0.33113138928308833,0.6742875220773475,0.2764274768763197,0.8747558460719308,1.4306230849872796,0.21963338172795374,0.3197755349972834,-0.4000604313502113,0.405286198847369,-0.8019088680503778
TCGA-B0-4823-01A,0.0,0.0,0.0,0.0,0.0,0.0,0.003837832656588344,0.0,0.004149468602017578,0.02091264830926011,0.01961249677820627,0.0,0.01886948944565505,0.02823574831600224,0.0,0.0,0.0,0.0,0.0,0.0,0.039520766379754324,0.0,0.0,0.04219151129903826,0.0,0.051720846263440146,0.0,0.0,0.0,0.0,0.0,0.0,0.07455226467084086,0.0,0.0,0.0,0.0,0.0,0.0,0.0,0.012049188945713109,0.02525449435139054,0.0,0.0,0.0,0.019749377128851234,0.2907942238217951,0.0,0.0,0.0,0.0,0.07352771050096747,0.0,0.0,0.026368737574294376,0.0,0.0,0.019523341977558985,0.019703921229642884,0.07722545794353235,0.0,0.0,0.0,0.023154978528608733,0.0012718157582652843,0.0,0.0,0.0,0.0,0.0,0.0,0.0,0.0,0.006396658531059781,0.0,0.0,0.0,0.0,0.0,0.0,0.0,0.0,0.08543498538919556,0.0,0.0,0.0,0.0,0.0,0.0,0.0,0.0,0.013225778682685794,0.002716256915635565,0.0,0.0,0.0,0.0,2.0211892990699383,Kidney Renal Clear Cell Carcinoma,2.015993055556344,0.41881559094647713,0.9529747366001532,1.9481072128006611,0.9767702523089583,0.7933754864257856,0.792878030978887,1.870742658104112,-0.36768961073511675,1.2921216116166518,0.9064870411836671,-1.0940137543750859,-1.7188523083309333,0.9020075157706275,0.5118041531765323,-0.543972051401992,0.8106552497457693,-1.6597764948086944,1.299632848631872,1.3146594838312708,1.3210947137484605,2.7256874253739163,1.5782655398241363,0.7322590486033457,0.7647359733205359,0.10586847183502852,0.3835542940442192,-0.05287567286683692,1.1843583488417302,-0.9045081204120216,-0.38449061956384,-1.2650405296174076,-1.3321742273327783,2.2356514547288073,0.9997211759543554,0.16146545500617757,1.1283998940043976,0.9762095440114128,0.5865756324865048,1.429327691317967,0.6383784421524494,0.4793479470654869,-1.216770351658987,1.6252632714008284,0.9083976250015317,-1.2266906334213838,1.7981909083485526,0.3351949221787405,1.0034189003633567,1.4944516829379226
TCGA-B0-5098-01A,0.0958854008643243,0.00905743091908613,0.0,0.0,0.0,0.02464622181770362,0.0,0.0,0.0,0.0,0.0,0.0,0.003693682264769137,0.04901348964312712,0.0,0.0,0.0,0.0,0.00967136825326076,0.00991552872953757,0.04021686955892591,0.0,0.0373946447878881,0.0,0.0,0.015217538258599115,0.05593955371006345,0.06326141056796766,0.0,0.0,0.0,0.0,0.0,0.04075018816671078,0.00039122333601143667,0.0,0.0,0.0,0.0,0.0,0.0,0.0,0.0,0.0,0.0,0.0,0.0,0.0,0.0,0.0,0.0,0.0,0.01917756452739085,0.0,0.01819418184997526,0.021894619452594695,0.0,0.005427460439220684,0.005835900630510526,0.0,0.0,0.0,0.0,0.22945288693086907,0.0,0.0,0.0,0.0,0.0,0.0,0.09360387114675343,0.0,0.0,0.0,0.0,0.0,0.0,0.0,0.0,0.0,0.0,0.0,0.0,0.0,0.0,0.0,0.0,0.011804005021012804,0.0,0.0,0.0130590222515156,0.12375413987299964,0.0027417969991823093,0.0,0.0,0.0,0.0,2.7520484478194387,Kidney Renal Clear Cell Carcinoma,-0.3741040063545004,-1.6874792594243324,-0.8478581324653467,-0.9405992407131556,-0.37594113855559635,0.06873703954201542,-0.32277231449189897,-1.1707114006308488,0.21342865957558818,-0.38274938562485566,-1.057491405494934,0.7971727449944287,0.45715120699798123,-0.48851894976048565,-0.7506484361551746,-0.8722810050853614,-0.7110057664237673,0.43237174139203277,1.2062477388540145,0.024613476112601174,-0.24826104360147863,1.353983080287528,-0.5954024230864104,-1.0294348334471308,-1.723152775701556,-1.4470100475544199,-1.5265331028021114,-1.5211701992703357,-1.3154645818455288,0.39867985522404936,0.9362362260540547,0.8174560353320252,1.1214843707305386,0.2079986471661804,-1.4300477301617394,-0.11257555949988843,0.04881404034609379,-1.6683521583995289,0.227515872702198,-1.7154483984732374,-0.859423662233085,0.13056486265033496,0.6868012876891451,0.7039500365195599,0.010300151370568915,0.5667915981048932,0.23317696634262852,1.420719398973908,0.22990178018424332,-0.3051986297089604
TCGA-B6-A0I8-01A,0.1370750022403654,0.07760318583665957,0.0,0.0,0.0,0.0,0.006190966057704023,0.0,0.0,0.0,0.0,0.0,0.0,0.0,0.0,0.0,0.0,0.0,0.08001657928666073,0.0,0.0,0.0023597903705371943,0.015392186055746559,0.0,0.0,0.0,0.002660074991881487,0.0,0.0,0.0,0.0,0.0,0.0,0.0,0.0006631779319977166,0.0,0.09197372047018354,0.0,0.0,0.0,0.0022876183412379627,0.0,0.0,0.0,0.0,0.0,0.08769081336537654,0.0,0.0,0.0,0.0,0.14386392860277675,0.003343185141462362,0.0,0.0,0.0,0.0,0.0,0.00974705780114551,0.012190285557600778,0.0,0.0008829382847277602,0.0,0.022831402488572378,0.0,0.0,0.0,0.0,0.0,0.0,0.0,0.0,0.13043433684503272,0.0,0.0,0.010538754562543192,0.0,0.0,0.0,0.0,0.0,0.0,0.09330832312498183,0.02252410311957769,0.0038056709571018983,0.0,0.0,0.016665524880211464,0.0,0.009751184858786073,0.0,0.016200188827128925,0.0,0.0,0.0,0.0,0.0,2.0043213737826426,Breast Invasive Carcinoma,0.4756796253423389,-2.1558944598627505,0.09465745577767831,0.34929189882963246,-0.20532806573244747,0.009049545548094331,-1.7864413207289553,0.7388884445341628,-0.8696476887148692,-1.0545218740618427,-2.0085999842747366,-0.36956558842711623,-1.2153987824617773,-0.2198439177377294,2.0526284670084185,0.5907094660459286,-0.4270371417436997,-0.9638675334050543,-0.9605755745254168,-0.13198822022090245,0.13245196979315965,-2.0871885345862777,-2.3214834757487717,-1.8645794328767247,-1.8890964167161644,-2.0579844663368587,-2.2989187660114405,0.9250372125813616,-1.8318617413929115,-0.3972950358058293,-1.21921309662201,-1.0367364872641558,-0.3321325653337229,0.1191506224699408,0.0997405384396529,-0.3492744979517392,-1.0276840799255704,-0.4331872155434874,0.6653589926246506,-1.1179551705337936,0.33112778706634577,-1.5377676168649708,-0.6939191826291802,-0.13229814964660774,-2.4064767203459296,-0.23615213187996167,0.03018891736302523,-1.3914365036799945,0.7513647648930478,-0.7728658689039516
TCGA-B6-A0IJ-01A,0.014045745423444342,0.039946233813499064,0.0,0.0,0.0,0.0,0.007418762855654885,0.0,0.022168078079428936,0.0,0.07222868650075984,0.0,0.008703095581343962,0.034681552109298665,0.0,0.0,0.0,0.024360026160182364,0.09308101463543095,0.04993437745175208,0.0,0.0,0.028253256738402562,0.0009787459244043964,0.0,0.05202325098622812,0.0,0.0,0.0,0.0,0.0,0.0,0.0,0.0,0.0,0.0,0.028017717898432704,0.0,0.0,0.0,0.0,0.0024281754017824826,0.0,0.0,0.0,0.0,0.4189638617430589,0.0,0.0,0.0,0.0,0.0,0.0,0.0,0.0,0.0,0.0,0.002777349637779196,0.018752720425574805,0.015909456322452286,0.0,0.0,0.0,0.0,0.0,0.0,0.0,0.0,0.0,0.0,0.026285508487676006,0.0,0.0,0.0,0.0,0.0,0.0,0.0,0.0,0.0,0.0,0.0,0.0013474337851692312,0.0,0.0,0.0,0.0,0.0,0.0,0.0,0.0,0.03414778115558847,0.0,0.0,0.0,0.0,0.003547168882655714,2.123851640967086,Breast Invasive Carcinoma,-0.182426486300347,0.9492717137716499,-0.5527399689016588,-0.7915358526420427,-0.004531963254334435,0.5949906365671873,-0.9237206861640369,-0.9896535662221583,0.17792148720781942,-1.6503752141862629,-0.17244936811917014,1.4889775587366196,1.825714614340131,-1.0760990126257186,-0.8219627139825679,-0.2027924683353698,-0.791336154512796,2.01721907725033,-0.22241144694284087,0.38351133250534053,-1.1048342477844455,-0.4591533082626813,0.31884660996268094,0.7204012946255515,0.19196808001473953,0.33384836550238534,0.6478989277987394,-0.3500751736088953,-0.46022074936799884,1.2953337820349227,0.9617289128655475,1.6642689329782023,1.7913696508985884,-0.32129762192628053,0.6068058009185391,0.6267892349464679,-0.8366031174810932,-0.8002234210795052,-0.6997277203224482,0.8700232231115774,-1.5233913486841473,0.272535298185122,1.384358770559143,-1.608739094988162,0.0627385820083812,1.6310678501554334,-1.3208227405322002,0.16546496897822974,1.4772942501402064,-1.5840277103960057
TCGA-B6-A0IK-01A,0.056293796461886085,0.3968246024310067,0.0,0.0,0.0,0.06824095347971287,0.0,0.0,0.0,0.0,0.0,0.0,0.0,0.05722643185000076,0.0,0.0,0.0,0.0,0.23355576346952434,0.0,0.005433243630479095,0.0,0.0,0.006943622478706136,0.0,0.0015187453260036789,0.0,0.0,0.0,0.0,0.0,0.0,0.0,0.0,0.0,0.0,0.0,0.0,0.023532615081508283,0.0,0.0,0.0,0.0,0.0,0.0,0.0,0.0,0.0,0.0,0.0,0.0,0.0,0.0,0.0,0.005522201950422213,0.0,0.0,0.0,0.0,0.0,0.0,0.04075308203920041,0.003049750137914093,0.020547676335777518,0.0,0.0,0.0,0.0,0.0,0.0,0.0,0.0,0.0320089962636095,0.011492049467363846,0.0,0.0,0.0,0.0,0.0,0.0,0.0,0.0,0.0,0.03705646959688456,0.0,0.0,0.0,0.0,0.0,0.0,0.0,0.0,0.0,0.0,0.0,0.0,0.0,2.143014800254095,Breast Invasive Carcinoma,0.6550540467595536,-0.8197936078627577,0.8396401976230177,-0.14743323117323037,0.08211173796787696,0.8998549112793215,-0.7609697467944474,-0.48184543429996995,0.26815402588354054,-0.22166489065864622,-1.0408339611153403,0.977571303984134,0.7230985127791816,0.18344562568992875,0.8731603268661693,1.2299775491863454,-0.06803731142131433,0.9539687059702417,0.6793214253632308,0.16252449837284175,-1.2967666381869973,-0.8533315437987828,-0.7908745754962497,-1.1284867299228873,-1.1173707937746225,-0.9351718755740642,-1.1802678599128014,0.8364727286617737,-0.8709748136145365,0.4391090873495895,0.8741819451094117,1.2728052232071647,0.71666034570568,0.45061392595405947,-0.1122388351436075,1.0293290994948172,0.5641166273347298,-0.6589345940394129,0.7396187166845932,1.1060361553679676,0.9095229061119787,-0.19588495569657174,0.584152750727125,-0.32577658747043614,-0.8456713464761108,1.665033198292857,-0.03612706348310704,0.06860295297069441,-0.19799184003356693,-0.6548340157579542
TCGA-B6-A0RE-01A,0.048587362973366785,0.061934852255954916,0.0,0.0,0.0,0.0007814909934877394,0.0012276434729066917,0.0,0.0,0.0,0.03498451189204205,0.0,0.0,0.054604375204601645,0.0,0.0,0.0,0.0,0.15165052336585408,0.0,0.04093592606439745,0.0,0.04069112774304124,0.0,0.0,0.021970396903839107,0.0,0.03582168433450259,0.021946781761854276,0.0,0.0,0.0,0.0,0.0,0.0,0.0,0.020264014551879456,0.0,0.0,0.0,0.0,0.012578680847605873,0.0,0.0,0.0,0.0,0.22077952499948805,0.0,0.0,0.0,0.0,0.0,0.0,0.0,0.0,0.0,0.0,0.0,0.0,0.00022726358394363515,0.0,0.01784491424069629,0.0,0.02461157968207188,0.0,0.0,0.0,0.0,0.0,0.0,0.0,0.0,0.0,0.0,0.0,0.0,0.006450364913536727,0.0,0.0,0.0,0.0,0.0,0.0,0.03129626572117259,0.06448157060882295,0.0,0.07981416988590441,0.0,0.0,0.0,0.0,0.0,0.00651497399902964,0.0,0.0,0.0,0.0,2.173186268412274,Breast Invasive Carcinoma,-0.5650983230786399,-0.9813214903024342,0.16177062220829377,-0.53233389737076,0.13073610365612937,1.3187778359828297,-0.20637458999618713,-0.9418575399178529,0.43006790110946547,-0.5218096530667904,-0.7499127129632733,-0.03124772064676446,1.0562481145235332,0.38957871494940355,0.13354090743541824,0.2835837283612254,-1.0473792173044223,1.1039628154558376,0.5949828867692787,0.5921291268948632,-1.8201414675833996,-0.14871507517072519,-0.875680731341221,-1.1717362308517523,-0.9946947412903384,-1.1960642706307352,-1.1805800617266367,1.2428226374455493,-0.5522818050790155,1.1822395492434683,0.7019520531432683,1.4468978478551153,1.8291472674271156,-0.3935866650810172,1.083930348676346,0.41128917882507304,-0.10007554457241655,-0.4228001035841099,-0.2510438973641825,-0.011920287772053315,0.40836197353589904,-0.13054375734792456,0.9320816890955187,-0.0002684601447497313,0.22202140589713393,1.1694105166943958,-0.10272083240743764,0.55167694524289,0.8782804705250532,-1.0851340582850095
TCGA-B6-A0RS-01A,0.030830646534156646,0.0,0.0,0.0,0.0,0.010763787520273183,0.06559618227197316,0.0,0.0,0.01706225053500017,0.0,0.0,0.010656016224361187,0.0,0.0,0.0038045399408156728,0.0,0.0,0.01709131299336322,0.0,0.0522854565289166,0.005333794010738267,0.005900894377313153,0.0,0.0,0.0,0.0,0.0010567916292529079,0.0,0.0,0.0,0.08281328975701552,0.0,0.0,0.009776076019643691,0.0,0.0,0.07455235347905895,0.0,0.0,0.002887241929078602,0.0,0.0,0.0,0.01638028869649256,0.0,0.28987376773527274,0.0,0.0,0.0,0.0,0.013276538838499281,0.0,0.0,0.0,0.0,0.0,0.0,0.0,0.0,0.0,0.0,0.0,0.016397774498151572,0.006421468812677153,0.0,0.0,0.07611046265501026,0.0,0.0,0.0,0.0,0.0,0.0,0.0,0.05795364767887689,0.0,0.0,0.0,0.0,0.0,0.0,0.05882280273830101,0.0,0.0,0.0,0.05268138630521992,0.0,0.0,0.021671228290537685,0.0,0.0,0.0,0.0,0.0,0.0,0.0,2.1522883443830563,Breast Invasive Carcinoma,1.3686983036125986,-0.10769908977017678,0.32692627445708455,0.21382096147137628,-0.208153401630107,1.1665447509500102,0.08997753489628328,0.09627108425703024,0.7860653890028206,0.20167473098691172,-0.255426057463716,0.48284316881497924,0.5720521810149517,0.587200569278044,0.5733017425458654,0.5353708420844229,0.47723888227098077,0.5335954659279203,0.22420293028047975,-1.293615270408463,-0.3824432741657955,0.43357054236831694,-0.09041967045008492,-0.049998703094185144,0.05602003995638427,-0.5943513221080869,-0.28415635563445013,1.0459277209234803,-0.21477820391581826,-0.07973742510547077,0.8212756279888228,0.8684746119945651,0.8528746784471506,0.40754308175868037,0.4378507366473657,0.7874685487073609,0.4980990768872658,-0.6273286342061912,0.8562157916050285,0.554481007556083,-0.27895691944511647,0.04248847880429009,0.35269959280909363,-0.1988097670536079,0.884958566683996,1.1509924870422088,-0.36880309308023773,0.43815549320907266,0.5379938215729506,-0.296385969933132
TCGA-BH-A0AW-01A,0.0,0.1867191825326274,0.0,0.003257312991553624,0.0,0.11670247579265539,0.07605892064177783,0.0,0.00585105817154046,0.011058820132626703,0.0,0.0,0.0,0.07569898217690929,0.0,0.0,0.0,0.0,0.21202072855785484,0.0,0.0,0.0,0.0,0.02663522103389955,0.0,0.0,0.0,0.00890539551951302,0.0042604383931702915,0.0,0.0,0.0,0.0,0.0,0.0,0.0,0.0009971961651715068,0.0,0.0,0.0,0.0,0.0,0.0,0.0,0.0,0.0,0.056734664222554784,0.0,0.0,0.0,0.0,0.0,0.0,0.008008961120370734,0.0,0.010732226467892243,0.0,0.0,0.006891654162377046,0.0,0.019360655419485544,0.0,0.0,0.0,0.0,0.0,0.0,0.0,0.00892555696407748,0.0,0.02648406461371509,0.0,0.014806563168139802,0.05329554094252709,0.0,0.0,0.0,0.0,0.0,0.0,0.0,0.0,0.0,0.002430483636114892,0.019244902623049353,0.04491899455039599,0.0,0.0,0.0,0.0,0.0,0.0,0.0,0.0,0.0,0.0,0.0,2.184691430817599,Breast Invasive Carcinoma,1.4989955390052394,1.0364737150759478,0.37216122211158287,0.4211300512322139,-0.004416257356665361,1.4616182957135542,-0.13555975537733206,1.147777189761131,0.934464246421369,0.792920270886222,0.564424023660596,0.688757971875117,0.2556702114638402,0.7065614210264545,0.3341886234294299,0.9767325911864999,1.044411926650267,0.21475084046389034,-0.5277724134729473,-0.7612640431924154,-0.47620764174016544,-0.9476690614276583,0.7862683415465404,0.429927274563678,-0.06011168849702689,0.04009725833027141,0.24733343860618412,1.701242424225498,0.41700431711113156,-0.4570031485161028,0.7475354426670708,0.8846204955823435,-0.0835213863087376,0.16073435226244426,-0.7518823284210185,1.5006939643722008,0.14542184804659758,0.30884392952323625,1.5397641805031954,0.8451790953413426,0.44782674976940834,0.6935655942430079,0.4732321129549904,-0.6705149609953884,-0.7464312885044541,-0.267003316922781,-0.4291654760636686,-0.22208800577445742,-0.6841496164185454,0.9157221230826494
TCGA-BH-A0B6-01A,0.006502333695867366,0.37820547342788485,0.0,0.0,0.0,0.015559859809504983,0.09399773291978508,0.0,0.0,0.0,0.0,0.0,0.0,0.054691119207547996,0.0,0.0,0.0,0.0,0.4085772506051278,0.0,0.0,0.0,0.0021045402260044636,0.0008383396168883654,0.0,0.0,0.0,0.0,0.0,0.0,0.0,0.0,0.0,0.0,0.0,0.0,0.0,0.0,0.0,0.0,0.0,0.0,0.0,0.0,0.0,0.0,0.0,0.0,0.0,0.0,0.0,0.0,0.0,0.0,0.0,0.0,0.0,0.0,0.0,0.0,0.0,0.0,0.0059879917610022124,0.0,0.0,0.0,0.0,0.0,0.0,0.0,0.0,0.0,0.0,0.0,0.0,0.0,0.0,0.0,0.0,0.0,0.0,0.0,0.0,0.0117059518397886,0.00802053315431162,0.01380887373628668,0.0,0.0,0.0,0.0,0.0,0.0,0.0,0.0,0.0,0.0,0.0,2.8992731873176036,Breast Invasive Carcinoma,0.41583788112864084,1.7380835349699462,0.6335107320492004,0.13020954439009802,0.3204540313137648,1.1705580006328389,0.22038584877445336,0.1511805707430434,-1.2599960709090225,0.028534417415615448,0.7060894904588897,-0.3175083692416875,-1.212712616014911,0.3593285584456183,0.7887348309875676,0.7990207058708709,-0.1514539443992432,-1.1263192569188027,-0.5673529073265571,0.56939949775595,0.36835659981417984,-0.7052857607826634,0.6375959319459258,0.8143697116205777,0.2760998557086312,1.964489791583808,1.6987207498076249,0.8832721590720383,0.4240633027641215,-1.4103298112846456,-0.7184013308490151,-0.4187842115170079,-0.5056395571715588,0.39371066699896706,-0.7456365232532168,0.6494292375005508,-0.315030508829454,0.40994063352616245,0.32267174607944815,1.0545836772649968,-0.7175012740220824,0.11510257525677209,-1.2432011228304385,-0.7654789294683432,-0.4401911081081613,-0.006494298957598254,-0.5310987304886148,0.19544335527512044,-0.40560627860429793,0.2970842553580441
TCGA-BH-A0BP-01A,0.05691313977881468,0.062146286047889854,0.0,0.039089888834904746,0.0,0.07450089292110948,0.127447064743209,0.0,0.0,0.0,0.0,0.0,0.0,0.03490430423124575,0.0,0.0,0.0,0.0,0.12787877941416803,0.0,0.0,0.0,0.0027286019420011665,0.0,0.0,0.0,0.01380133568289124,0.0,0.0009116471880796903,0.0,0.0,0.05538560824142383,0.013185376375265387,0.0,0.0,0.0,0.0,0.0,0.0,0.005092884352330429,0.0,0.0,0.0,0.0,0.0,0.0,0.0,0.0,0.0,0.0,0.0,0.053640022068275076,0.0,0.0,0.0,0.0,0.0,0.0,0.0,0.0,0.0,0.0,0.0,0.0,0.003456244044130137,0.0,0.0,0.0,0.0014748381227289258,0.0,0.0,0.0,0.029571372443192204,0.09940168649501908,0.0,0.0,0.0,0.0,0.0,0.0,0.05345863509958802,0.0,0.0,0.009454453965259763,0.0,0.0,0.0,0.02547454920854227,0.0,0.11008238879993125,0.0,0.0,0.0,0.0,0.0,0.0,0.0,2.161368002234975,Breast Invasive Carcinoma,2.40791974890757,-1.2363723088821532,0.507847323550205,1.3054612691589722,0.934221218561376,1.545221361644584,-0.30514860512180814,1.0563768421684265,-0.3584716534354837,0.7524108942674819,-0.7113846434990739,-0.7506445995619387,-1.0997181121251112,1.478777697706106,2.6682536002604507,2.137038415920592,0.44198489035879573,-0.7966140670161832,-0.6110222907610695,0.6948181818163086,-0.3080457374106838,0.31241639123537407,0.08770646846088397,-0.6421615824861396,-0.9131727669161713,-0.9775258299463871,-1.045241914300176,1.4799091721220168,0.23579866856544246,-0.4691783036091266,-1.1057492073573567,-0.8151143116781462,-0.40881506311082116,2.088373898357906,0.6339755365421501,-0.13503160800279732,-0.18140915875149666,-0.3611004117633667,0.3150940104686979,-0.2664057388294701,0.10566954811614106,0.12304411376811836,-1.0406266750457542,1.0797254795466806,0.027819366821288688,-0.3890342676323059,1.3614498994891362,-0.7992130707706491,0.14770577384312733,0.6063787768665121
TCGA-BH-A0BZ-01A,0.03301856891803557,0.039946668534380156,0.0,0.0036870947450181276,0.0,0.0,0.0,0.0,0.0,0.0,0.0,0.0,0.0,0.0035654332056326648,0.0,0.031170317741777937,0.0,0.0,0.03268058944116424,0.0,0.029306163340065163,0.0,0.0029588991833708303,0.000522344695190094,0.027120615894427776,0.0,0.0,0.019651732746967108,0.0,0.0,0.03887882518941806,0.013036242232431822,0.0,0.0,0.0,0.003080418581575519,0.0,0.0,0.0,0.0,0.004786034339565929,0.0,0.0,0.0,0.0,0.0,0.42430788209980747,0.0,0.0,0.0,0.0,0.09221323327225155,0.0,0.0,0.0,0.0,0.0,0.0,0.0,0.0,0.0,0.017308055449791075,0.0,0.0,0.0036218625528879464,0.0,0.0,0.0,0.0,0.004716486551449656,0.0,0.0,0.039952446841500365,0.0,0.0,0.0,0.0,0.0,0.0,0.0,0.04072737300875043,0.0,0.0,0.021102338341551802,0.0,0.0,0.026121729340530038,0.0,0.035682206775582814,0.0,0.0,0.0,0.010836436976875887,0.0,0.0,0.0,0.0,2.3502480183341627,Breast Invasive Carcinoma,0.27149813211237583,0.6075540341256286,-0.49570181352524556,0.250093388629033,0.8568487393993339,1.6715881536655028,0.45582265104604114,0.4415553345504302,-0.037473393136564774,0.45059481607835666,0.07937797652994356,0.7931523822387248,0.5185124756986598,1.186012694967512,1.3887198360147364,0.9031140874693449,-0.6030050340873582,0.6637875470966447,-0.4892618614216025,-0.07301085377890663,-1.182586700076999,-0.9446749033483728,-0.2782393369690179,0.33920544143511755,0.08889572590031691,1.662284450653918,1.101575494512597,-0.2144797386840524,-0.1581112837191623,0.16958575580178387,-0.053983162981258576,0.40741191498857393,0.3539975991056819,0.23499472790131573,0.16427545769555085,0.35574943516294644,0.2584885515500967,-0.1430788005225456,0.5022468507358808,0.0363414828180149,-0.05347390752950864,-0.8233304087932349,0.04924033357940474,-0.38656057052810683,-0.39740286445955963,0.16416672717432784,-0.22826044152121844,-0.37545664207939117,-0.2694483550692338,-0.08264005340885874
TCGA-BH-A0DZ-01A,0.0020928488663830755,0.3713996097348222,0.0,0.0,0.0,0.02293329913935998,0.018423293777655832,0.0,0.0,0.0,0.0,0.0,0.0,0.07123208290798597,0.0,0.0,0.0,0.0,0.4387726726963855,0.0,0.0,0.00048215500324989526,0.0,0.0,0.0,0.00037610212316226653,0.0,0.0,0.0,0.0,0.0,0.0,0.0,0.0,0.0,0.0,0.0,0.0,0.0,0.0,0.0,0.0,0.0,0.0,0.0,0.0,0.0,0.0,0.0,0.0,0.0,0.0,0.0,0.0,0.0,0.0,0.0,0.0,0.0,0.006477511263563235,0.0,0.0,0.0,0.009801604141599064,0.0,0.0,0.0,0.0,0.004123059879309905,0.0,0.0,0.0,0.014089240766354596,0.009197830846211383,0.0,0.0,0.0,0.0,0.0,0.0,0.0,0.0,0.0,0.03059868885395711,0.0,0.0,0.0,0.0,0.0,0.0,0.0,0.0,0.0,0.0,0.0,0.0,0.0,2.439332693830263,Breast Invasive Carcinoma,0.6611761807987186,-0.20976386503337,1.329706477813159,0.5440664595878827,0.7504350898411944,1.3274951916998567,0.5892177553724421,-1.006847177123898,0.10859958442627504,0.7409722865112578,0.08975393280307524,0.8441888009280683,0.5488466755834867,1.7259576857793237,1.557115834604846,1.918390792407071,-0.02168662781838306,0.6446825861693789,0.9164283008211788,0.5414465822023825,-0.8657718837246615,1.5881169113403484,0.3180739376923281,-0.2049997389100298,-0.012094094679313896,0.1289584319602986,0.04475321220937819,-0.07941080864463607,0.38073736599004515,0.23088238270972672,0.7795579438733183,0.9073754638155686,0.1950411930067328,0.5256822545031972,0.5364822161069138,0.726200799406782,0.41404323015003885,-0.15487640202887284,0.3501848219815497,0.7745950210532763,0.8598104446935249,0.530995035553806,0.34182375936084836,0.817114384063987,0.1771790950575649,0.8517224359903492,0.8773674139237518,0.5002335726960765,-0.2397042817717199,-0.18713538961329443
TCGA-BH-A0EE-01A,0.11787369698812858,0.18621450058621786,0.0,0.0,0.0,0.0,0.1239678498149584,0.0,0.0,0.0,0.0,0.0,0.0,0.1948383656700212,0.0,0.0,0.0,0.0,0.13295951663726477,0.0,0.0,0.0,0.0,0.0,0.0,0.0,0.0,0.0,0.004245491441887817,0.0,0.0,0.03345470169227007,0.0,0.0,0.0,0.0,0.0,0.0,0.0,0.0,0.0,0.0,0.0,0.0,0.0,0.0,0.0,0.0,0.0,0.0,0.0,0.005650511424487871,0.0,0.0,0.0,0.0,0.0,0.0,0.0,0.0,0.0,0.005728921860541799,0.014756240030517105,0.06383541065901632,0.0,0.0,0.0,0.0,0.0,0.0,0.04370624033648429,0.0,0.003291572092210962,0.0,0.0,0.0,0.0,0.0,0.0,0.0,0.0,0.0,0.0,0.0,0.002709469133839404,0.06676751163215362,0.0,0.0,0.0,0.0,0.0,0.0,0.0,0.0,0.0,0.0,0.0,2.03342375548695,Breast Invasive Carcinoma,-0.48295670964763804,-0.5246222304725503,0.8953350102009766,-3.0440673212762825,-2.021005272918079,-0.10674587195752963,-1.1383611025612415,0.14819502307450208,1.8031247384932894,-2.2903781221306203,-0.7206820194611235,1.5004269447969736,1.3885548080380852,-2.0972854772085268,-0.6149105500229103,0.480861459080551,0.8614204313316801,1.2800453195782664,1.9168558472676545,-0.8553157716900466,-1.356597321884442,-0.589491455276112,-1.0259463112556109,-0.5349391591713794,-0.8418101080416905,2.0881515967592295,1.043122711787927,-0.4965591308351107,-1.160720032050852,-0.47145316505118684,1.1193322312599308,1.3427170412702096,0.429459969864427,-1.9712705338762053,-1.0805703721791766,1.3818429904768017,-1.0425118957297388,-2.138735828676612,0.9756848651961717,0.6185086520495657,0.7049335036205395,0.470763180071746,1.409726945524342,-1.8641012354923474,-0.6890630262551801,1.1965145341581382,-2.011056426440924,-0.07424526002872706,-1.2115364121355492,-0.380481713189403
TCGA-BH-A0HA-01A,0.19781760600205617,0.042934735501519335,0.0,0.0,0.0,0.08497328633096603,0.0,0.0,0.0,0.0,0.0,0.0,0.0,0.0,0.0,0.0,0.0,0.0,0.03839507710442528,0.0,0.10890296241062157,0.010013752996111932,0.016277114473191426,0.0013022195822550067,0.0,0.012408646403060122,0.0,0.18466761301952223,0.0,0.0,0.005582707883158569,0.0,0.0,0.0,0.0,0.0,0.0,0.0,0.0,0.0,0.017169276884722796,0.0,0.0,0.0,0.0,0.0,0.0,0.0,0.0,0.0,0.0,0.04124303048912433,0.019471279603254798,0.0,0.013543604667349897,0.04849241553002566,0.0,0.0,0.0011315843320812656,0.003380903170407356,0.0,0.0020553849148481677,0.0,0.04716225767950954,0.0,0.0,0.0,0.0035997847929415097,0.0,0.0,0.0,0.0,0.0,0.0041991723932999605,0.0,0.0,0.0,0.0,0.0,0.0,0.0,0.0,0.012851650016539611,0.0,0.0,0.0,0.0,0.008455321414350146,0.0,0.0,0.0,0.07396861240465724,0.0,0.0,0.0,0.0,0.0,2.428134794028789,Breast Invasive Carcinoma,0.6073767024334369,-0.21541499077687482,0.33020020820378715,1.3803534823582642,0.6197491399601911,1.590557118951105,0.2609815819225965,-0.31001630502312827,-0.034673000007023676,0.2908240240566947,-0.4564432410405865,0.4284900345833614,-0.859238072043709,1.474629940713617,3.04472208017816,2.3627011806807863,-0.17870522879569792,-0.8082133225419942,-0.8388162783398273,-0.37892820378598374,-1.1202845425289627,-0.2980463446898772,-0.4229460741838209,-0.32003007774936065,-0.44929138173635086,1.4933351334091691,0.5976197810826798,1.0159560789213886,-0.18147348874913627,-1.2367148476406338,-1.0089883761360956,-0.34045054087538806,-0.8059177649590821,1.138933314345733,0.30626972697920235,0.5585980106572299,0.48496791275854956,0.20111157089962373,0.6934213668925877,-0.40372501092936325,-0.5682868898686594,-0.7888955829649049,-1.2269336952385053,0.33207059576178566,-0.5058490792535485,0.3265809750437108,0.6882026700277079,-0.08258437511279977,0.05468709987974881,-0.6825498784331414
TCGA-BH-A0HF-01A,0.0,0.04952165633314575,0.0,0.0,0.0,0.07630080121669396,0.04439266571167685,0.0,0.0,0.0,0.0,0.0,0.0,0.025197438924538386,0.0,0.0,0.11984589261754923,0.0,0.0,0.0,0.0,0.0,0.0,0.0,0.0,0.19194561168994265,0.0,0.0,0.0,0.0,0.0,0.0,0.0,0.0,0.0,0.0,0.0,0.01361391964625478,0.0,0.17426980334224695,0.0,0.0,0.0,0.0,0.0,0.0,0.0,0.0,0.0,0.0,0.0,0.0,0.0,0.0,0.0,0.0,0.0,0.0,0.0,0.0,0.0,0.0,0.0,0.0,0.0,0.0,0.0,0.09334346267040454,0.0,0.0,0.156755868989817,0.0,0.0,0.0,0.0,0.0,0.0,0.0,0.0,0.0,0.0,0.0,0.0,0.05481287885772981,0.0,0.0,0.0,0.0,0.0,0.0,0.0,0.0,0.0,0.0,0.0,0.0,0.0,3.053462604925455,Breast Invasive Carcinoma,1.6973125188878566,-0.5427554987140718,1.7264064982963208,2.0771310587690874,0.8839566744339613,2.717362749463629,0.35043524273549964,1.1465459790019747,0.20919742124337612,0.7561961564673456,0.06721350881813636,-0.014017639959869193,-0.3703709569622117,1.3339418205299831,2.750884393812989,3.1507444584160025,1.7585205834210205,-0.4136542589186831,0.38481188306604275,0.716776402461126,0.9996983747786472,0.8147346161852368,0.15137417564716057,-0.324320442317652,-0.3575924639464601,-0.6207179128960816,-0.6506569099928247,2.5536161048062844,0.34887621262326957,-0.438646908948057,0.22650162801006207,0.3012601006714267,-0.22984438509380622,1.6347327714030437,0.9967763185644584,0.6667686017474216,0.903943854627114,-0.2942544148486848,1.0774830786465452,-0.3614570840987651,-0.07696004956689806,0.6929782157599933,-0.08735195666812694,0.46684735667935773,-0.14712914438444846,0.21956523442496348,1.1981781457540621,0.7041721015630179,0.09749161623175578,1.4924895192086929
TCGA-BH-A0HK-01A,0.08555163998659918,0.3396325982843241,0.0,0.0,0.0,0.0,0.0,0.0,0.0,0.0,0.0,0.0,0.0,0.05339941186295502,0.0,0.0,0.015474957565105165,0.0,0.16819031931110226,0.0,0.0886751943623529,0.0,0.0,0.0,0.0,0.0,0.0,0.0,0.0,0.0,0.0,0.0,0.0,0.0,0.0,0.0,0.0,0.0,0.0,0.03339064955662146,0.0,0.0,0.007841346406189987,0.0,0.0,0.0,0.0,0.0,0.0,0.0,0.0,0.0,0.0,0.0,0.0,0.0,0.0,0.0,0.0,0.0,0.0,0.0,0.0,0.0,0.0,0.0,0.0,0.03207640022367062,9.647837694962011e-05,0.0,0.0,0.0,0.0,0.0,0.0,0.0,0.0,0.0,0.0,0.0,0.0,0.0,0.0,0.1081179406916371,0.0,0.0,0.0,0.0,0.0,0.06755306337249246,0.0,0.0,0.0,0.0,0.0,0.0,0.0,2.0086001717619175,Breast Invasive Carcinoma,2.2337662378546463,-1.258349893614102,1.1561397380762546,0.3593156296328421,-0.5471355013269762,1.3628495392320068,0.0709016494441438,1.6387690766155822,-0.30670687334719143,-0.22703394450960732,-1.0058762210089907,-0.5742199757446368,-0.6889905949253776,0.5758076523367598,2.443007856903733,1.709690189936433,1.6029749600433503,-0.7193332181033167,0.08609504769002782,-0.10986109174383187,-0.4988264036001352,0.6568583519988316,0.16804338798783458,-0.7228200943723982,-1.062033930362223,-0.9266760724059894,-1.0016541547356823,1.7207317593949272,-0.04078070709682516,-0.3985520270247651,-0.678003067473612,0.05090704178779628,0.1833292237060787,1.1148642799211568,0.24652975318658274,0.17191031080022895,-0.11327897809515526,-1.2560688498785402,1.1627041032156429,0.18548067740614538,0.4524851223212315,0.18011709451542285,-0.6986129485643597,0.4059483500755542,0.1593177206567061,-0.577575637606361,1.5421436535244581,-0.6125647382041961,-0.5303087351634233,0.8190399431230297
TCGA-BH-A0HP-01A,0.018827834406540928,0.34726513857114055,0.0,0.0,0.0,0.0,0.0,0.03281309130529413,0.0,0.0,0.0,0.0,0.0,0.0715603838018672,0.0,0.0,0.0,0.0,0.3884664889797705,0.0,0.0,0.0,0.0,0.0,0.0,0.0,0.0,0.0,0.0,0.0,0.0,0.0,0.0,0.0,0.0,0.0,0.0,0.0,0.0,0.0,0.0,0.0,0.0,0.0,0.0,0.015013429111420779,0.0,0.0,0.0,0.0,0.0,0.0,0.0,0.0,0.0,0.0,0.0,0.0,0.0,0.0,0.0,0.0,0.0028283063376740845,0.0,0.0,0.0,0.0,0.10789353724562148,0.011047740494231049,0.0,0.0,0.0,0.0,0.0,0.0,0.0,0.0,0.0,0.0,0.0,0.0,0.0,0.0,0.00027115867843633426,0.004012891068002945,0.0,0.0,0.0,0.0,0.0,0.0,0.0,0.0,0.0,0.0,0.0,0.0,2.439332693830263,Breast Invasive Carcinoma,1.1042386658095547,-0.8423987241629437,0.9541840769361728,0.5700028428041058,0.6635024440277889,0.6449373048706509,-0.3177344412184624,0.975307886980386,-1.2331002676934482,0.3786209365710297,-0.926658421566266,-0.7020309485509341,-0.6631555401688181,0.5028266834636697,2.0556922488935676,1.4393906393814693,0.21713013318708527,-0.455357870943273,-0.7633518409003729,-0.41324517543864236,0.5725625656355038,-0.44877361921884745,-0.8060567182942698,-0.6201574327691273,-0.7988849672504723,-0.12529303330491465,-0.5222804413102844,1.7003965415896864,-0.3147129712015114,0.09812324271131993,-1.4670833264911516,-0.49977583782651225,-0.9755957143645733,1.4255818506029354,0.6328657182582663,-0.17041335333658053,0.23854782228144292,0.06539541829262802,0.1052432544991575,-0.13480917686130056,0.8018321281730858,-0.8044606038711821,-0.02876408268738301,0.4891959653674852,-0.9653975472826165,-1.2639978562918461,1.3980481678130234,-1.4924809332594837,0.5506791914627568,-0.2519118427294949
TCGA-BH-A0W7-01A,0.0024338081616157524,0.3803270617234903,0.0,0.0,0.0,0.0,0.0,0.0,0.0,0.0,0.0,0.0,0.0,0.05808859764386059,0.0,0.0,0.0,0.0,0.4478018987073123,0.0,0.0,0.0,0.0,0.0,0.0,0.012815948996338351,0.0,0.0,0.0,0.0,0.0,0.0,0.0,0.0,0.0,0.0,0.0,0.0,0.0,0.0110353167822657,0.0,0.0,0.005601516223139282,0.0,0.0,0.0,0.0,0.0,0.0,0.0,0.0,0.0,0.0,0.0,0.0,0.0,0.0,0.0,0.0,0.0,0.0,0.0,0.0,0.022020194543413453,0.0,0.0,0.0,0.009874782751934335,0.0021428883100572376,0.0,0.0,0.0,0.0,0.0,0.0,0.0,0.0,0.0,0.0,0.0,0.0,0.0,0.0,0.04584448163332545,0.0010913976161601555,0.0,0.0,0.0,0.0,0.0,0.0,0.0,0.0,0.0009221069070870445,0.0,0.0,0.0,2.305351369446624,Breast Invasive Carcinoma,0.4137183005004509,0.437183369757722,0.6798851996668155,0.23300388511777423,0.422970952148874,1.3910553245199426,0.7776215499351542,0.25774333107371755,0.07171326771048929,0.36530526290584026,0.027928243597003032,0.587032871238668,-0.0444519222694387,1.2613124797133979,2.206319653144059,1.9970012572960074,0.03352173683516566,0.023950064215209232,-0.46322783533784123,-0.2531089326088845,-0.7557020249916692,-0.043605974593288535,0.15980489830429642,0.16939836776997227,0.06585761460097188,1.259497301752038,0.7929576481023082,0.006771402230813595,0.3006603757630659,-0.4978777782043196,-0.34261548919970997,0.29085410377975446,-0.37427698945683785,1.0613891539429214,0.1321994824928681,0.18173876810974757,0.7652355633344708,-0.6030129700283415,-0.3026216680408204,0.39196459211773416,-0.2823306351344579,-0.17048160309306348,-0.027938339698843996,0.26271865960339036,0.08857461635698309,0.42596493206702885,0.6142141223367817,0.2649398744174994,-0.46071728046678717,-0.09986027229392679
TCGA-BH-A18G-01A,0.05754669779891552,0.0,0.0,0.0,0.0,0.22325388883644104,0.0,0.0,0.0,0.0,0.0,0.0,0.005829836415669683,0.007599293601831552,0.0,0.0,0.00941524962335078,0.0,0.0,0.016750913877405217,0.1771023819814237,0.0,0.006365509129600344,0.0,0.0,0.0,0.08658408987641716,0.12412483763015077,0.004557317557781808,0.0,0.008985881375618596,0.0,0.0,0.08407031675970446,0.0,0.0,0.0,0.0,0.0,0.0,0.0,0.0,0.0,0.0,0.0,0.0,0.0,0.0,0.0,0.0,0.0,0.005280153031322386,0.0,0.0,0.0,0.008713535915701872,0.0,0.000688413035775765,0.0006254869115723178,0.0,0.0,0.0,0.0,0.09991766313625776,0.0,0.0,0.0,0.0,0.0,0.0,0.018569907760518353,0.0,0.0031579651495515135,0.0,0.0,0.0,0.0,0.0,0.0,0.0,0.0,0.0,0.0,0.0,0.0021492004273474287,0.0,0.0,0.0,0.0,0.0,0.0,0.027915578988069192,0.020795881179572956,0.0,0.0,0.0,0.0,3.0948203803548,Breast Invasive Carcinoma,0.07019612988823078,-0.8522976467483615,0.15967055773146197,-0.2821863514634938,-0.34590038903734843,0.9203287909908859,-0.15794488397274914,-0.2881539961646895,0.5247709011935974,-0.20049533411186618,-0.581601299234712,0.8640742611309508,0.3524058019400224,0.4882521630531227,-0.17208021189950823,-0.024701755326109288,-0.5537960513519218,0.5027319757199227,0.9431518673057411,0.401643027536844,-1.3032367138422423,0.4435988619268435,-0.42766617425273035,-0.842432932293264,-0.9013981652077327,-0.31562350551773694,-0.7327011763818658,-1.3148125343174581,-0.2408325059194196,-0.5357103918727935,0.04307438104492143,1.0111283265349473,1.0106468600962133,-0.590908329320135,1.0147881418323037,1.058183627317084,0.41043953115037174,1.1297327434086974,0.13490077767281128,0.7095607810776235,-0.48549546609425664,-0.11191370413297434,0.1349323895889242,-0.7583666515176714,-0.43898900583307576,0.5051954966769794,-0.14913560644127072,-0.6694561822479796,0.8009056130366525,-0.6009690768814165
TCGA-BH-A18P-01A,0.02396266164433462,0.302416263555886,0.0,0.0,0.0,0.0,0.13800349373616233,0.0,0.0,0.0,0.0,0.0,0.0,0.07339422179477083,0.0,0.0,0.0,0.0,0.3147625129153997,0.0,0.0,0.0,0.0,0.0,0.0,0.0,0.009962438563650904,0.0,0.0,0.0,0.0,0.0,0.0,0.0,0.0,0.0,0.0,0.0,0.0,0.006244405238335863,0.0017428361319012725,0.0,0.0,0.0,0.0,0.0,0.0,0.0,0.0,0.0,0.0,0.0,0.0,0.0,0.0,0.0,0.0,0.004886373967667935,0.0,0.0017826634151730675,0.0,0.0,0.0,0.0,0.0,0.0,0.0,0.0,0.0,0.0,0.0,0.0,0.029438640108334486,0.0,0.0,0.0,0.0,0.0,0.0,0.0,0.0,0.0,0.0,0.0,0.0,0.0,0.0,0.0,0.0,0.09340348892838318,0.0,0.0,0.0,0.0,0.0,0.0,0.0,2.4913616938342726,Breast Invasive Carcinoma,-1.0217485776666821,-0.8954687111087651,0.38686546081413514,-0.2553667011215974,-0.1436516601898818,0.018729772238705086,-1.1783552191667535,-0.7928177046339608,-2.8178089328095233,-0.8132214957655246,-1.3646036341474537,-0.5724875678531187,0.19969583629987406,0.25979114433430983,0.021408499748209582,-0.59385085450385,-1.0207140050944452,0.6513421241265465,-1.0483509019615513,-0.39716009961938675,-1.3614107527069574,-1.6432958859572895,-1.0565638311734071,-0.9267380000606356,-1.1724951800698302,-0.7684561556052855,-0.9135069584738508,0.13290523178556093,-0.7776128641948685,1.1966529701236872,-1.5188233293383178,-0.13165864780167585,-0.7506113869230184,-0.1478313357019017,-0.2378870126282068,-1.1201749606883604,-1.6324865681393252,0.18718514479625212,-0.4824795674803618,0.1764427230154976,0.847028254359136,-0.9544686977686258,0.36645147959616164,0.09738940976473791,-1.4294828497466183,-1.2564447084207704,0.5410774487538756,-2.4016344405940657,-0.5938421712690654,-1.4125033241873626
TCGA-BH-A18U-01A,0.05572518311124667,0.24725062254990893,0.0,0.0,0.0,0.10591187852618716,0.0,0.0,0.0012652944776760044,0.010108608736601273,0.0,0.0,0.0,0.0,0.0,0.0,0.0,0.0,0.16769781635834957,0.03096387854189579,0.0,0.0,0.0022086898664117646,0.0,0.0,0.0,0.0,0.0,0.0,0.0,0.0,0.0,0.0,0.0,0.0,0.0,0.0,0.0,0.0,0.011596002775182966,0.0,0.0,0.0,0.0,0.0,0.0,0.0,0.0,0.0,0.0,0.0,0.0,9.583028049197171e-05,0.0,0.0,0.03834646776800668,0.0,0.014645267003078185,0.0,0.008311873511202198,0.004439950046375213,0.0,0.0,0.0,0.0,0.0,0.0,0.0,0.0,0.0,0.04348624592023453,0.0,0.0,0.12025505784674334,0.02609264772556954,0.0,0.0,0.0,0.0,0.0,0.0,0.0,0.0,0.07897800317114492,0.0,0.0,0.0,0.0,0.0,0.03262068178369329,0.0,0.0,0.0,0.0,0.0,0.0,0.0,2.100370545117563,Breast Invasive Carcinoma,0.027381216119589817,-0.9502016062752695,0.4531259916528791,-0.52970367521152,-0.8352594221638525,0.3470356100760586,-0.5936800333614343,0.1603035804228639,0.8108091597747865,-0.8118511955113229,-0.6316327296445567,0.930465067926591,1.344399762627813,0.35746511850337387,1.2682957150432468,0.8395678618116821,0.22459351272511194,1.5010139680393397,0.0784587301890878,-0.14033472207819525,-1.4366976068434152,-0.22219816348519217,-1.4739766862218635,-0.9041362616281711,-0.9040171048846489,0.05945230224643618,-0.36537468812548163,-0.21815297682776316,-1.252497854258744,0.6078400503252412,1.236165669484242,1.0049559145267237,0.672376635327433,-0.7635561424262886,-1.1894739496070255,0.5784777688142558,-1.3110946025480188,0.5726198666539974,0.8036895786974487,0.1269393408244938,1.0814348098441058,-1.0227893671503203,1.3380787920148045,-1.2528820104404608,-1.032141842144493,1.3446094686950394,-0.26413106676868353,-0.16622759298888162,-1.7156070269821662,-0.8594572006683572
TCGA-BH-A18V-01A,0.016812275358469072,0.07140640008013327,0.0,0.0,0.0,0.0,0.07628907697014525,0.0,0.0,0.0,0.0,0.0,0.0,0.0,0.0,0.0,0.0,0.0,0.1899481359908341,0.0036755935298090716,0.0,0.0,0.017278396266953593,0.0,0.0,0.0,0.0,0.0,0.020307468603925016,0.0,0.0,0.0,0.0,0.0,0.0,0.0,0.0,0.0,0.0,0.0,0.0,0.0,0.0,0.0211123932864965,0.0,0.0,0.2979959730536084,0.0,0.0,0.0,0.0,0.0,0.0,0.0,0.008907717682785643,0.0,0.0,0.0,0.0,0.03399562625200741,0.010548784507265702,0.00694432691161344,0.0,0.006921625254806149,0.0,0.04894209402635592,0.0,0.0,0.006780128921376281,0.0,0.0,0.0,0.004100651406537896,0.0,0.0,0.0,0.0,0.0,0.0,0.0,0.0,0.0,0.0,0.0,0.01923613299913846,0.13879719889773878,0.0,0.0,0.0,0.0,0.0,0.0,0.0,0.0,0.0,0.0,0.0,2.2764618041732443,Breast Invasive Carcinoma,-1.6330017482476575,0.37577967674661855,0.4185604295630697,0.4198974760289335,0.6764204922146348,1.7077958583173265,-0.8949700659065271,-1.0378252697847041,0.3509754325441805,-0.7514219336376556,-0.08911223444181525,-0.014004034621844748,1.5271049147999025,0.48988564362550513,-0.2135276323351775,-0.38434063634602356,-1.5458750712645493,1.9896180610742151,-0.34204885057369905,1.0114688864244918,-1.6416993120883279,-0.3292623651070923,-0.507458943561424,0.28716839771499747,0.4267224062353037,0.31333909855160935,0.5173876565686645,0.8270936491820499,-0.3445744833658536,1.885373784557669,0.9995116622241733,1.0409263520243242,0.6879795953889218,0.12964803340019662,1.0674191519940308,-1.273348789474208,-1.4506159568428438,-0.8354327411014283,-1.2982261556981138,-0.06978084350149548,0.48419422094231424,-1.120422040784996,0.8592049269936269,-0.3374646151605912,0.46622362667312794,1.4470685324166432,0.2647140322841984,0.024912782183680572,0.8416787890658829,-1.8703062330882236
TCGA-BH-A18V-06A,0.013971637807110577,0.07415256366932439,0.0,0.0,0.0,0.0,0.08968328101898626,0.0,0.00776397273430615,0.010567661052883122,0.04614113721837914,0.0,0.005313110809263174,0.0,0.0,0.0,0.0,0.0,0.23289397755888167,0.0,0.019861492365939377,0.0,0.01252453747967871,0.012168668886935326,0.0,0.009551570178396272,0.0,0.0,0.008197088028414786,0.0,0.0,0.0,0.0,0.0,0.0,0.0,0.010941610287286336,0.0,0.0,0.002233846516903299,0.0,0.000998600209088278,0.0,0.0,0.0,0.0,0.2099784239155862,0.0,0.0,0.0,0.0,0.0,0.0,0.0,0.0,0.0011557952666739497,0.0,0.0,0.0,0.0255587815992986,0.0,0.0,0.008621486595302971,0.035619342389131045,0.0,0.0,0.0,0.0,0.0010993924367546672,0.0,0.0,0.0,0.006156850481510475,0.0,0.0028768285182319874,0.0,0.0,0.003867191879926146,0.0,0.0,0.0,0.0,0.0,0.001865539654282609,0.01931743598639293,0.12210318445777074,0.0,0.0,0.0,0.0,0.0,0.0,0.004814990997360777,0.0,0.0,0.0,0.0,2.342422680822206,Breast Invasive Carcinoma,-0.24910296277712626,1.9094150710694802,-1.4551362354076094,-0.4590352563858482,0.8071328066447845,1.3051804423470035,0.07529654469218995,-0.45279743604073625,-1.3770624469989277,-0.9532292620873698,0.6926226094382641,0.16430336425277642,1.075607134753047,-0.40037154968520405,-0.7951960246341943,-0.7983697446217817,-1.2123558542445254,1.1485486375033336,-0.32449734784683854,0.005720113208714992,-0.8406418436775884,-0.392991866438269,0.20769231255401926,1.4968558631383975,0.7051001825339609,1.3062982351495782,1.540217452393579,0.2831107538740587,-0.29214189707094695,1.157927091442628,-0.34174343050509914,0.2691480336023001,0.1694090674667439,-0.3695519687502561,-0.1409615378546696,-0.7140373448081817,-1.1268188110815323,-0.7074125927345665,-0.3595205357846897,1.3909954399273705,-0.6302058183382241,0.49067288630030875,0.34646583416672155,-0.9939519568378361,0.12591097443114962,-0.1513241000110957,-0.5988138432423151,0.5129429146782039,2.0784136106223454,-1.1993554145551613
TCGA-BH-A1F8-01A,0.06887579029581987,0.34762102733009875,0.0,0.0,0.0,0.0,0.0,0.0,0.0,0.010887224062863146,0.0,0.0,0.0,0.07401431270108133,0.0,0.0,0.0,0.0,0.2516871037100898,0.0,0.0,0.0,0.0,0.0,0.0,0.029166676315365937,0.0,0.0,0.0,0.0,0.0,0.0,0.010713860039732336,0.0,0.0,0.0,0.0,0.0,0.0,0.01402440220862556,0.011276345233469258,0.0,0.0,0.021730733485451237,0.0,0.0,0.0,0.0,0.0,0.0,0.0,0.020336884664998316,0.00048319990990445486,0.0,0.0,0.0,0.0,0.0022816011503120474,0.0,0.0,0.0,0.0,0.005496497421573957,0.0,0.0,0.0,0.0,0.0,0.008228351893725736,0.0,0.0,0.0,0.03413057544949883,0.0,0.0,0.0,0.0,0.0,0.0,0.0,0.0,0.0,0.0,0.06823536265659857,0.015131441654450468,0.0,0.0,0.005678609816340381,0.0,0.0,0.0,0.0,0.0,0.0,0.0,0.0,0.0,2.164352855784437,Breast Invasive Carcinoma,0.10692625100122423,-1.4107787086720036,0.6551909944080454,0.4146612161227315,-1.6765187346274024,0.5869931247651907,-1.126898834521649,1.1978142023120866,-1.499160373760353,-1.0398131358866851,-0.7124788422790314,-0.35510839447945525,0.48034914372891124,-0.09846737795294797,1.2355339261173395,0.8327825443343887,-0.13050724020688667,0.3869556071337943,-0.5429772233763066,-0.9121858180702722,-0.5091522666486947,-1.422745032576751,-1.2585855458073847,-1.6640425087478037,-1.2107288836847174,0.9135681721859885,-0.059724708307030305,-0.6231407273093319,-1.1364174739521713,-0.253850265221684,0.3072292372425855,0.31348764378155053,-0.4113921225505775,-1.5584787439338534,-1.781231894163971,0.5028070020599336,-1.7361687846832627,0.5886708357201317,0.6425881969778587,-0.6697273184727585,1.823663577202906,-1.220048893681208,0.9818357120856273,-0.8547751037545506,-1.6878940972037595,0.19613400393307795,0.0642886621324403,-1.8220442819076592,-2.2956882210377394,-0.8941743738514103
TCGA-BH-A1FN-01A,0.031461761843063235,0.14026711412615098,0.0,0.0,0.0,0.0,0.07285586339387712,0.0,0.0,0.007090075927458856,0.06930919227231236,0.0,0.0,0.0,0.0,0.0,0.0,0.0,0.27665175781839046,0.0,0.0,0.0,0.0,0.025268134310554406,0.0,0.0,0.0,0.0,0.0,0.0,0.0,0.014835416794323692,0.0,0.0,0.0,0.0033288147324138963,0.0,0.0,0.0,0.0,0.0,0.0,0.0,0.0,0.0,0.0,0.0,0.0,0.03435211044368966,0.0,0.0,0.0,0.017343298949805297,0.0,0.0,0.04062887919172805,0.0,0.0,0.0,0.0,0.0,0.0,0.0,0.011605089649277102,0.0,0.0,0.0,0.0,0.01707216440723706,0.0,0.0,0.0,0.005655384821511055,0.0,0.0,0.0,0.0,0.008976854794942774,0.0,0.0,0.0,0.0,0.0,0.08834574841780886,0.0,0.0,0.0,0.0,0.0,0.08363326171537012,0.0,0.0,0.0,0.051319076390085025,0.0,0.0,0.0,2.03342375548695,Breast Invasive Carcinoma,-0.5344041181531034,-0.9586045448395117,0.2550538737228039,-0.16279780462281354,-0.20680268480462954,0.48889463757694995,-0.3330321924672018,-0.4797837190696073,-0.7602218070765482,-0.69780790409496,-0.9605796747922538,0.008542990157368455,1.0943653037203596,1.0952488929627944,1.2363315209422912,1.1503629445494534,-0.8728451461525474,1.213239851905697,1.5555744268361913,0.5847321780012887,0.0985122619411103,1.6687997661339433,-0.504471678851035,-0.5262242154120208,-0.4290229563966974,0.6816839876449189,-0.05830245879897835,0.4292332036816314,-0.5894082048802604,1.1386841167926531,0.9629100266994511,0.8232522138918908,0.1771175540084023,-0.3577860142421501,-1.2702017523731963,-0.6399589612448733,-1.048523710927835,0.22733543002635262,-1.0477572872920886,0.1859875904634285,0.9464012941538177,-0.9330164527929843,1.5194424336463406,0.5475524631441595,-0.1697037687781484,1.1210728432103774,0.9776974123409541,0.3542057805713887,-0.13124041266913655,-1.0376499891402269
TCGA-BH-A2L8-01A,0.019098002906395004,0.4046165189995955,0.0,0.0,0.0,0.0,0.10777944339031316,0.0,0.0,0.0,0.0,0.0,0.0,0.008006552366233361,0.0,0.0,0.0,0.0,0.4384218583648651,0.0,0.0,0.0,0.0,0.0,0.0,0.0,0.0,0.0,0.0029584446051026227,0.0,0.0,0.0,0.0,0.0,0.0,0.0,0.0,0.0,0.0,0.0,0.0,0.0,0.0,0.0,0.0,0.0,0.0,0.0,0.0,0.0,0.0,0.0,0.0,0.0,0.0,0.0,0.0,0.0,0.0,0.0,0.0,0.0,0.0005344616233270313,0.0,0.0,0.0,0.0,0.0,0.006694041721319655,0.0,0.0,0.0,0.007704338529528335,0.0,0.0029934987878015413,0.0,0.0,0.0,0.0,0.0,0.0,0.0,0.0,0.0,0.0,0.001192838705518769,0.0,0.0,0.0,0.0,0.0,0.0,0.0,0.0,0.0,0.0,0.0,2.6665179805548807,Breast Invasive Carcinoma,0.7656980534218756,0.6854921084853317,0.18534338248866003,-0.46284776646799536,0.17258351809788222,1.07000788169991,0.868847176386428,0.9098430337387596,-1.4190546506701451,-0.23037586901825396,-0.1142983161045002,0.19749883294892853,-0.6158619821397631,1.0433240323390103,1.91114637875489,1.7352430038964408,0.30167927193798966,-0.5890486170531996,-0.9171443738611679,0.1448893375206493,-1.0777013078335662,-0.21323006700240893,-0.09980839687695424,0.33785517711138396,-0.326927210232074,0.6295474297440046,0.459828846087298,0.29201592106310714,-0.034581669318143084,-0.3913803786915249,-0.5099240227980154,0.43940053818451624,0.37160272150723284,0.7890118639186977,-0.44024607413453265,0.5641657131951765,0.2049534537824579,0.49420516758009025,0.02772428751000169,0.07195374298131525,-0.7859126578071426,0.4372671341356894,0.6526201697421141,0.3034404004751765,-0.11192938006624809,0.16659420018097218,0.6235667561637777,-0.6252901813728041,-0.3013442049080926,-0.27763675049890524
TCGA-BP-5168-01A,0.0,0.0,0.0,0.0,0.0,0.0,0.0,0.0,0.05874051072905347,0.0,0.0,0.0,0.0,0.0,0.0,0.0,0.0,0.0,0.04608084623282072,0.0,0.017018069091185344,0.08666165846150636,1.6880486918093716e-05,0.0,0.0,0.0,0.0,0.0,0.0030221763921875074,0.0,0.0,0.011565505490496576,0.05079587585129741,0.0,0.0,0.0,0.0,0.011617622246296613,0.22486634050933507,0.05146210498422496,0.0,0.0,0.0,0.0,0.0,0.0,0.0,0.0,0.0,0.0,0.0,0.0,0.0,0.0,0.0,0.0,0.0,4.647988776210283e-05,0.0,0.0,0.0,0.03587350821880198,0.0,0.00789035894843057,0.0,0.0,0.04577606118544364,0.0,0.03318537767050346,0.006401740817564888,0.0,0.013798037876685884,0.05542999133994536,0.0486386711596711,0.0,0.0,0.0,0.0,0.0,0.0,0.0,0.0,0.0,0.034540715538458104,0.1345996100040455,0.0,0.0,0.0,0.0,0.0,0.0,0.0,0.02197185687736527,0.0,0.0,0.0,0.0,2.0211892990699383,Kidney Renal Clear Cell Carcinoma,2.8430515157155405,-0.12673724371072081,0.467594530146196,1.4880707929662926,0.07378012590179205,-0.07847495567798793,-0.2399232142642241,2.65984686958363,-0.2154660181338624,0.48296661422173165,0.05998560679856284,-0.8391609111665649,-1.8609001394102953,-0.2782639789935411,-0.2777862621669807,-1.292881708026593,2.2979639103450142,-1.7946577057899775,0.42596550017553664,1.3524293127464881,1.5578192735303826,1.9758555470632169,0.7806087290643844,0.10337640439738052,-0.06357487701892657,0.11236566694630036,0.1271686537996241,-0.13797708230020472,0.1383530839009959,-1.1381013011336172,-0.8814934496217929,-1.3936737375011392,-1.6233218987974787,1.4602690861057628,0.8718846546618093,0.9291232132144525,0.8655415834347264,0.7890522293098313,1.079321124213693,-0.2349095507361632,0.067312430518864,0.8462197200897501,-1.2023084121470733,1.2353457664028231,0.5830475780123866,-1.68569131517583,1.2710411566536857,0.3011209121969657,1.2635697281515783,1.7491178709487512
TCGA-BP-5176-01A,0.0,0.0758160682135685,0.0,0.0,0.0,0.006536740401232337,0.0,0.035410517915395755,0.0,0.0,0.0787490745825201,0.0,0.0,0.0,0.0,0.0,0.0,0.0,0.0,0.0,0.014648933870835866,0.0,0.02152168905328871,0.007189109526278259,0.0,0.0,0.0,0.0,0.0,0.0,0.0,0.09779332021844053,0.0,0.0,0.0,0.027142214251930474,0.015396145623233961,0.0,0.0,0.0,0.0,0.027745865326687005,0.0,0.0,0.070996430819092,0.0,0.022465384526857358,0.0,0.07194966756278763,0.0,0.0,0.0,0.0,0.0,0.0,0.0,0.0,0.007477391403479636,0.018095035094068675,0.0,0.0,0.0,0.0277188208856227,0.02012394777940453,0.0,0.0,0.0,0.026126415245340883,0.0012621499095313764,0.0,0.019951997159869887,0.0,0.0,0.08578130055433485,0.0,0.0,0.0,0.0,0.0,0.0,0.06123834369195507,0.0,0.11347174742799072,0.0,0.04539168895625315,0.0,0.0,0.0,0.0,0.0,0.0,0.0,0.0,0.0,0.0,0.0,0.0,2.0,Kidney Renal Clear Cell Carcinoma,3.092330623447519,-0.10500087478035469,-0.21542423294354865,1.7513740912510272,0.03615575597685646,-0.12406883305333805,-0.12300539274293411,2.3098884874219077,-0.5885419496045462,0.7654023501227263,0.06287767563280046,-0.6186999195132069,-1.8815225501886497,0.16143982469199433,-0.11535137211037588,-0.8869578458906687,2.4495487931615254,-2.0029619779080683,1.5701701027109207,1.4404710283100484,1.831516907698906,2.3746592402760314,0.7533796962070102,0.16821200998883243,-0.1287398272234809,-0.10061278397332073,0.003035142961169887,-0.3030326034163834,0.16357892422196546,-1.3528645560817791,-0.7314001174945189,-1.2964054093332584,-1.3693532795665633,1.8024518592983887,0.8489655237258213,1.3428807027258614,1.0486534250686859,0.9229606796216882,1.4118687957687128,0.12600671228647684,-0.3855109506800213,1.0450821256903113,-1.3126323093251435,0.198363726775863,0.10645596091791794,-1.5418562505715991,0.6445196870170316,0.49199271625347824,1.6305671151703884,2.0603394360442713
TCGA-C8-A12K-01A,0.015674992471137936,0.042577375268756684,0.0,0.0,0.0,0.0,0.0,0.044618618720749875,0.017773929854667272,0.0,0.0,0.0,0.0,0.0,0.0,0.0,0.0,0.0,0.20795167411698617,0.0,0.0,0.0,0.0023292713663351397,0.0,0.0,0.11796530022386886,0.0,0.0,0.022961044838640893,0.0,0.0,0.0,0.0,0.0,0.0,0.0,0.0,0.0,0.0,0.0,0.01961806658549391,0.0,0.09020936834294006,0.0,0.0,0.0,0.0,0.0,0.0,0.0,0.0,0.0,0.0,0.0,0.0,0.0,0.0,0.003380980141192641,0.0,0.0,0.010095249596168114,0.014080315479569089,0.0,0.008621752144067728,0.0018339937044242046,0.0,0.0,0.012627155846691142,0.0,0.0,0.0,0.0,0.10010190384584283,0.0,0.0,0.0,0.0,0.0,0.0,0.0,0.0,0.0,0.0,0.008337120681503704,0.0015846383499174177,0.0,0.0,0.06623590612239227,0.0,0.19142134229865398,0.0,0.0,0.0,0.0,0.0,0.0,0.0,2.093421685162235,Breast Invasive Carcinoma,-0.19203840078628448,1.694273044368464,-1.1187772859264649,-0.057530086663184744,-0.12375326972817681,1.0270059639496658,0.43736261569033985,-0.6885491380838297,-0.2613546908677145,-0.45348851451678146,1.0873690763739725,0.9834014106036868,1.7260631314086217,0.19434928857873796,-0.7120090706964922,-0.1980772172460579,-1.088838060924081,1.6604744017634345,0.08800177284650475,0.2661060921901948,-1.1135008395857555,-0.2280609338064488,0.8419648282623251,1.3092021379865248,1.1908403648457326,2.0695742792190757,1.9236105517689055,-0.14508912464724494,-0.15493517249529212,0.8875182715561057,1.1660124963072938,1.8130309764813959,1.2427421867235542,-0.5885344416741916,-0.2707173426835776,0.5112035688760309,-0.41119205340842235,0.4858647078070214,-0.8025667825607674,0.8975356614218271,-0.7640006491887847,0.30574475661183015,1.0973623411048743,-1.050336145038571,0.4989297991608751,1.2833308660702465,-0.0485490057754185,0.9100857568092827,0.478156577072094,-0.837356673619306
TCGA-C8-A12P-01A,0.03909286913536859,0.2643268402416984,0.0,0.0,0.0,0.003258514934088407,0.020260865960265433,0.0,0.0,0.01529963915237556,0.0,0.0,0.0034162542231385156,0.03512939476775516,0.0,0.0,0.0,0.0,0.2618080951703599,0.0,0.0202191393187895,0.0,0.015063484281173597,0.008126428711004772,0.0,0.0,0.0,0.008077680849388822,0.0,0.0,0.006249806397535259,0.06884842418665381,0.026743042117374306,0.0,0.0,0.0,0.0,0.05812552661270449,0.0,0.0,0.0,0.0,0.0,0.0,0.0,0.0,0.015721967985602537,0.0,0.0,0.0,0.0,0.0,0.0,0.0,0.0,0.0,0.0,0.0,0.0,0.0,0.0,0.0,0.0,0.0,0.0,0.0,0.0,0.0,0.0,0.0,0.0,0.0,0.02824720283980047,0.06947217777201863,0.0,0.0,0.0,0.0,0.0,0.0,0.0,0.0,0.0,0.009043557209261434,0.0,0.01493644808714522,0.0,0.0,0.0,0.008532640046497246,0.0,0.0,0.0,0.0,0.0,0.0,0.0,2.1986570869544226,Breast Invasive Carcinoma,1.3283619157190938,-0.7555788390469399,0.5873250996530666,-0.6650094487506357,0.01497923342814735,0.7250923479850655,-0.4783706978614846,0.36216577069845324,-0.005308944744420847,-0.042488126651702235,-0.5892595339389056,0.6697131588824331,0.5486189493168094,0.7760858170151915,0.4570349143862834,0.366522046611853,1.1663850984275042,0.6162633376663833,0.2830134518338496,0.7491079012016517,-0.557738609022063,-0.9303710116131609,-0.9344005069223292,-0.8218907959071821,-0.7661825458727038,0.17171068715362925,-0.12630610753135202,0.8434098720286644,-0.748870160069424,0.8046462279554045,1.0036617895189535,0.5736196226520965,1.0346975424390707,0.8610416838661974,-0.08513784724383433,0.8751339611872344,-0.3073102877898639,-0.8082544202789258,1.1517073133098934,-1.61318393142152,0.26007689263493755,-0.36785146366398674,0.598463213736314,-0.5483864202023081,-1.0924037148538845,1.8131231740767573,0.5181853737883685,0.05969386505929221,-0.6611108090817822,-0.2240988603502944
TCGA-C8-A12Q-01A,0.0,0.23089357431017427,0.0,0.0,0.0,0.04213643821843858,0.03773025398605518,0.0,0.0,0.0308948333398489,0.0,0.0,0.0,0.16179054475702448,0.0,0.0,0.0,0.0,0.250232685978013,0.0,0.0,0.0,0.025448780582198332,0.0,0.0,0.0,0.0,0.0,0.0031797134565900507,0.0,0.017702778731382863,0.01350367896145105,0.0,0.0,0.0,0.0,0.0479150420856323,0.0,0.0,0.0,0.0,0.0,0.0,0.0,0.0,0.0,0.0,0.0,0.0,0.0,0.0,0.0,0.0,0.0,0.0,0.0,0.0,0.002096601085020553,0.0,0.0,0.0,0.01676092385541718,0.0,0.019597422486865846,0.0,0.0,0.0,0.0,0.027073501222405098,0.0,0.0,0.0,0.0,0.06504884549155499,0.0,0.0,0.0,0.0,0.0,0.0,0.0,0.0,0.0,0.006114611478668377,0.0018797699732590381,0.0,0.0,0.0,0.0,0.0,0.0,0.0,0.0,0.0,0.0,0.0,0.0,2.041392685158225,Breast Invasive Carcinoma,0.48329313016660724,-0.7577026265532676,1.9903581232394478,0.8053276064481153,0.31161369310713366,1.0728147008863222,-0.5306276495623663,1.0074702128558848,1.247904403153357,0.1215628279501362,-0.13460232633775357,-0.4334079924219906,-0.09983866459309795,0.6708799848655039,0.49484574873829007,0.21322828525554588,0.09985209016553746,0.07269107858319793,-0.46681198686457775,0.19252274595335991,-0.5771544787595382,-0.8041293357291044,-0.8803092847958052,-0.7359064488683446,-0.88880838401801,-0.6048679127604657,-0.737004464588012,1.0207251579604284,0.07593979936928368,0.6412491309584392,0.29136222390183686,-0.31115483350387535,-0.24748694464099133,0.15173247544894855,0.38960329201219807,-0.49713093430735206,-0.5603738018801521,-0.7272932860237444,0.10476057977262904,0.7039219717845208,1.1839416103370632,-1.085465412218398,0.24522139259925788,0.6017552073301339,-0.6531542987801694,-0.08367312008972623,0.7731659908567321,-1.3164531266372095,-0.339684427140605,-0.36405966755854635
TCGA-C8-A12T-01A,0.05719367433829162,0.3094450659648154,0.0,0.0,0.0,0.0,0.023037197438943783,0.0,0.0,0.0,0.0,0.0,0.012017159472586194,0.005316211912418657,0.0,0.0,0.0,0.0,0.37006052709329457,0.012651704098773513,0.015000644358261022,0.0,0.0,0.0,0.0,0.0,0.0,0.0,0.0,0.0,0.0,0.0,0.0,0.0,0.0,0.0,0.0,0.024984230777126776,0.0,0.0,0.0011898302898819913,0.001513724370500072,0.0,0.0,0.0,0.0,0.0,0.0,0.0,0.0,0.0,0.00953039557708025,0.0,0.0,0.0,0.0,0.0,0.0,0.0,0.0,0.0,0.0,0.0,0.0,0.0,0.0,0.0,0.0,0.0,0.0,0.0,0.0,0.0,0.0,0.0,0.0,0.0,0.0,0.0,0.0,0.0,0.0,0.0,0.04063030753019783,0.0,0.0,0.0,0.0,0.0,0.09311215590027215,0.0,0.019816740463477294,0.0,0.004500430414078987,0.0,0.0,0.0,2.1986570869544226,Breast Invasive Carcinoma,0.6454547522440648,-0.8477684906318638,0.262740032579538,-0.002461523655957069,0.5409120959686512,1.5969129974480223,-0.27446937308086367,-0.3696593989562942,0.6442947428227157,-0.3282427246381368,-1.0431548343160935,1.0758468373269015,1.0644900565735347,1.305806981451009,2.4153283858892802,2.085835013773359,0.17218670083581006,1.1042626227866086,0.5560123018109681,-0.1172196869049796,-1.685774804487088,0.3903823261067633,-0.9556820006760596,-1.146157968211338,-0.8787943794576292,-0.6467365760149468,-0.9947765793557288,0.2782390469635214,-0.8437525601896997,0.5581641538309348,0.4078834756713583,1.3150230491520698,1.1471713544116848,0.49877699797619557,-0.22573764268359298,0.6109635600455917,-0.5621555255998699,-0.42510178313363967,0.8927024026314105,-0.4946034790610763,-0.03089688223592692,-0.1775697362264909,0.8601299621825292,0.2591391924809393,-0.9901019268291171,1.112134035493512,0.43673181012776435,-0.2278274715361591,-0.9910341871188523,-0.31044247640641637
TCGA-C8-A1HJ-01A,0.0,0.01571115512851051,0.0,0.0,0.0,0.0,0.0,0.0,0.0,0.0,0.011625896784327149,0.0,0.006821320483869614,0.005125615245471106,0.0,0.0,0.0,0.0,0.04654643902072096,0.0,0.0015775814660817838,0.0,0.054810205243269836,0.0,0.0,0.0,0.0,0.0,0.0008310568677308396,0.0,0.0,0.022665516880677507,0.0,0.0,0.0,0.0,0.06847333884124196,0.0,0.0,0.0,0.01110035090829705,0.0,0.060468034252681956,0.0,0.0,0.023867198202327543,0.19684831634439165,0.0,0.0,0.0,0.0,0.0,0.0,0.0,0.0,0.0,0.0,0.0,0.0,0.0,0.0,0.0,0.0,0.027946144051233624,0.033106237336843945,0.0,0.0,0.0,0.033348033830110375,0.0,0.0,0.0,0.0,0.09665324864815433,0.0,0.0,0.0,0.0,0.0,0.0,0.0,0.0,0.0787928912822161,0.0,0.0,0.13772984867850124,0.0,0.0,0.0,0.008415816801824707,0.0,0.0,0.05753575370151617,0.0,0.0,0.0,0.0,2.0086001717619175,Breast Invasive Carcinoma,-0.5458110327174047,-0.9709273815722143,-0.11283195124358597,-0.4673772165610065,-1.3794339188066145,-0.1248522629416517,-1.6280285603054285,-1.6542278389103946,0.22963047951723736,-1.3183755699594357,-1.6202109073460973,0.9583542188839942,2.307059647172522,-0.4001311191126653,-1.134945036896487,-0.35661974394910384,-1.0045435090353083,2.24912267498535,-1.1139926100390984,0.952139209354619,-2.9984812650357395,-1.476444909256268,-0.8421185839150868,-1.2781425075675648,-1.2636590550418356,-0.6663689655822601,-0.932470580083412,0.20450090524250603,-0.8956781188628496,1.0937636187988233,1.2773543143346835,2.3460115938320816,2.06992306324011,-1.4905476987134483,1.2207980440451855,0.5643993943499716,-1.7904412814973685,-0.2581694257682793,-1.3196358559242594,-2.106192425904042,-0.23296765192508717,-0.9164554761584279,2.3063339255589317,-0.7376338067568761,-0.5142180510538292,1.2678306318637282,0.3033934987461672,-0.5501910266328656,0.8565821060912906,-2.6180527753114915
TCGA-C8-A1HM-01A,0.03711560302880771,0.22145190570020148,0.0,0.0,0.0,0.0,0.0265884074263817,0.019081066357426162,0.0,0.0,0.0,0.0,0.0,0.02323498449345181,0.0,0.0,0.0,0.0,0.4643319430347424,0.0,0.0,0.0,0.001008711771699791,0.0,0.0,0.0,0.010233870003072477,0.0,0.0,0.0,0.0,0.0,0.0,0.0,0.0,0.0,0.0,0.0,0.0,0.0,0.0,0.0,0.0,0.0,0.0,0.0,0.0,0.0,0.0,0.0,0.0,0.0,0.0,0.0,0.0,0.0,0.0,0.0,0.0,0.013965919307954686,0.0,0.0,0.0,0.006322630930182786,0.0,0.0,0.0,0.005262708454301867,0.004629496708439885,0.0,0.0,0.0,0.0,0.01925473812126304,0.0,0.0,0.0,0.0,0.0,0.0,0.0,0.0,0.0,0.024814680324849934,0.0,0.0,0.0,0.0,0.0,0.12270333433722425,0.0,0.0,0.0,0.0,0.0,0.0,0.0,2.5289167002776547,Breast Invasive Carcinoma,-0.6885982056644655,1.109565369478371,-0.19760896243431292,-1.2341581736990368,-1.6736608063903324,0.7555301166169827,0.31957729283705744,-0.6522328768347754,-0.6712827566057133,-1.5612035242228364,0.6123072120575956,1.0299425048849982,1.844042567087506,-1.3675316866366733,0.42861353963819715,0.7626338772096555,-0.24241995338584157,1.7556110144694295,-0.4623690730382243,-1.4723021194869137,-0.7444174352393771,-0.9593105477217757,0.15766533347597306,0.3328048634878758,0.07125241783938965,2.224256637611416,1.7311912543243495,-0.2689075234500163,-0.7533007191177628,0.9376002230829278,1.1713408707567057,1.254184100025716,0.7224243243623403,-2.6923340707489842,-2.925777515280025,0.29921969589928304,-0.8358455624376453,-1.05604758543679,-0.5694725087878083,1.4485836604703464,0.7157469621002088,-0.3415965057234838,0.8560633629325909,-1.6515705321476686,-0.8398159660552207,1.1052291271412609,-1.0921553400898574,-0.39597336504528596,-1.036496736452726,-0.8640660937077762
TCGA-C8-A26Y-01A,0.01224969836228801,0.3224269500493876,0.0,0.0,0.0,0.0,0.03787255705091881,0.0,0.019461858611938304,0.0,0.0,0.0,0.0,0.027715415564305942,0.0,0.0,0.0,0.0,0.33193464449657606,0.0,0.002184269605300279,0.0,0.0,0.0142102360402136,0.0,0.0,0.0,0.0,0.0,0.0,0.0,0.0,0.0,0.0,0.0,0.0,0.0,0.0,0.0,0.0,0.0,0.0,0.007555774430781923,0.0,0.0,0.0,0.0,0.0,0.0,0.0,0.0,0.00896340697498309,0.0,0.0,0.0,0.043049755704056225,0.0,0.0,0.0,0.0,0.0,0.060475853972087046,0.0,0.0,0.0,0.0,0.0,0.0,0.002981205436413004,0.0,0.0,0.0,0.003919198862106874,0.013023553534803544,0.0,0.0,0.0,0.0,0.0,0.0,0.0,0.0,0.0,0.008759186543184175,0.0,0.0,0.0,0.0,0.0,0.08321643476065542,0.0,0.0,0.0,0.0,0.0,0.0,0.0,2.842609239610562,Breast Invasive Carcinoma,1.4008723360995505,-1.0541346117313322,-0.18561094204423223,-1.1360698460343162,-0.9347326485623244,-0.13211185416725552,-0.3983646570710611,0.8879526601889868,0.7528535213846389,-1.4785713519568187,-0.5815897752152387,0.1307917524485327,1.1165388650208077,-1.2571957786778554,0.01582372528552097,0.7368618465814236,0.34455714845239954,0.9634861532133807,1.4866495320842794,-0.31640156299036065,0.3297636145815314,0.08634031624634864,-1.541344864522757,-1.005000367888113,-1.2794205856958696,-0.621452822060693,-0.7178644209307081,-0.6303437244053129,-1.1902199163541933,0.9007788075006654,1.6378851796171647,0.4053960047332511,-0.5356459207391024,0.076283314269595,-1.4375016779204455,0.5850406953245079,0.5695182807582282,-0.9411330945429062,2.01034323985976,2.581009658153118,0.38164705635834384,0.07221432786337079,1.2268662695558923,-0.8922563050560092,-0.543577912570755,0.6899964089784898,-1.4404661384592738,0.753134639753548,-0.5363920115197756,-0.2607506733085239
TCGA-C8-A274-01A,0.021854648848275173,0.3314259864447731,0.0,0.0,0.0,0.02582081959989178,0.05304460944389145,0.0,0.007255718631428877,0.0,0.024811406720919443,0.0,0.0,0.030608827816683983,0.0,0.0,0.0,0.0,0.33712423250431367,0.0,0.0476807067908381,0.0,0.0,0.0,0.0,0.0,0.0,0.0016315506482759699,0.010254283840240092,0.0,0.0,0.0,0.0,0.0,0.0,0.0,0.0,0.0,0.0,0.0,0.0,0.0,0.0,0.0,0.0,0.01363342494160941,0.0,0.0,0.0,0.0,0.0,0.0,0.0,0.0,0.0,0.03805536062207979,0.0,0.0,0.0,0.0,0.0,0.0,0.024768171193453693,0.0006215775898902607,0.0,0.0,0.0,0.0,0.0,0.0,0.0,0.0,0.0,0.0,0.008806808126350926,0.0,0.0,0.0006681715936156026,0.0,0.0,0.0,0.0,0.0,0.012507875930546074,0.009425818712922671,0.0,0.0,0.0,0.0,0.0,0.0,0.0,0.0,0.0,0.0,0.0,0.0,2.3010299956639813,Breast Invasive Carcinoma,-0.25054560635850415,-1.6372759295225623,-0.42404604746671404,-0.505456706614314,-1.2758714826288875,0.49808496622699644,-1.5828318759273625,-0.533004079063619,-1.8568161725030645,-1.4339755906723755,-1.5187284926744102,-0.7311662823309457,-0.12843807790432615,-0.8266411463599371,2.620442025973976,1.620712635019661,-0.46875740597542076,0.05785866819768101,-0.3874641035769629,-0.4871347280760475,-0.2897377443784476,-2.0257033421521498,-1.7575563568843249,-1.4016636994335423,-1.663669873322791,-0.7298890403389748,-1.2899978032544355,1.4929998696578943,-1.6515353276686284,0.4582516761272237,-1.4609379613216686,-0.3723018247019121,-0.5315919840326128,-0.4369804741605415,-0.9903234499827386,-0.0228295136453031,-1.9890531583506625,-0.7060455864221243,-0.012595694563978427,-0.010420449484690971,0.4252558456226035,-1.433852193736125,0.35862584439599643,-1.7635708294887238,-1.9787124369397433,-0.12400938895760726,-0.44796280659383675,-2.3599566034286843,-2.101355685034049,-1.1271836117419352
TCGA-C8-A275-01A,0.0,0.19475564587281957,0.0,0.0,0.0,0.016729937354314238,0.18518892367207093,0.0,0.0,0.0,0.0,0.0,0.0,0.02688379572346167,0.0,0.0,0.0,0.0,0.36147682861004765,0.0,0.0,0.0,0.004344307149509752,0.012237042241201807,0.0,0.0,0.004530042448619259,0.0,0.0,0.0,0.0,0.0,0.0,0.0,0.0,0.0,0.0,0.0,0.0,0.0,0.0,0.0,0.0,0.0,0.0,0.0,0.0,0.0,0.0,0.0,0.0,0.0,0.0,0.0,0.0,0.025290126261880996,0.0,0.0,0.0,0.0,0.0,0.0,0.009368112012190984,0.0,0.0,0.0,0.0,0.0,0.0,0.0,0.0,0.0,0.0,0.09010876569949082,0.0,0.0,0.0,0.0,0.0,0.0,0.0,0.0,0.0,0.0,0.0,0.06908647295439234,0.0,0.0,0.0,0.0,0.0,0.0,0.0,0.0,0.0,0.0,0.0,2.0453229787866576,Breast Invasive Carcinoma,0.13635807756314472,0.3916888395742102,1.341556209329771,-0.5025697709275713,-0.33777781068326646,1.6169348698065433,-0.007474614862555374,-0.20581309612001386,1.1762977692573553,-0.18503531426538083,0.6398368327306312,0.4515212352188009,1.4729011930623044,-0.27702759504758295,0.17846702618495136,0.9741576298457997,0.21620941234885954,1.570477008277509,-0.4517246950064061,-0.10638523798940713,-0.9568156897542229,-0.6981004939472768,-0.14998067453398903,-0.03132910919310454,-0.2392733390859495,0.5824512353556466,0.5036555010408271,0.7977967108281766,-0.18750355451844705,1.3926680087874774,1.3391295117147055,0.9361814140143858,-0.03254663008349813,-0.9842383203441288,-0.586399171698875,0.49541034582512045,-0.2810006156292042,-0.7193034478211203,0.09375676486240288,2.9025347545888542,-0.015600014970178277,0.10177635088016554,1.4538938157886767,-0.4269074778311117,-0.49128023545449895,0.27158571064247905,-0.44054491470537355,-0.2697186766037782,-2.0705436033214397,-0.08008052907195973
TCGA-C8-A27B-01A,0.0,0.06987436990721319,0.0,0.0,0.0,0.0,0.012757818366705653,0.0,0.0,0.0,0.0,0.0,0.0,0.020330971073199103,0.0,0.0,0.0,0.0,0.2823692786710919,0.0,0.04701074487234976,0.006812660171680143,0.0,0.01801063411717559,0.0,0.05647761664991104,0.0,0.00143029552874572,0.0,0.0,0.0,0.0,0.0,0.0,0.0,0.0,0.0,0.0,0.0,0.0,0.0,0.0,0.0,0.0,0.0,0.025931665698312126,0.016634711179416162,0.0,0.0,0.0,0.0,0.0,0.0,0.0,0.0,0.0,0.0,0.0,0.0,0.016855806785071994,0.0,0.0,0.0035793633269495975,0.027549698014041234,0.005603613720539784,0.0,0.0,0.0,0.0,0.0,0.0,0.0,0.17119370005152393,0.0,0.0,0.0,0.0,0.0,0.0,0.0,0.0,0.0,0.0,0.00994892906309766,0.05541873019951567,0.06962166797809677,0.0,0.0,0.0,0.082587724625363,0.0,0.0,0.0,0.0,0.0,0.0,0.0,2.130333768495006,Breast Invasive Carcinoma,-1.0261299658816831,0.8574680264206563,-0.07848423166652624,-0.5345908567380551,-0.7201411630782364,0.07511035770063036,-0.3822062571382751,-1.3692267240129308,-0.4976374468664857,-1.2089627752820173,0.6547446198614869,0.5642168102488687,1.7355557277730393,-0.9234666217467411,-0.5514445981741263,-0.11623540911748931,-1.5385592537813466,2.006745200688034,-0.4433353874355656,0.31100683219795855,-0.7777245086394841,-0.6546607698605866,0.209521763992116,0.5634789981092543,0.9439355237272529,0.9496405770253297,1.0250611155649763,-0.8290735052430871,-0.022209734607036548,1.4931209298010097,1.0665727905857514,1.4132495069954565,1.1161258405964742,-1.6625507956495795,0.5754059613638836,-0.954147426384472,-1.1092238080156949,-0.7676007036492466,-1.640585517638626,-0.4907614111586494,-0.579001066318495,-1.6056891601670729,1.49749773688679,-0.8010794518898269,0.3608797983093333,1.115832567737211,-0.28198968158150295,-0.7170680619140819,0.2981354043144708,-1.3301292370837177
TCGA-C8-A8HP-01A,0.022063707319382772,0.3297038790788051,0.0,0.0,0.0,0.040141510621480164,0.02833834557345977,0.0,0.0,0.0,0.0,0.0,0.00762802400907285,0.11173336945806132,0.0,0.0,0.0,0.0,0.3509697887891364,0.006380710828628914,0.0039061676929464254,0.0,0.0,0.0,0.0,0.0,0.003031727503428499,0.0,0.0,0.0,0.0,0.0,0.0,0.0,0.0,0.0,0.0,0.0,0.0,0.0,0.0,0.0,0.0,0.0,0.0,0.0,0.0,0.0,0.0,0.0,0.0,0.0,0.0,0.0,0.0,0.0,0.0,0.0042285261119333895,0.0,0.0,0.0,0.0,0.0,0.0,0.0,0.0,0.0,0.0,0.0,0.0,0.0,0.0,0.026168892489842364,0.0,0.0037148153867194006,0.0,0.0,0.010411477777709018,0.0,0.0,0.0,0.0,0.0,0.027413480149345453,0.02416557721004809,0.0,0.0,0.0,0.0,0.0,0.0,0.0,0.0,0.0,0.0,0.0,0.0,2.2013971243204513,Breast Invasive Carcinoma,0.6118742543673752,0.29891805899814816,-1.406639024149432,-0.16099158903277103,0.41352368395349265,0.7575813531347153,-0.666105968692809,-0.4361382909168807,0.4077729687102809,0.16940621731477432,-0.3034937181200335,0.5266660061774449,0.24300822622499882,-0.02043243900246091,-0.23512857911498755,0.6185150154834572,-0.18815289075424105,0.36735929317193033,-0.3372046202762171,-0.4898117412764649,-2.0958172098101264,-0.7374737169481496,-0.8296053955533377,-0.3226703065180261,-0.6783886764620872,-0.0016930259471026159,-0.00875819795915906,1.2795349363978599,-0.9101501117364074,-0.3328761584556745,0.1119592337061903,0.16651083272007478,0.24375140157507397,1.273499777842165,-0.9493300669303225,0.5517681753191329,0.06251899006785808,-0.1682673452345125,-0.23159911651685972,0.5676126573400634,-1.8276253978841028,0.08931944649220919,-0.12126454936580025,-1.4093084523460542,-0.9060048939203862,0.6700170037766511,-1.7670753419089669,0.1582386588933979,-0.8847394602568199,-0.3874676556849678
TCGA-C8-A8HQ-01A,0.08202191747790732,0.376280955181204,0.0,0.0,0.0,0.0,0.0013051696000115054,0.0,0.0,0.0,0.0,0.0,0.0,0.11186044581212,0.0,0.0,0.0,0.0,0.3163921046195591,0.0,0.0,0.0,0.024305844647270067,0.0,0.0,0.0,0.01940522360290637,0.0,0.0,0.0,0.0,0.0,0.0,0.0,0.0,0.0,0.0,0.0,0.0,0.0,0.0,0.0,0.0,0.0,0.0,0.0,0.0,0.0,0.0,0.0,0.0,0.0,0.0,0.0,0.0,0.0,0.0,0.0,0.0,0.0,0.0,0.0,0.0,0.0,0.0,0.0,0.0,0.0,0.01211367445753001,0.0,0.0,0.0,0.014818288462429219,0.0,0.0,0.0,0.0,0.0,0.0,0.0,0.0,0.0,0.0,0.016473433016798416,0.025022943122263937,0.0,0.0,0.0,0.0,0.0,0.0,0.0,0.0,0.0,0.0,0.0,0.0,2.3820170425748683,Breast Invasive Carcinoma,-0.4844072195167675,-0.3195792570689053,-0.3324598238632633,0.9609865322608794,0.670030661589335,2.2105262990585857,0.030455561516531518,0.43046776644251006,0.3283282349083079,0.6864122885458689,-0.5820556476351016,0.1899215682294489,0.6757813418752194,1.438579495816791,2.7113255916196652,2.3673114479336506,-1.0877385401349537,0.8631092790228801,-0.4602599356397724,-0.3605362312808829,-2.2800043617637615,0.1908195305425939,-0.30824008404036346,-0.17810910200911956,-0.4523146433765194,-0.19337610875352654,-0.30330379587995693,0.8710114973470554,-0.2573334817038407,0.7795867214875156,-0.44493042038600183,0.32226118055312647,-0.02691209501606566,1.0980507484951436,1.0354691931755668,-0.08523498641171727,0.45811730047602384,0.41835436540388066,-1.1196958212918218,0.38766873648781797,-0.10347826875671251,-0.9839287201369633,0.4754322678362669,0.9766101862825282,0.31052434615332025,0.18288511838743116,0.5631328756997913,-0.01420543589656161,0.6898512155003074,-0.4947372497332726
TCGA-CJ-4920-01A,0.001661855567243098,0.0,0.0,0.0,0.0,0.0,0.12018165960089312,0.0,0.016837392822834262,0.0,0.056807218454474166,0.0,0.0,0.008488084718094315,0.0,0.0,0.03173071480959551,0.0,0.0,0.0,0.0,0.02800071839021913,0.041839923915336225,0.010071455377261338,0.0,0.0,0.0,0.009219794085500594,0.0,0.0,0.0,0.06568668892193964,0.0,0.0,0.0,0.0,0.0,0.0,0.0,0.0,0.0,0.0,0.0,0.0,0.0,0.0,0.221146149318381,0.0,0.03098279066012277,0.0,0.0,0.008690443800351246,0.0,0.0,0.011083627081220026,0.0,0.0,0.0,0.0,0.0,0.0,0.04269325639076047,0.0,0.023658793857379224,0.0029466498824116645,0.0,0.04837826651925193,0.0,0.017504519019020004,0.00577385838133732,0.0,0.0,0.021499811162333668,0.0044517977694312535,0.0,0.0,0.0,0.0,0.0,0.0,0.0,0.0,0.04367960843993819,0.0,0.0,0.12489734866748844,0.0,0.0,0.0,0.0,0.0,0.0,0.0020875723871813345,0.0,0.0,0.0,0.0,2.0718820073061255,Kidney Renal Clear Cell Carcinoma,1.4115387353674225,0.021819500784275053,0.2323948063641896,1.5019493183528163,0.838119903559553,0.7842365658827012,0.9396255840280794,1.4779330284293781,-0.4864413288059892,1.18374406556448,0.4933866759320377,-1.1677674022095628,-1.4872069662600884,1.078284287413809,-0.18202108517195698,-1.1204902496819502,0.7447725987060809,-1.4358071868444124,0.8685513098775797,2.2344157006430967,0.42304225352010916,3.005905452151197,1.5168373736596954,0.7419894170195577,0.8114082053334841,-0.34235585400899954,0.06679776525434057,-0.41782169787611695,1.3130900144132511,-0.4111447176261129,-0.7696965758396339,-1.5657733312900026,-1.4467671904840549,1.8380480583882648,1.3375345261851794,-0.5460762640304975,1.4647526701619131,0.43282262461301885,0.18415242421194433,0.15365733435551449,0.08607142822438796,-0.21130199796828292,-1.3572238609950873,1.4754611966463829,1.4799719490777636,-1.0270713058469516,1.6158255385929163,0.370087919771045,1.8491935875248706,0.7828789893460886
TCGA-CJ-6030-01A,0.0,0.08443430654849678,0.0,0.0,0.0,0.0,0.0,0.0,0.0,0.010658320799051105,0.0,0.0,0.0,0.0019494720301914971,0.0,0.0,0.0,0.0,0.00655220291303008,0.0438007231925031,0.02227815821003331,0.03679427569940455,0.035951301843361885,0.0,0.0,0.0,0.0,0.0,0.011123461066173531,0.0,0.0,0.0,0.06760356477656687,0.0,0.0281850940291254,0.01230984522574865,0.01144089611719528,0.0,0.0,0.0,0.0,0.0,0.027700806494076156,0.0,0.0,0.06397752514914763,0.0,0.0,0.02633858057259072,0.0,0.0,0.0,0.0,0.0,0.0,0.06208337927202276,0.0,0.0,0.0,0.0,0.07893529191692378,0.0,0.0,0.0,0.0,0.0,0.0,0.0,0.0,0.0,0.04965871184766216,0.0,0.023450832018352297,0.0,0.0,0.08698024420654335,0.0,0.0,0.0,0.0,0.0,0.0,0.0,0.045378820782689844,0.0,0.038148982030353065,0.0,0.0011588011704241627,0.0,0.05827569354749115,0.0,0.05261563101893278,0.0,0.012215077521908061,0.0,0.0,0.0,2.0,Kidney Renal Clear Cell Carcinoma,1.5388606752818685,1.3619689881082864,0.6523922818438516,0.9135100483011122,0.32654367831874215,0.5296931789396557,0.7309146049456463,0.8124341082636233,-0.9446600624247747,1.1167479706487848,1.636286738551831,-1.05488368013097,-1.590629490594347,0.48145664470049576,-0.21238319961400093,-1.4564081385301895,0.7986008443923116,-1.5622591615472037,0.7807232477997852,1.8804710789049435,0.7263806373818963,2.2912136091592337,1.7942156875065913,1.6797546948482522,1.4785587271543377,0.15244549729697263,0.8044216741768706,-0.9532398408973543,1.6857359468249198,-0.6879527184238958,-0.5485399578412662,-1.3575574203398029,-1.4182837363847949,0.5971008867825243,1.099235231658953,0.10732539073404349,1.5196699685379371,1.7614146543667604,0.20400140231128722,1.2717405295845425,0.5743823627199905,0.5453789062201284,-1.421144351740383,1.1233744574781268,1.0042405094722706,-1.3071346746825985,1.3371264724233798,-0.24492919201523558,0.6294198415119417,1.3024645482294677
TCGA-CZ-5468-01A,0.03630180101002337,0.00932116556040481,0.0,0.0,0.0,0.0,0.0,0.0,0.032653523862214,0.0,0.0,0.0,0.0,0.0,0.0,0.0,0.0,0.0,0.022027272008051203,0.0,0.0,0.0,0.0,0.03484973519137914,0.0,0.018161988157074833,0.0,0.0,0.012572494888050336,0.0,0.002732698879325024,0.004917822670644766,0.0,0.0,0.0,0.0016002163033542083,0.0,0.0,0.0,0.048083580479684536,0.033750719871789264,0.0,0.20279611540451067,0.0,0.0,0.0,0.033961022693767225,0.0,0.0,0.0,0.0,0.0,0.0,0.0,0.0,0.0,0.0,0.0,0.006992065966162914,0.039312650145368055,0.0,0.009693507070581395,0.04587708815551743,0.035958443291919696,0.01955010417485287,0.0,0.0007709604602461793,0.0,0.0,0.0,0.0015612041926045092,0.0,0.0,0.0,0.0,0.0,0.0,0.0,0.0,0.0,0.0,0.0,0.0,0.0,0.0,0.0,0.0,0.22103392939881536,0.0,0.0,0.0,0.0,0.0,0.0,0.0,0.0,0.12551989016365822,2.0827853703164503,Kidney Renal Clear Cell Carcinoma,2.5907579314699225,0.18952580414403064,-0.4519630242822119,1.416397271749533,0.5613446685887814,-0.3253850033766007,0.6536038815083205,2.7645063960271994,0.09014269306895702,1.8018231633821937,1.2047164465143754,0.45963574550310476,-0.8106817124376545,0.7735436413519843,-0.5799742098436991,-1.0333468406265487,1.6278567147856788,-0.8100824453791469,2.828183516040183,1.8567157696436296,0.3263187601252235,3.3239648474679417,0.7699851714865582,0.6747505394068626,0.7812332619571021,0.16643190663429472,0.20728248203982774,-0.5896342386950844,0.4394834018530928,-0.6083531232984153,0.8504208599892608,-0.4427588083970655,-0.040958884434012875,0.6747020712455146,0.8427572584057078,0.7718553877814728,1.1005045491586534,-0.06605906216190341,1.1513471474168648,0.14370476668870574,0.3322366980694187,0.9210444764856907,-0.8941386223000171,-0.466412086619,0.9305584587386798,0.15204251527528853,0.9622891974031209,1.5782659263370384,0.8691134130855271,1.8637126438249234
TCGA-D8-A142-01A,0.17795468093126035,0.0,0.0,0.0,0.0,0.0,0.027248465047088517,0.05354787223737171,0.0,0.0,0.0,0.0,0.0,0.03165498451365215,0.0,0.0,0.02874555741320534,0.0,0.07978261453762434,0.0,0.0,0.004235456793691985,0.006233122807904833,0.018268254548607605,0.0,0.0,0.0021666975642728593,0.022456594500183634,0.007499315923655322,0.0,0.0,0.0,0.0,0.0,0.0,0.023678768987096428,0.019112490466283213,0.0,0.0,0.08847718120942648,0.022654099730119566,0.0,0.0,0.0,0.0,0.032034081403188974,0.11041687502693787,0.0,0.0,0.0,0.0,0.0,0.026113833943447295,0.0,0.0,0.0,0.0,0.0,0.0,0.020087075809941533,0.0,0.0,0.0,0.013746994445699956,0.0,0.0,0.0,0.0,0.010158912802408777,0.0,0.0,0.0,0.0,0.0,0.0,0.0,0.0,0.0,0.0,0.0,0.0,0.0,0.0,0.0,0.11114719085755295,0.0,0.0,0.04306437784864964,0.0,0.0,0.0,0.0,0.019514500650728697,0.0,0.0,0.0,0.0,2.0827853703164503,Breast Invasive Carcinoma,-0.556128719318388,-0.4742219534086217,0.40838330213762186,1.2852954151043376,1.3507567012428343,-0.017830359949769465,-0.21597500578549736,-0.12289230270063642,1.1130302688111966,0.5311296728096826,-0.6336405273709685,-0.1703693877449002,0.17898597863124258,1.359562205778665,0.05413357511942375,-0.6803451383988212,-0.7284808337638883,0.269275132579553,-0.32560956019373716,0.7945889193538774,-0.5888258562565503,0.26943348810031,0.01989057694938495,-0.7522048608709262,-0.6198473527679967,-1.818739285427572,-1.3946747939745934,-0.3219584345739402,0.20738112974622697,0.8574139031394784,0.3679323730912343,-0.017847292776429192,-0.046201384983370286,1.642972388683629,0.6939362720694301,-0.3319940430853925,-0.28217135117691905,-0.6363534069991432,-0.9359545426070391,-0.22693731188047342,0.06365043421270322,-0.4144301514069299,-0.15499020509123995,0.2261560710882544,-0.47809122279211913,0.32677762055754017,0.933874696766661,-0.5632305234110728,0.7497165181857607,-0.7561137820850475
TCGA-D8-A147-01A,0.018449389433766634,0.025806774334952935,0.013053615704513053,0.0,0.0,0.0,0.10531524225941408,0.0,0.0,0.008848978117861948,0.0,0.0,0.0,0.021537315476672217,0.0,0.0,0.0,0.0,0.18794166447275124,0.0,0.0,0.004232901356696016,0.04810511273958021,0.025576656841157824,0.015794069384230017,0.0,0.008041986308982754,0.0,0.0,0.0,0.0,0.0,0.0,0.0,0.0,0.0,0.04919309125131363,0.0,0.0,0.0,0.0,0.0,0.0,0.0,0.0,0.03881403171721358,0.065200784485616,0.0,0.0,0.0,0.0,0.0,0.0,0.0,0.0,0.0,0.0,0.0,0.0,0.06436272566175696,0.0008081287605204552,0.0,0.0,0.0,0.001890947897324755,0.0,0.0,0.05487097948450035,0.013206203026769689,0.0,0.04402842924228411,0.0,0.0,0.0,0.0,0.0,0.01161084106055323,0.0,0.0,0.0,0.034045181178769764,0.0,0.0,0.0,0.0756323394520531,0.0,0.0,0.0,0.0,0.0590293406655799,0.00460326968516567,0.0,0.0,0.0,0.0,0.0,0.0,2.161368002234975,Breast Invasive Carcinoma,-2.7929136049159653,-0.06864302935887333,-1.4263020127902741,-1.449581367828983,0.6643450361117625,0.09425923167801463,-1.5344159176624868,-1.345703046858542,-1.913781659944839,-1.0420635849647255,-1.0099407758776522,-0.5240580901859514,1.220719419507608,0.10763217563010709,-0.9347611133964501,-1.2014584503596377,-2.4568493758729937,1.4677504732172886,-1.076958622300089,0.4461799428270894,-1.5098134817754454,-1.5834989834840285,-1.071090146851325,-0.8185263261451092,-0.4260602989762482,1.3986842553823882,0.3923052824061128,1.632188138668804,-0.9643150325853925,2.1866462979721675,-0.8685143013601334,0.8436048232407055,0.5902667309732901,-0.03073065932925301,-1.1750551536653382,-1.7891387956203544,-1.9424464799788161,-1.0575861890110267,-2.687180849881544,0.5746777079525116,-0.07046146671409101,-1.9424664672635519,1.3993119745829268,-0.08544567954748725,-1.3051932035841438,-0.19741889008138072,0.434631011042115,-0.6451771045502487,-0.5888163569154661,-2.4483028663635475
TCGA-D8-A1J8-01A,0.04084364331340339,0.2370989735760872,0.0,0.0,0.0,0.08115322572831825,0.03864009862399898,0.0,0.0,0.0,0.0,0.0,0.0,0.05600053644527884,0.0,0.0,0.0,0.0,0.25966139550976597,0.0004254371433763334,0.03890279826498692,0.0,0.0,0.0,0.0,0.0,0.027726554147891998,0.016069162686639257,0.0,0.0,0.0,0.0037757532584881313,0.0,0.0,0.0,0.0,0.0,0.0,0.0,0.0,0.0,0.0,0.0,0.0,0.0,0.0,0.0,0.0,0.0,0.0,0.0,0.03458520784559176,0.0,0.0,0.0,0.0019517774708273908,0.0,0.0,2.676119044244274e-05,0.0,0.0,0.0,0.0,0.005037118238084929,0.0,0.0,0.0,0.0,0.0,0.0006102958296370732,0.0,0.0,0.0,0.0,0.0,0.0,0.0,0.0,0.0,0.0,0.0,0.0,0.0,0.0,0.0,0.040354358646040006,0.0,0.0,0.0,0.0,0.0,0.0938883131579722,0.0,0.0,0.0,0.0,0.023248588923168906,2.8686444383948255,Breast Invasive Carcinoma,-1.3682945286433756,0.4338548328741545,1.7580557370910672,0.24134289023223268,-1.13170825231617,1.343140487078153,-0.12250324130870188,-0.8320301055240038,-1.523769577083589,-0.1968614463372245,0.09169123466761699,-0.774497617172607,0.8234986064165677,0.402700121101504,1.039906962687167,0.44197603285206793,-1.119896407903208,1.0469995145634927,0.3081203344879364,1.0997991127091802,0.1570592434742573,0.6746546390495832,0.5147926644642397,0.011859553418889546,0.3548429200210956,-0.08731672581266371,0.2762758304420698,-0.44812904946739496,0.5418276381699992,0.4651456745327721,0.4762222752441097,-0.16191423011698403,-1.4249335318262613,-2.0512266561889616,-0.14930499528919824,-0.7213211450550544,-1.2157085680870354,-0.023093831898295603,-1.5141546182869938,1.134216520807554,2.7359361804071263,-1.2920712821947313,1.404647381062103,-0.037415128645842025,0.08595054828179961,0.00828391420426514,0.7535522451079614,-1.6586117044901045,-0.7593280097483619,-1.1001939512571182
TCGA-D8-A1J9-01A,0.015111953645298657,0.28259706304704624,0.0,0.0,0.0,0.0,0.08720376799647171,0.0,0.0,0.0,0.0,0.0,0.0,0.10583990810819313,0.0,0.0,0.0,0.0,0.3410876868490502,0.0,0.017909796536068306,0.0,0.027688048938581563,0.0,0.07663888455453251,0.0,0.0,0.0,0.0,0.0,0.0,0.0,0.0,0.0,0.0,0.0,0.0,0.0,0.0,0.0,0.0,0.0,0.0,0.0,0.0,0.0,0.0,0.0,0.0,0.0,0.0,0.0,0.0,0.0,0.0,0.0,0.0,0.0023061433848133974,0.0,0.0,0.0,0.0,0.0,0.0,0.0,0.0,0.0,0.0,0.0,0.0,0.0,0.0,0.013013867006011235,0.0,0.0,0.0,0.0,0.0,0.0,0.0,0.0,0.0,0.0,0.0,0.022134104801128155,0.008468775132804899,0.0,0.0,0.0,0.0,0.0,0.0,0.0,0.0,0.0,0.0,0.0,2.292256071356476,Breast Invasive Carcinoma,0.07426772475040148,-0.9737763877546263,1.0578617229389273,0.9971668401439014,0.02815129551810888,1.2906876998630472,-0.9675257101963765,0.40542076037189434,0.07399766223762123,-0.35725989937046326,-0.5306021780113926,-0.5753023024566735,-0.10865204290676775,0.7775418618356282,1.4692841215157801,1.04737236807412,-0.6052373655964962,0.15462488217865436,0.3044513478006817,0.6725323997176506,-0.5869071064107859,-0.5260361021076283,-0.8903666390411169,-1.131494381460033,-0.9494496875192534,-0.11057429178023857,-0.5623146633145994,1.6875164036185863,-0.1607438948649205,0.3132777985695113,0.12341345281149918,-0.4303848374628745,-0.6392724323379213,-0.02136397621567035,-0.1366143097116584,-0.49090319255890835,-0.943432379228863,0.5612534465756802,0.1988261018877137,0.9197667894285692,1.0335075472123654,-0.7798467189837601,0.411651761456122,-0.17036862734866445,-1.2434982482871295,-0.23777482175468667,0.4184617234862387,-0.9951218411931122,-1.0023830202045418,-0.6495816915079119
TCGA-D8-A1JA-01A,0.018757337531970678,0.28643369694217735,0.0,0.0,0.0,0.0,0.013375859003550653,0.0,0.0,0.0,0.0,0.0,0.0,0.04821207261954754,0.0,0.0,0.0,0.0,0.5401246722608293,0.0,0.0,0.0,0.0,0.0,0.0,0.0,0.0,0.0,0.0,0.0,0.0,0.0,0.0,0.0,0.0,0.0,0.0,0.0,0.0,0.0,0.0,0.0,0.0,0.0,0.0,0.0,0.002958251030777308,0.0,0.0,0.0,0.0,0.0,0.0,0.0,0.0,0.0,0.0,0.0,0.0,0.0,0.0,0.0,0.0,0.0,0.0,0.0,0.0,0.0,0.0,0.0,0.0,0.0,0.0,0.0,0.0,0.0,0.0,0.0,0.0,0.0,0.0,0.0,0.0,0.008917046636276916,0.025607349537448382,0.05561371443742198,0.0,0.0,0.0,0.0,0.0,0.0,0.0,0.0,0.0,0.0,0.0,2.9552065375419416,Breast Invasive Carcinoma,-0.38322927247411354,-0.9384192493965531,1.3008918752982332,0.23084943663353483,-0.5335036558656668,1.3779704451814896,-1.1219613859026745,-0.3882736878447463,-0.5701530868451973,-0.5745965464216021,-0.3380749635204898,-1.1283943996274992,-0.36713618362896544,0.6240034926410283,0.6220996030827417,0.36267621612234824,-1.067647926643127,-0.005077323263735307,0.5763933356082251,0.8596577605122421,-0.5796860008128312,0.7787813958752453,-0.5127066905962017,-0.7381425176672997,-0.10790095873144782,0.18620289689931974,-0.17618088463550224,0.7687651876243782,-0.059409566493216576,-0.2673086838569759,0.2830072448081709,-0.7803742953741856,-1.2801824543952025,-1.355655327087068,0.30864880508809467,-0.953479182574972,-1.0768728355278963,1.1715305152541717,-0.7423324924960737,0.7086979597797818,2.28696438898022,-0.8544801411359738,1.099569989474853,0.523292535846117,-0.037942427760200466,0.1908494681779098,1.5706460443592978,-2.2909385138062706,-2.276141278720287,-1.190514419361747
TCGA-D8-A1JG-01B,0.10672540242293584,0.0,0.0,0.0,0.0,0.08241753679619546,0.09309977755251526,0.0,0.0,0.029130236192556197,0.0,0.0,0.15179205948828386,0.09446424975537349,0.0,0.0,0.0,0.0,0.026428672335330892,0.0,0.0,0.0,0.004588079773847092,0.0,0.0,0.0,0.0,0.0,0.0,0.0,0.0,0.0574232329203731,0.0,0.0,0.0,0.04932548522399877,0.0,0.0,0.0,0.0,0.0,0.0,0.0,0.0,0.0,0.0,0.0,0.0,0.0943180341069899,0.0,0.0,0.04844884864717158,0.0,0.0,0.0,0.0,0.0,0.0037643395461462587,0.0,0.0,0.0,0.0,0.0,0.0,0.0,0.0,0.0,0.0,0.03235372225460197,0.0,0.0,0.0,0.04096835253235249,0.04075109838700023,0.0,0.0,0.0,0.0,0.0,0.0,0.0,0.0,0.0,0.007768343969258314,0.01457779720500751,0.0,0.0,0.0,0.0,0.010838573042827041,0.0,0.0,0.010816157847234763,0.0,0.0,0.0,0.0,2.0827853703164503,Breast Invasive Carcinoma,0.04304057255504301,0.21260533700467207,1.8549750029618126,-0.6429670652135299,-0.32633784302078384,0.914170390066489,-0.49492879049262506,1.1384031353107684,0.0347275323474319,-0.5617524641525597,0.3273658461268501,-1.148647408890439,0.6628113870815864,0.0916361714992297,-0.34668636514897855,0.3119470085384584,0.7016681101560798,1.0027755396913116,0.14139651364864878,1.0771622820720124,-0.9004467137941132,-0.822136451501946,0.3678551364622294,-0.061629840034001744,-0.2708165539865736,1.4710320225817586,0.9860157617336797,1.4514576524043317,-0.20991950833528036,1.0711573976881632,0.836826087959762,-0.26879326474067056,-0.18614324506231505,-0.7693490077729261,-1.2264867030798057,-0.37588103980542203,-0.7488563023012618,-1.3695966572678455,-0.1524454263571468,2.549665385136853,1.240410053352238,-0.9211819426341841,0.6275390247970246,-0.05728612318515419,-0.838047527845511,0.5816925416050647,-0.027251096362119018,-1.0824737866096874,-0.829492436024478,-0.08503529539616089
TCGA-D8-A1JK-01A,0.0,0.027089610248950347,0.0,0.0,0.0,0.0,0.025102515867655936,0.0,0.05245331615455988,0.0,0.0,0.0,0.0,0.016706729483644097,0.0,0.0,0.0638355314382971,0.011613059894931313,0.023759973940531077,0.0,0.0,0.02571211192874959,0.010338945244199071,0.0,0.0,0.020512926873887574,0.016488634696696147,0.028249086914085376,0.01050550092983549,0.0,0.0,0.0,0.036260291447511264,0.0,0.0019092493270266482,0.021893235895712345,0.0,0.015411218953692877,0.0,0.0,0.03146815305083744,0.0043443461775133545,0.0,0.07217942362709481,0.0,0.0,0.0,0.0,0.03571636775378774,0.0,0.0,0.0,0.0,0.0,0.0,0.0034181340592930216,0.0,0.0,0.0,0.0,0.02732894661738038,0.021839048243223497,0.0,0.0,0.0,0.0,0.0,0.0,0.02922224212711856,0.0,0.0,0.015250311059903971,0.021270068775466205,0.04727824930437555,0.0,0.0,0.0,0.0,0.0,0.0,0.0,0.0,0.0,0.03367656300201294,0.04212714214369324,0.0,0.0,0.0,0.0,0.048642930734104986,0.0,0.05924321879466997,0.048763523363257615,0.0,0.0,0.0,0.05038939192630059,2.290034611362518,Breast Invasive Carcinoma,1.288557576404892,0.6903853609039204,1.741836032546016,0.8173307911437783,0.551318857313339,0.9189151069494153,0.7690429693635034,1.144312308419863,1.60897235885325,0.6846391388971731,0.7231387728649482,0.312548109384967,0.528206075072452,1.3359450920238107,-0.08846987137980733,-0.16105617696769123,1.0944502238788272,0.5729333852810455,2.2169130614648234,-0.15196142049920763,0.2470155111228361,1.9105429953128492,0.48827020806977606,0.5561024423751127,0.8209987777002665,0.8942953132113111,1.0029524809312156,1.1714760377357292,0.7086761950775686,0.1337596023964121,2.032866939560342,0.36828964871364867,-0.15563114998351985,0.5380953416893804,0.36242760862707,0.5949973033341384,0.40350679249288723,0.25300272495986004,0.9117153951528637,1.78026290721006,1.4811129628781834,0.645533364281374,0.5149983957006441,0.5761032136137176,0.5969610311652072,0.6383928714000483,0.399034261626894,0.2755039180501828,-0.0957252613070967,1.0178427346876726
TCGA-D8-A1JL-01A,0.0535892656834457,0.0,0.0,0.0,0.0,0.0,0.04559089814337716,0.0,0.0,0.0,0.0,0.0,0.0,0.042211848039790154,0.0,0.0,0.0,0.0,0.04435025075237433,0.0016639466237637886,0.0,0.02373670869203088,0.013120714064130387,0.00665766388098278,0.03293135397075604,0.01602238681902477,0.0,0.048331256220963334,0.03051486404654834,0.0,0.0,0.0,0.0,0.0,0.0,0.0,0.05127928723212137,0.0,0.0,0.0,0.0,0.0,0.0,0.0,0.0,0.01146149822157027,0.1601425413333831,0.0,0.0,0.0,0.0,0.07360850554020792,0.003498666451118595,0.0,0.0,0.0,0.0,0.005953678536439983,0.025147889675319363,0.08921106723194677,0.0,0.0,0.010047386682591598,0.022980373210565362,0.0,0.0,0.0,0.0,0.0,0.0,0.0401580640134741,0.0,0.0,0.0,0.0,0.06596312098394994,0.0,0.0,0.0,0.0,0.0,0.0,0.0,0.0,0.0,0.08182676395012407,0.0,0.0,0.0,0.0,0.0,0.0,0.0,0.0,0.0,0.0,0.0,2.0293837776852097,Breast Invasive Carcinoma,-0.6684928237124436,0.7339704841718988,0.23042034802684086,1.050351386417245,0.7965838352764171,0.9094514743130522,-0.07159578252106108,0.0742934236014792,-0.9872048629122323,0.40796088655058416,0.6066526026498148,-0.5713752197699079,0.7351859474398519,0.8647325238220835,-0.09020793556713963,0.09942149392257912,-0.9916534007635529,0.883086185763008,-0.40581701103682716,0.3051251008987342,-0.20525169260852044,-0.08244432715463089,0.40549079909152386,0.5841471274160306,0.7381983439574972,1.7685573726197128,1.3256794934882128,0.9596680953712281,0.23234421647770206,1.5554793286627864,0.5604518875071638,0.5459381751557637,0.09657185367560671,0.22101378419168802,-0.17642932137932404,-0.4425994841618579,-0.49827662162858194,0.19699597175547864,-0.45367176174516904,0.7491520957124774,0.7440177014643563,-1.1708074442448704,1.3761051005578782,0.11365762703234096,0.2210751373227814,0.7261149138606801,0.8503093482445799,0.038719060989160566,0.7123668110414085,-0.9316018032577296
TCGA-D8-A1JN-01A,0.03756022201352851,0.3257348417367222,0.0,0.016096542523619254,0.0,0.0,0.10011549665723876,0.0,0.0,0.0,0.013863335944317387,0.0,0.0,0.1399568528015415,0.0,0.018837680412746582,0.0,0.0,0.24255323540553833,0.0,0.024926519593764202,0.0,0.0,0.0,0.0,0.0,0.0,0.0,0.00536853435235307,0.0,0.0,0.0,0.0,0.0,0.0,0.0,0.00557618897194891,0.0,0.0,0.0,0.0,0.0,0.0,0.0,0.0,0.0,0.0,0.0,0.0,0.0,0.0,0.0,0.0,0.0,0.0,0.0,0.0,0.0,0.0,0.0,0.0,0.00409017195175228,0.002573213084553201,0.0028653726849927467,0.0,0.0,0.0,0.0,0.0,0.0,0.0,0.0,0.0,0.0,0.0,0.0,0.0,0.00037169063733086336,0.0,0.0,0.0,0.0,0.0,0.04474714785799813,0.014762953370054085,0.0,0.0,0.0,0.0,0.0,0.0,0.0,0.0,0.0,0.0,0.0,0.0,2.2095150145426308,Breast Invasive Carcinoma,0.3125832599866322,-1.5937856650888322,0.10069868116860774,-2.374533314511488,-2.750904943278462,0.028817617783978206,-2.4133074954138523,-0.20339148653743866,-0.9097472872499623,-2.5075199620844972,-2.442512766447352,-0.2161139193698452,-1.3935948561577125,-2.729946866105433,1.1228314459199087,0.3592893990706182,0.3020307056193415,-1.2417510333552484,-1.408410366269102,-1.9355783664180723,-0.447056997393072,-2.3447919220830977,-2.1412116337389033,-1.6116901298181767,-2.0359230451610104,-0.6034486158674941,-1.1927109252168344,-0.3724007558338745,-1.7654851351504117,-1.9097248898473425,-1.459261810430357,-0.8103268292942563,-1.0882665321882705,-1.724332220746353,-0.7280778458689369,0.47718272399583367,-1.2420037370677472,-1.3973360956079426,-0.312088759151872,0.5729777900238979,1.500577817373771,-1.5649537657271022,-0.2542575500745495,-1.3118666040363023,-2.253451814524777,0.8964505711777304,-1.5036740091578125,-1.7389503241982465,-1.333099504035421,-1.2009589648562733
TCGA-D8-A1JP-01A,0.0,0.0,0.0,0.0,0.0,0.0,0.0,0.0,0.0,0.0,0.13386454288371546,0.0,0.0,0.025099330397397087,0.0,0.0,0.0,0.0,0.04635762904253269,0.0,0.0092317603053361,0.0,0.0,0.022919450501300113,0.0,0.0907495888559437,0.0,0.05929804972072753,0.0,0.0,0.0,0.0,0.0,0.0,0.0,0.0,0.0,0.0,0.0,0.0,0.010929564965809607,0.0,0.0,0.0,0.0,0.0,0.17671374877221233,0.0,0.0,0.0,0.0,0.0,0.0,0.0,0.0,0.0,0.0,0.0,0.0,0.15745117275913642,0.0,0.03771760458390006,0.0,0.014983440726194631,0.002544502754305162,0.0,0.0,0.08619210693010282,0.012166179451358188,0.0,0.0,0.0,0.0,0.0,0.0,0.0,0.0,0.0,0.0,0.0,0.0,0.0,0.0,0.025622391766797467,0.0,0.03649602684587497,0.0,0.0,0.0,0.0,0.0,0.0,0.05166290873735561,0.0,0.0,0.0,0.0,2.037426497940624,Breast Invasive Carcinoma,-0.6004794929467674,-0.6510569522649944,-0.28461583031602095,0.3554188791638268,0.6069722809853194,0.8940953396473291,-0.18461733160997465,-0.15240545638525693,-1.5378015740568378,-0.15167108004782692,-0.8936586140036191,0.26038278532830345,0.37492587383257386,1.229907305247298,1.3910631737841352,0.6867924978161544,-1.2215736881544559,0.24436895328352817,-0.8355469210432834,0.43145861740323327,-0.8008510571557356,-0.31153956138497607,-0.469181802500742,-0.8741205148489967,-0.7378910084167002,-0.9155312763194212,-0.9212187921748195,-0.009070077582365343,-0.4188873943068353,0.09982255945631033,-1.1139005990575923,0.33884572422788684,-0.09104617076601514,1.0563505897348084,-0.3695339599604369,0.08417579566631668,-0.1347516469128233,0.0838559599439592,-0.24934214238581848,-1.1324182215460954,-0.010573310997731962,-1.6010700501428246,0.49582229320436333,0.39583139322380395,-1.1346821263857905,-0.38379941608300366,0.5739549385747178,-1.0066445333677827,0.48667385972585747,-1.3665952154454928
TCGA-D8-A1XK-01A,0.049067042877501514,0.0,0.0,0.026817264813051807,0.0,0.0,0.0,0.0,0.0,0.0,0.0,0.0,0.0,0.005151798212350175,0.0,0.0,0.0,0.0,0.003485153806733639,0.005615766823145805,0.053258115211689584,0.0,0.014008666666275774,0.014815655770901189,0.0,0.0014228844512226876,0.0003659903099428858,0.21816894452658958,0.023598553739065418,0.0,0.0,0.0,0.0,0.2253692925844927,0.0008729708546532777,0.0,0.0,0.0,0.0,0.0,0.0,0.024764508530280428,0.0,0.0,0.0,0.0,0.0,0.0,0.0,0.0,0.0,0.0,0.01061783436594099,0.0,0.017007011250446697,0.0,0.0,0.0,0.0,0.0,0.0,0.0,0.0,0.14986566589486397,0.0,0.0,0.0,0.0,0.0,0.0,0.012143639925644753,0.0,0.009670046825895694,0.0,0.0,0.0,0.0,0.0,0.0,0.0,0.0,0.0,0.04958360699263671,0.0,0.0052800832917489875,0.0,0.0,0.0,0.0,0.0,0.0,0.02006160182897888,0.006391898012022012,0.0,0.05259600243392484,0.0,0.0,2.9907826918031377,Breast Invasive Carcinoma,-1.837118765961473,0.19091698716429892,-0.5669442958884557,-0.17241497647575665,-1.0771946752141641,-0.6453512188685209,-0.7434792849574198,-1.2872585159635317,0.3907787189926968,-1.394045016259251,-0.48764519746524393,1.3856102053669317,2.3231349495046336,-0.27912734635163355,-1.0824537696580363,-0.06046370398141953,-1.3392178485162585,2.1991263000395214,0.14645182639095938,-0.8248216988891773,-1.4175202514605894,-0.23176832630723754,-0.5951201167541024,-0.04057600926452847,0.5126937523199065,0.16375853341177268,-0.07223625966662076,-0.12785725931106634,-0.3724471145593831,1.5565503453801568,2.027296974784909,1.9217859019341106,1.486187521375689,-0.9329006858588097,-0.9271508482726232,-0.37334172228847967,-0.4797458111557221,-1.742354192835682,-1.0755671310351524,1.0259407056023997,-0.08890189165238921,-0.4525556667245482,2.2265216302296746,0.14220752803923603,0.43558379668471525,2.1574829619840266,-0.32666098367762986,0.48016131296240583,0.4340371181196531,-1.7643854846300466
TCGA-D8-A1XQ-01A,0.056451419156434,0.004841171592433111,0.0,0.034103606947527905,0.0,0.16818555535702848,0.010995908844667229,0.0,0.0,0.0,0.03819181568041547,0.0,0.0,0.005999994955255279,0.0,0.0,0.0,0.0,0.014650186924208457,0.0,0.022898257589373083,0.0,0.0032588429166916623,0.008628231307370188,0.0,0.010690245739808943,0.03230817916519083,0.10581143181471475,0.0,0.0,0.0,0.0,0.0,0.024204163033861144,0.0,0.0,0.0,0.0,0.0,0.0,0.0,0.0,0.0076689536906178165,0.0,0.0,0.0,0.0,0.0,0.0,0.0,0.0,0.0,0.02015001308807419,0.0,0.014494210531380504,0.024443387038578145,0.0,0.002193727440337141,0.0,0.003406218507463834,0.0,0.0,0.0,0.1312554114377643,0.0,0.0,0.0,0.0,0.0,0.0,0.03855854869232761,0.0,0.04305429083480404,0.045954236690612146,0.0,0.0,0.0,0.0024036939617888427,0.0,0.0,0.001981250638572166,0.0,0.0,0.0,0.0,0.0,0.0,0.0,0.0,0.0,0.03442471174435238,0.059792610499062294,0.028999724179283873,0.0,0.0,0.0,0.0,2.8981764834976764,Breast Invasive Carcinoma,-0.3449119101766736,0.37269243966427495,0.0976865534557757,0.6395388136404512,0.28511928841358497,-0.29582399653291647,-0.14757645762966876,-0.9674049943748505,0.7254326051920114,0.2670164744170386,0.11451946639925957,0.46648368922504035,0.502670626333407,0.8668839030631704,-0.5988956014338427,-0.5641864563903024,-0.5409345407024977,0.6486996715259866,0.5919065095568646,0.40083001215439895,-0.0879610740074571,1.261610979450567,-0.47219994058245707,0.19061684583084684,0.11439708638444744,0.09015866163236877,0.2729016303086602,-0.165108794876739,-0.1161593844452648,0.6659597374223246,1.1867496091426237,0.6678553469722168,0.6001099137093026,0.44645623532213013,-0.955654797178209,0.0017426372686745824,-0.23434001039326988,-1.0158993465861228,-0.36901306884552554,-0.5385184990503481,-0.11176840899267607,-1.0513562232959919,0.7298299634200239,-0.2786465257669961,0.2300052277860803,1.790187423720808,0.07768507859033422,1.0708827768769031,-0.24457732372925667,-1.1163262356678858
TCGA-D8-A1Y1-01A,0.5710399087089306,0.10049318509944437,0.0,0.0,0.0,0.0,0.0,0.0,0.0,0.0,0.0,0.0,0.0023837499627692195,0.0,0.0,0.0,0.0,0.0,0.0,0.0,0.0,0.0,0.0,0.0,0.0,0.0,0.0809772321917359,0.03343099413054628,0.0,0.0,0.0,0.0,0.0,0.0,0.0,0.0,0.0,0.0,0.0,0.0,0.0,0.0,0.0,0.0,0.0,0.0,0.0,0.0,0.0,0.0,0.0,0.06441506662127912,0.0,0.0,0.0,0.0,0.0,0.0,0.0025609813080956353,0.0,0.0,0.0,0.0,0.04994229440659411,0.0,0.0,0.0,0.0,0.0,0.0,0.0,0.0,0.006267058557693222,0.0,0.0,0.0,0.0,0.0,0.0,0.0,0.0,0.0,0.0,0.0064846675262643545,0.0,0.055434586911441576,0.0,0.0,0.0,0.0,0.0,0.000610897569702585,0.01286711869407917,0.01309225831142376,0.0,0.0,0.0,2.2624510897304293,Breast Invasive Carcinoma,-0.1985071064335672,-0.8155369246458509,0.23640481853818673,0.3541745185021633,-0.03364177636711609,1.8106086500438414,-0.14083402675995804,0.2532708451989011,-0.858674475212192,-0.31953107068851044,-0.8073697630939367,0.5349187042766808,0.5707420371998918,1.3742427793538137,2.6881905769834655,1.7191821266699663,-0.3401743550955366,0.6260921763765118,-0.2490650007354124,0.40827404713062093,-0.31418811995234885,-0.07001497609294034,-1.1950873267687074,-1.177064330356231,-0.9953303055358511,-0.9698448040784514,-1.022715646893213,-0.12355807308968707,-0.9209550855217884,0.20743903305818498,-0.373475733144087,0.4194897498519329,0.36631901059684363,0.46357969451998177,-0.3505128520228955,0.20191492088459997,-0.566573825511898,0.5727875258463506,0.4473175418543247,-1.1695302261965639,0.5880967445686935,-0.8458296191950716,0.43316353371076005,-0.5201204383306696,-1.1532777813171755,0.08927573639961754,0.6936295046698748,-0.5511593848687365,-0.24044764234437582,-0.5873637822833799
TCGA-D8-A27G-01A,0.006563191364204628,0.4076965395701128,0.0,0.0,0.0,0.00708125094996802,0.03796155873546639,0.0,0.0,0.0,0.0,0.0,0.0,0.058568816702917414,0.0,0.0,0.0,0.0,0.36025299225787233,0.0,0.0,0.0,0.0,0.0,0.0,0.0,0.0,0.0,0.0,0.0,0.0,0.0,0.0,0.0,0.0,0.0,0.0,0.0,0.0,0.0,0.0,0.0,0.0,0.0,0.0,0.0,0.0,0.0,0.0,0.0,0.0,0.0,0.0,0.0,0.0,0.0,0.0,0.0,0.0,0.0,0.0,0.010004377420137468,0.0,0.0,0.0,0.0,0.0,0.0,0.0,0.0,0.0,0.0,0.010792216994870284,0.0032864743975386215,0.0,0.0,0.0,0.0,0.0,0.0,0.0,0.0,0.0,0.013991656316982947,0.0,0.0,0.0,0.0,0.0,0.08380092528992907,0.0,0.0,0.0,0.0,0.0,0.0,0.0,2.9449759084120477,Breast Invasive Carcinoma,0.653920952625375,-0.5649192552751735,0.24097366747852955,1.2582176409356387,0.2745338832383143,0.8450041463792423,0.10688267687355839,1.266574859463367,-1.3274128780553267,0.11574627436880186,-0.5694246448239815,-0.6140280682006524,-0.367314966878679,0.9691805917073273,2.127458536384452,1.865449665174657,-0.07809692415899402,-0.1992898356341822,-0.2568111418083493,-0.06240599097323518,-0.156935669949739,0.14018954091189278,-0.5096892118177785,-0.8500202667557522,-0.8513532595692977,-0.6262638808313917,-0.6563483649102793,0.3012172344242208,-0.2756680411106288,0.41655142848711985,-0.4730407481545803,-0.0837334174174311,-0.4127102785405948,1.8650530101532983,-0.8201089920930209,0.22372385246582857,-0.2449987096730495,0.02557825803597166,0.858215673415172,0.648543971319176,1.2142010383779624,-0.5394948483277021,-0.23112953578420728,0.45954407892717647,-0.41106644353214805,-0.25725633212184684,0.9734713071359373,-0.7855736423784055,-0.9007088352204204,-0.32751418231715945
TCGA-D8-A27H-01A,0.021532651920232713,0.08525299065852966,0.0,0.0,0.0,0.0,0.0,0.0,0.0,0.0,0.0,0.0,0.0,0.0,0.0,0.0,0.0,0.0,0.11370622768753434,0.0,0.0,0.0,0.0,0.0,0.0,0.004951696414831036,0.0,0.025287214560089224,0.0,0.0,0.0,0.03632743841257361,0.0,0.0,0.0,0.0,0.0,0.0,0.0,0.0,0.0,0.0,0.0,0.0,0.0,0.01348489910485762,0.3898281450740834,0.0,0.0,0.0,0.0,0.032834083417001544,0.0,0.0,0.0,0.0,0.0,0.0,0.0019460723924542296,0.0,0.0,0.0,0.0,0.03568387883366084,0.0,0.0,0.0,0.0,0.008686382648438587,0.005446718524306992,0.0,0.0,0.0,0.0665151938607509,0.0,0.0,0.0,0.0,0.0,0.0,0.0,0.0,0.0,0.013790117060568163,0.0,0.0,0.0,0.0,0.0,0.14472628943008722,0.0,0.0,0.0,0.0,0.0,0.0,0.0,2.100370545117563,Breast Invasive Carcinoma,-1.368238537034292,-0.9213394403178722,0.2570222106287228,0.023695757263442783,1.8716699081549697,0.2543488917577313,-0.6416463519855101,-1.1322809920026797,-0.7062335868594329,0.19881060071389742,-0.8375041457866488,-0.9369267640807823,-0.10099041267910075,1.5965086521895708,0.20314379242778974,0.09396859527372758,-2.375737765931696,0.350727080665249,0.2884689363148399,1.582544897942684,-0.8426300840022289,0.7592014596660445,-0.829992139374121,-1.1119374342106436,-1.1391166296816295,-0.7227001353055471,-0.9366497752716733,1.1544588769138036,-0.04886791030303653,1.194061669877434,-0.9954555417119433,-0.7675007288325099,-0.9122532115612123,2.0838024745298,0.3962352195522135,-1.3244709934958037,-0.3314988821883319,0.3327509435973483,-1.9426523845887291,0.06038224975336344,-0.08592437898584232,-0.8607423240391557,0.2481362791617118,1.0097247611418783,-0.7936170255924182,-0.29632157198834047,1.8670578559011277,-0.8015063876429503,0.3246579139990746,-1.7433190349229524
TCGA-D8-A27V-01A,0.03185856733493753,0.23198180239031282,0.0,0.0,0.0,0.0006883380674681021,0.1717679732900435,0.0,0.0,0.0,0.0,0.0,0.0,0.0524817846398001,0.0,0.0,0.0,0.0,0.34981446003097283,0.0,0.006857588118565963,0.0,0.0,0.0,0.006409616128208731,0.0,0.0,0.008966155841841789,0.0,0.0,0.0,0.0,0.0,0.0,0.0,0.0,0.01152732664851479,0.0,0.0,0.0,0.0,0.0,0.0,0.0,0.0,0.0,0.0,0.0,0.0,0.0,0.0,0.0,0.0,0.0,0.0,0.002842818628047844,0.0,0.0,0.0,0.0,0.0,0.0,0.0,0.035647744931462104,0.0,0.0,0.0,0.0,0.0,0.0,0.0,0.0,0.0,0.044462547477569205,0.0,0.0,0.0,0.0,0.0,0.0,0.0,0.0,0.0,0.037522589817888766,0.007170686654365957,0.0,0.0,0.0,0.0,0.0,0.0,0.0,0.0,0.0,0.0,0.0,0.0,2.214843848047698,Breast Invasive Carcinoma,0.0709725678211204,-1.2280255140698146,1.4948066654449645,-0.3889060418585328,0.18286640659021663,1.6045677786545844,-0.2507303978607356,1.4815345252994028,-1.9291895187496542,-0.37315562029935845,-1.5646047298354564,-0.7615616100893369,-0.8925053274983533,0.4628341254679533,3.1817607252900415,2.196102135755851,0.12150827748500063,-0.7141379311905528,-1.2419540379958574,-0.32512231612303866,-0.1449556586483716,-0.6422757786955691,-0.7574840609990058,-1.6781438348191215,-1.3202842479382428,-0.470169257376203,-0.8559409592337172,2.213027482927126,-0.6192980455070125,-0.3924436329003987,-1.8620227515185583,-0.40440503183434623,-0.49415775282400504,0.20168872213272926,0.47021787228347073,-0.0722974883766523,-0.18374239722973987,-0.490482152535664,0.09341016572930406,-0.5696262246508783,1.6653021855215293,-1.3184045242032063,-0.26827880717106223,0.8166688000110112,-0.925144635122848,-0.7492144790077127,1.756770124312634,-1.8076160764377034,0.22567338643267595,-0.5067210976213953
TCGA-D8-A73U-01A,0.03979406044161069,0.39285687393586943,0.0,0.0,0.0,0.024601048279070066,0.16824100520697635,0.0,0.0,0.0011411949791171867,0.0,0.0,0.027628902004111045,0.028242128635314754,0.0,0.0,0.0,0.0,0.17409091736185103,0.0,0.0,0.0,0.005575333581886612,0.0,0.0,0.0,0.0,0.0,0.0,0.0,0.0,0.0,0.0,0.0,0.000635780846747782,0.0,0.0,0.0,0.0,0.0,0.0,0.0,0.0,0.0,0.0,0.0,0.02759258241851648,0.0,0.0,0.0,0.0,0.0,0.0,0.0,0.0,0.0,0.0,0.0,0.00785829058619761,0.00394496297515863,0.0,0.0,0.0,0.05782406871527605,0.0,0.0,0.0,0.0,0.0,0.0,0.0,0.0,0.0,0.00366620642338507,0.0,0.0,0.0,0.0,0.0,0.0,0.0,0.0,0.0,0.0,0.0013667448483766077,0.032016295498429125,0.0,0.0,0.0,0.0,0.0,0.0,0.0,0.002923603262105323,0.0,0.0,0.0,2.093421685162235,Breast Invasive Carcinoma,-0.8004600557648188,1.6100819381607154,0.05081785521537328,0.20255531235071814,0.5089409022266813,1.711502317973479,1.3336714574603301,0.0383250544351651,-0.4088367057369385,0.5595872508757226,1.3219417242571287,-1.0558828741014379,-1.9382195779731937,0.9421743925232998,2.56929323453512,1.415523478879772,-0.9898053609740445,-1.7008666964911008,-1.3391265761231017,-0.04179296077719045,-0.0604630200305738,-0.07749199657756156,0.9078358400109471,1.0648927081499833,0.7961395250670469,1.312473098365326,1.5144725576900189,0.19443367815098017,1.0805758443127607,-0.7066643294529544,-1.4883395068403065,-1.9452448990592517,-1.8534018133070078,1.081676542579969,0.5413591707030582,-1.169256399133361,0.5865098427997524,-0.18785357212025233,-1.4773439485392215,0.8148182660540483,-0.7521559202351851,-0.021382148796027293,-1.612141865177454,0.03347268715433719,0.5063441456572308,-1.0968367157490013,0.47446736114972815,-0.4592949315126624,0.028446973109956815,-0.5670941112334187
TCGA-E2-A10C-01A,0.015207807300950274,0.41723379260833937,0.0,0.0,0.0,0.0,0.04222951442152808,0.0,0.0,0.0,0.0,0.0,0.0,0.09205937658680902,0.0,0.0,0.0,0.0,0.3755335977496934,0.0,0.0,0.0,0.0,0.0,0.0,0.0,0.0,0.0,0.007206569911466905,0.0,0.0,0.0,0.0,0.0,6.593491079726227e-05,0.0,0.0,0.0,0.0,0.0,0.0005623720544387674,0.0,0.0,0.0,0.0,0.0,0.0,0.0,0.0,0.0,0.0,0.0,0.0006839558824913173,0.0,0.0,0.0,0.0,0.0,0.003052507674553164,0.0,0.0,0.0014608401132872207,0.0,0.003187303826346793,0.0,0.0,0.0,0.0,0.0033050120398014334,0.0,0.0,0.0,0.027704221867915026,0.0,0.0,0.0,0.0,0.0021975062109662845,0.0,0.0,0.0,0.0,0.0,0.0,0.0,0.0,0.0,0.0,0.0,0.00830968684061559,0.0,0.0,0.0,0.0,0.0,0.0,0.0,2.571708831808688,Breast Invasive Carcinoma,0.1867992559530089,-0.3513291537133732,-1.266033580307192,-0.16663938647512166,-1.1459297879371588,0.6135700232715975,-0.23611754013122915,-0.5693689560848425,-0.6041720241382263,-0.8508520228290576,-0.5604628161182127,0.5927222287700412,0.24823190870970963,-0.4037692710025641,1.6516624104675464,1.5181525394204078,0.4725899429848232,0.15156147999831834,-0.5022351933775118,-0.7219149548231255,-1.2198231202459426,-1.5504400310213893,-1.1093785381902643,-0.6825113442770548,-1.3928704181462652,0.3763359651674199,-0.2733178591437913,-0.13570163282571127,-0.9522386791462667,-1.0159061191786938,-0.2926807727801221,0.2761385086646955,-0.08770914189320483,0.37550268133278425,-1.3589235899282341,1.2008519205992076,-0.4861444999238991,-1.9857257611104298,-0.11122568260032181,0.6659738170845976,-1.2188989260319296,-0.7046725647725269,-0.03006792361222665,-1.2590798216952046,-1.618866806549701,-0.5705331394936186,-1.7381690492782644,-0.3430078126954315,-0.04396666664686922,-0.358191829709672
TCGA-E2-A14R-01A,0.0,0.00829376449829697,0.0,0.0,0.0,0.0,0.0,0.016287000689964966,0.0,0.0,0.01803487664674313,0.0,0.0,0.040851385988149885,0.0,0.0,0.03199104593327744,0.0,0.09340873143832601,0.001600540023204388,0.0,0.0,0.006177347603015039,0.006140982241279561,0.0,0.0,0.0,0.0,0.0,0.0,0.0,0.0,0.0,0.0,0.033653046551579455,0.0,0.0,0.0,0.0,0.0,0.011296864674909732,0.0,0.0,0.0,0.0,0.0,0.2523882182684642,0.0,0.0,0.0,0.0,0.04581588606293524,0.002586597482639635,0.0,0.0,0.039289851771107435,0.0,0.016268439020101628,0.0,0.026877603723625163,0.0,0.03035566149924247,0.0,0.03139211529071904,0.0,0.0,0.0,0.0,0.03179191321781055,0.0,0.0,0.0,0.0,0.06822427184183699,0.0,0.0,0.0,0.0,0.0,0.0,0.0,0.0,0.0,0.0,0.018865627434510656,0.0,0.0,0.0510696950120975,0.0,0.0,0.0396362398587341,0.077702293227429,0.0,0.0,0.0,0.0,0.0,2.0,Breast Invasive Carcinoma,-0.3718689748663285,0.14098402847904518,-1.495362823781211,-0.728430954988075,-1.2245134961168516,0.1901194943835054,-0.8369772681219639,-1.461643880338182,-0.6989449255761788,-1.5180945973434476,-0.9582898787909407,1.3625192462145306,1.8912372549594636,-0.9947928628545315,-0.430643702468005,0.18475466135939952,0.3983141252552564,1.569887958796267,-0.3832581108998241,-0.11027725098784315,-1.2702510198688808,0.10591874545675148,-0.8090391503800555,-0.48605554385666233,-0.7072693346307686,0.7925683633400655,0.44603285534296977,0.7342298054482103,-0.9052657528922885,0.660611703673691,1.1011225923036683,1.6816785141343087,1.5324384227196077,-0.5046784772377608,-0.5660394529490343,1.127782750750887,-0.7503415448640625,-1.8237360368556357,-0.824409851279657,-0.15182907236497992,-1.0504948473106324,0.3512733172746019,1.9291006380161713,-1.5026160384813363,-0.23406931017289523,1.6017106771408793,-1.5382418427172209,0.35307876722013165,-0.19815898389909833,-1.037888533679286
TCGA-E2-A152-01A,0.025519260187640242,0.29581163357034906,0.0,0.0,0.0,0.030198727614210333,0.0,0.0,0.0,0.0,0.002754921648664483,0.0,0.0,0.14697013061609782,0.0,0.0,0.0,0.0,0.2949101449822954,0.0,0.0,0.0,0.0,0.0,0.0,0.0,0.0,0.0,0.0,0.0,0.0,0.0,0.0,0.0,0.0,0.0,0.0,0.0,0.0,0.0,0.01008533118983536,0.0,0.0,0.0,0.0,0.0,0.047227398252733,0.0,0.0,0.0,0.0,0.0,0.0,0.0,0.0,0.0,0.0,0.024924638430314432,0.0,0.0,0.0,0.0,0.0,0.0,0.0,0.0,0.0,0.0,0.0,0.0,0.0,0.0,0.0,0.0,0.0,0.0,0.0,0.0,0.0,0.0,0.0,0.0,0.0,0.02570057829671017,0.0,0.06117779235459311,0.0,0.0,0.0,0.0,0.0,0.0,0.0,0.0,0.0,0.0,0.03471944285655666,2.0863598306747484,Breast Invasive Carcinoma,-0.21487201522033492,-0.966648986710271,1.1221010927749042,0.9041400746249952,0.5403373953608026,1.7517145366130646,-0.45528928564209276,-0.04697287125651132,-0.10197419552362794,0.5298662072399601,-0.61584719862343,-0.4908262731261704,-0.39587908617376766,1.2724106936397896,0.6903565115768487,0.6230001123488359,-0.3890081087815459,0.005681065976610846,0.9000483402801812,0.682726614095315,-0.14891778213968246,0.6988546830531507,-0.5257114181363074,-1.1773377722874738,-0.7684626593508919,-0.920937246045904,-0.9834369496348478,0.82144934422826,-0.15563708986947047,0.27856354016373114,0.3297417974136128,-0.430430330240881,-0.6632126549661752,0.8902875215307086,0.14173676858088288,-0.3186782639009311,-0.36317438330046176,0.33232006677824183,0.14555287434431108,1.010199440655909,0.8488955217714744,-0.715347375413353,0.2665059800265839,0.8194773149095697,-1.0179157349878116,0.026621697132774014,1.0032091990185,-1.6793743465872473,-0.3026985230242835,-0.5315981987002922
TCGA-E2-A159-01A,0.04331235219384864,0.21456809608814698,0.0,0.0,0.0,0.023296004568933944,0.14068289166261114,0.0,0.0,0.0,0.040388532051441585,0.0,0.0,0.0,0.0,0.0,0.0,0.0,0.38046326383956797,0.0,0.0019414651558089728,0.0,0.017269465994838133,0.009070581161584268,0.0,0.0,0.0,0.0,0.0,0.0,0.0,0.0,0.0,0.0,0.0,0.0,0.002062402122451678,0.0,0.0,0.0,0.0,0.0,0.0,0.0,0.0,0.0,0.01513007705701805,0.0,0.0,0.0,0.0,0.0,0.0,0.0,0.0,0.0,0.0,0.024164642167747108,0.0,0.020719429331284567,0.0,0.0,0.004490539262085606,0.0,0.0,0.0,0.0,0.0,0.0,0.0,0.0,0.0,0.0,0.0,0.0,0.0,0.0,0.0,0.0,0.0,0.0,0.0,0.0,0.0,0.058153404278596416,0.004286853064034889,0.0,0.0,0.0,0.0,0.0,0.0,0.0,0.0,0.0,0.0,0.0,2.1702617153949575,Breast Invasive Carcinoma,-0.5225216064987847,0.5556899876810792,0.25144434938447774,-0.056357368684424265,0.8758581862939487,1.0966637348314512,0.012628100104571346,0.05864500015798342,0.371499552583876,-0.1234155417701319,0.3402895491268232,-0.031650964151726524,1.0892269921343212,0.28151535388255416,0.037341577538889226,0.38743338249684817,-0.7097247265193829,1.2124295883566265,0.7607853003462962,0.5842623985665272,-0.14799881742038126,-0.0752981156941143,0.2884217172963798,0.07792038933303605,-0.037631737677471314,0.05734821532696636,0.2285613701545124,0.739243341127511,0.03916097061409752,1.4705247868239266,0.852704922794596,0.4752367307642361,-0.540019448927615,-0.11311396709531657,-0.3589663871025591,-0.2817593133370359,0.06494959964544345,-1.0838207917835805,-0.6176660640567323,1.9388686198913592,0.5604641288629244,-0.05690287580412149,1.2034097846227751,-0.445528178152608,-0.5951749836826308,0.39394563483241546,-0.34245764079649266,-0.6406648435326415,-0.4164769768772641,-0.9059522422824348
TCGA-E2-A1IN-01A,0.007141007767723324,0.3247650722818472,0.0,0.0,0.0,0.07749859360189323,0.0,0.0,0.0,0.0,0.0,0.0,0.0,0.014262688995324905,0.0,0.0,0.0,0.0,0.32896439341731626,0.0,0.0,0.0,0.0,0.0,0.0,0.0,0.0,0.0,0.01241580236182806,0.0,0.0,0.0,0.0,0.0,0.0,0.0,0.0,0.0,0.0,0.0,0.0,0.0,0.03625994308449926,0.0,0.0,0.0,0.0,0.0,0.0,0.0,0.0,0.0,0.007341773725331322,0.0,0.0,0.0,0.0,0.0,0.0003975689895757376,0.0,0.0,0.0,0.01998435281814235,0.01636865877981758,0.0,0.0,0.0,0.0,0.006521378044560083,0.0028172469588384525,0.0,0.0,0.015414916073924229,0.01644316025043167,0.0,0.0,0.0,0.0,0.0,0.0,0.0,0.0,0.0,0.021098909699699422,0.026192716303621095,0.0,0.0,0.0,0.0,0.06611181684562575,0.0,0.0,0.0,0.0,0.0,0.0,0.0,2.278753600952829,Breast Invasive Carcinoma,-0.4109579238003502,-1.362658806512438,0.4042446550934343,0.7182798655209789,0.32582052623117747,1.776640190223749,-0.9138971460748323,0.09005210411092664,-0.36282990381416136,-0.04310479967178117,-1.3700411725492623,0.30891532965587276,-0.565382497329944,1.4986363616938465,1.833358999545711,0.8098517701409793,-0.5419550666687235,-0.5266634897933571,-0.5371259257518471,-0.38574427204696915,-1.4045839681152066,-0.677049408883562,-1.1583366743254018,-1.5329912965275367,-1.1726445990743257,-1.4291427689071292,-1.5817349620915833,-0.39811794569828446,-0.8938102867416043,-0.5523403139772872,-1.1414233768551632,0.30040727980596255,-0.001890111312146275,0.5750351986731946,0.13787867620536517,0.3014412208463517,-0.8098740267874859,-0.42814781475560093,0.20307380156239913,-1.71625536913144,0.5136388545788496,-1.3823331164024613,-0.6564406461492222,0.7248270172103473,-1.277917545545506,-0.0257332990442093,1.0477101335199224,-1.7545051106256757,0.4270065304674735,-1.1650629649937903
TCGA-E2-A1LG-01A,0.0,0.2015272048395715,0.0,0.0,0.0,0.011654638081807436,0.1199880039400804,0.0,0.0,0.003244554537118103,0.0,0.0,0.0,0.04758263066857785,0.0,0.0,0.0,0.0,0.4574766117314804,0.0,0.0,0.0,0.0,0.00482422203172311,0.0,0.0,0.009418584454401632,0.0,0.0,0.0,0.0,0.0,0.0,0.0,0.0,0.0,0.0,0.0,0.0,0.0,0.0,0.0,0.0,0.0,0.0,0.0,0.0,0.0,0.0,0.0,0.0,0.0,0.0,0.0,0.0,0.0,0.0,0.0,0.0,0.0,0.0,0.0,0.0,0.0,0.0,0.0,0.0,0.0,0.0,0.0,0.0,0.0,0.0,0.020780544248712913,0.0,0.0,0.0,0.0,0.0,0.0,0.0,0.0,0.0,0.02531846226861973,0.020461335187261107,0.0,0.0,0.0,0.0,0.07772320801064582,0.0,0.0,0.0,0.0,0.0,0.0,0.0,2.187520720836463,Breast Invasive Carcinoma,-0.42693690065603773,-0.907573293310138,-0.4548089186499266,-3.34168090839441,-2.0570850086794925,1.0298686589360841,-1.4822111396280908,0.07206848940572314,-1.165937765450382,-3.524952978719865,-1.7126213777836357,0.028118937147943775,1.5112473039816041,-2.149176983433744,0.27472865488448667,0.7380934832611845,-0.3744375150737111,1.640513687089642,-1.2227780882852883,-0.8380459377410164,-0.5558640638115461,-1.1932393306553775,-2.23294037438986,-1.4045109643845874,-1.302550745838214,-0.09580965510905001,-0.325187179661219,2.2846770289566267,-1.4657025743728431,1.0352596410587362,0.13941038346444243,1.0932465586011075,0.3046332031325513,-1.7907159191643227,1.3655181659786344,1.1857510736768668,-0.5918656931101571,-0.23441271433826874,-0.5497735911686059,0.8901721637218384,-0.3723432114179359,-1.0150460068322742,1.31874793465023,-0.7558675816116005,-1.0598339424457417,-0.24719643111856604,-1.3566882566622707,-0.4723386251180058,0.4552069259567587,-1.5891400373589841
TCGA-E2-A1LH-01A,0.032833421803967984,0.06193209138273194,0.08776214392820991,0.0,0.0,0.0,0.0,0.0,0.0,0.0,0.0,0.0,0.024486831245989753,0.0,0.0,0.0,0.0,0.0,0.1193704337061851,0.0014442458855015551,0.0,0.0,0.0,0.02354671588049071,0.0,0.004202967954325311,0.0,0.029541296004267963,0.0,0.0,0.0,0.0,0.0,0.0,0.002394275476163037,0.0,0.0,0.0,0.0,0.0,0.01252504356464935,0.0,0.0,0.017164465006004027,0.0,0.0,0.17521789029625814,0.0,0.0,0.0,0.0,0.0,0.0,0.0,0.03938384321958522,0.0,0.0,0.0,0.0,0.0,0.0,0.0,0.0,0.0,0.0,0.0,0.0,0.014576835597542295,0.0,0.0,0.0,0.0,0.17150119373645387,0.09170830555385379,0.0,0.0,0.0,0.0,0.0,0.0,0.0,0.0,0.017384049001220706,0.05005025640385032,0.0,0.0,0.0,0.0,0.0,0.0,0.022973694352749045,0.0,0.0,0.0,0.0,0.0,0.0,2.2278867046136734,Breast Invasive Carcinoma,0.21040828717384535,1.2940001153045224,-1.6842123979990007,0.7430328058906565,0.754648048469279,0.4864113179405707,0.4363716607561143,-0.2300410186968806,-0.025446189917118264,0.744775742100722,0.5784866011108915,0.39150476718137217,0.3504550494846115,0.4821199968472442,-0.5558458904703328,-0.09346545302159767,-0.3757475028209585,0.3782112501617961,0.02900644086678205,0.574915847093589,-0.5986037884049797,0.10603112151690161,0.7830538304241549,1.1487453858483996,0.25455662735177076,1.1338756137906938,1.040049068861546,0.600260933042672,0.3967965515242229,0.022745551384579493,-0.08672622898093962,0.28688231017967514,0.5902162682416714,1.5720756284994444,0.7261804705738981,0.8548609927164401,-0.019870695330021754,-0.7923400058334055,-0.4887007306203745,-0.686259213239964,-1.8744539425212816,0.8231369935616357,-0.08309250549317025,-0.48062654877059413,0.4022419089465623,0.34815370770422066,-0.4897631911368532,1.261705885864333,0.5021646846632951,-0.939950454209498
TCGA-E2-A574-01A,0.057738105929527814,0.07720213667036784,0.0,0.0,0.0,0.00466464209460767,0.19008011873479305,0.0,0.0,0.0035833085212356804,0.0,0.0,0.0,0.10752283794503496,0.0,0.0,0.017495025638842,0.0,0.20166873015812714,0.0,0.06400677666997379,0.0,0.0,0.006199675791223953,0.0,0.0,0.0,0.005788283502950416,0.015454978487652996,0.0,0.0,0.0,0.0,0.0,0.0,0.0,0.0,0.0,0.0,0.007389365255932585,0.0,0.0,0.0,0.0,0.0,0.0,0.013254722705391369,0.0,0.0,0.0,0.0,0.0,0.0,0.0,0.0,0.0,0.0,0.0,0.0,0.007957926500797454,0.016617506687514553,0.0,0.0,0.01526406477058814,0.0,0.0,0.0,0.0,0.008318197354551648,0.0,0.0,0.0,0.062398975269912484,0.0,0.0,0.0,0.0034068771232482154,0.0,0.0,0.0,0.0,0.0,0.0,0.0,0.10154627292979507,0.0,0.0,0.0,0.0,0.0,0.0,0.0,0.01244147125793119,0.0,0.0,0.0,0.0,2.037426497940624,Breast Invasive Carcinoma,-0.03700812552917167,-1.8504531753291518,-2.5261755592963233,-1.3628909152135278,-1.137225064004481,1.1459162964699672,-1.7682157117375854,-1.510616972992953,0.057090364281585454,-2.0871939842855625,-2.213510417865778,2.075368157680304,1.081798372062482,-0.7217240580843709,-1.2020003830589032,-0.2169480470147063,-0.17796366908085134,0.6771928119450793,0.42372899555733085,-0.9412287257867642,-3.114757441686652,-1.3757125138229387,-2.053111318790373,-2.4439765113100385,-2.35961599705816,-1.3828558587987736,-2.003763740287367,0.4238365574363545,-2.0340394809866837,-0.7719082822204334,0.25664347796144615,2.0380636232720324,2.654001099314898,-0.9438025156994438,-0.3880935568989855,2.0855255755542994,-0.7871792080178486,-1.8185144587457374,0.24602262272356457,-2.734368054521021,-1.7594829832267413,0.14042701516744183,0.6284432400484965,-3.186051925515309,-1.959345137840734,1.6823561703321301,-2.433442259475357,1.1474835352416741,0.16672195436417825,-1.2347508172945574
TCGA-E9-A1R4-01A,0.0142027829004661,0.23708987272768456,0.0,0.0,0.0,0.0,0.0,0.0,0.0,0.017628858414090304,0.0,0.0,0.0,0.05216565414876193,0.0,0.0,0.0,0.0,0.2940217136617673,0.0,0.08415404275596354,0.0,0.02020368605546835,0.0,0.0,0.0,0.0,0.0,0.0,0.0,0.0,0.015151404135242633,0.0,0.0,0.0013632665277056879,0.0,0.0,0.0,0.0,0.0,0.0,0.0,0.0,0.03938139897520531,0.0,0.0,0.0,0.0,0.0,0.0,0.0,0.0,0.0,0.0,0.0,0.0,0.0,0.0,0.0,0.0,0.003912156572862786,0.04270587011544716,0.0,0.020777105185309456,0.0,0.0,0.0,0.0,0.0027727158542027305,0.0,0.0,0.0,0.0,0.0,0.0,0.0,0.0,0.0,0.0,0.0,0.0,0.0,0.0,0.052343638453723036,0.06294452029894484,0.039181313217154186,0.0,0.0,0.0,0.0,0.0,0.0,0.0,0.0,0.0,0.0,0.0,2.0492180226701815,Breast Invasive Carcinoma,-0.30509029977818597,0.14995103204857138,-0.30115598896802837,0.25190793921112875,0.3042631315470798,0.6333960167533562,-0.1513158674099701,0.32988943117685593,-0.6783271223609897,-0.48706740157372,-0.12347941682690272,-0.5317417927770631,-0.23659275389558995,0.0056639711432442535,2.2656078519777205,1.0408084966458042,-0.7909008163052025,-0.09511182023735669,-1.2142820397830858,0.029620511548301368,-0.41417604561850396,-1.3390820398056202,-0.7271737637687363,0.042062725473516666,-0.08501721864592865,1.2259007478736694,0.6304080836028152,0.6732779487027004,-0.7203578293627574,0.5351454102721089,-0.6928899214326782,-0.7626474359016046,-0.5403948710612231,0.31876389994230653,-1.7697023643980514,-0.5622719769132474,-0.3442088808216958,-0.8345765014715418,-0.2574894944640048,-0.23254564488435112,-0.3076664103722584,-1.0607007081598179,-0.2196772369588858,-0.3334958725361901,-1.1190859636053627,-0.6412029086259491,-0.36116688023904037,-0.7025272132258603,-1.2610282060959739,-0.7100576119153583
TCGA-E9-A1RF-01A,0.09007794349050802,0.0,0.0,0.0,0.0,0.0,0.035121531089997306,0.0,0.0,0.0,0.0025403785122230897,0.0,0.0006456519329120153,0.016326714546561205,0.0,0.010250370434556086,0.0,0.0,0.05009327837016159,0.0,0.0,0.025882586452544383,0.0,0.0,0.0,0.0,0.0,0.0,0.0,0.0,0.0,0.012420946796762367,0.0,0.0,0.0,0.0,0.0,0.0,0.0,0.0,0.0,0.0,0.0,0.0,0.0,0.0,0.37168268183628,0.0,0.0,0.0,0.0,0.04156022330591911,0.0,0.0,0.0,0.0,0.0,0.0,0.0,0.05250639762408512,0.0,0.013817768366658193,0.0,0.0,0.0,0.0,0.0,0.0,0.01171473547278483,0.009014846598670577,0.0,0.0,0.0,0.0013908851272717078,0.0,0.037713794289990575,0.0,0.0,0.0,0.0,0.0013526847363162459,0.0,0.0,0.049874173086965325,0.0,0.0,0.007100335929043508,0.0,0.0,0.0,0.0,0.0,0.0,0.1589120719997888,0.0,0.0,0.0,2.130333768495006,Breast Invasive Carcinoma,-0.24941004686621956,-0.0491306153036807,0.27058347410047323,0.7081472402502984,-0.24119026259638238,1.2107777066317975,-0.18927401162489144,0.3389581806670378,0.6770118835296421,0.6056925072229518,-0.2834348470155016,0.3127883766066284,-0.3306699766082311,1.0327027630037455,0.9100610011583558,0.4922798525298377,0.2976881376482745,-0.15570346756964132,-0.6182899464678845,0.0735945879589369,-1.5130139379642245,-0.4164465300958725,-0.5167516593301668,-0.405818956844054,-0.5025925541266951,0.4181873716791559,0.09094204945401,-0.18475553840334355,-0.21310239645225768,-0.24693811355840092,-0.20909627246398405,0.17785675051643385,0.152277458857163,-0.28312007692065994,-0.8621665292942071,0.5099538457008557,-0.5407342978830585,0.4836753477713009,0.3372795785252748,-0.17947681469246873,0.20285910866443616,-0.05008683115775329,-0.2099330108490311,0.09557612672128654,-0.5273496316270118,-0.18118724598405045,0.3258995937191284,-1.16957174172872,-0.5090781346059664,-0.16256714507666153
TCGA-E9-A22E-01A,0.04855853147851041,0.04384011593965587,0.0,0.0,0.0,0.0,0.05127844156030729,0.0,0.0,0.0,0.0437663200240442,0.0,0.01226935632291151,0.0,0.0,0.0,0.0,0.0,0.13142730867533617,0.024434930406400643,0.0,0.020665504807929346,0.0,0.007773296655853111,0.0,0.0,0.0,0.006247577749526201,0.04964769552651863,0.0,0.0,0.015351372540910081,0.0,0.0,0.0,0.0,0.055437663479516786,0.010214482860419226,0.0,0.0,0.0,0.0019465248571814394,0.026725026787208082,0.0,0.0,0.0,0.29207360157216183,0.0,0.0,0.0,0.0,0.0,0.0,0.0,0.0,0.0,0.0,0.01337458283891739,0.0,0.008558263880405476,0.0,0.0,0.0,0.0,0.0,0.0,0.0,0.0,0.00955899141098865,0.0,0.0,0.0,0.0,0.0,0.0,0.0,0.0,0.006246160666967443,0.0,0.0,0.0,0.0,0.0,0.06188568161064819,0.0,0.04350745437690293,0.0,0.015211113970778935,0.0,0.0,0.0,0.0,0.0,0.0,0.0,0.0,0.0,2.0492180226701815,Breast Invasive Carcinoma,0.6394525567417801,-0.13178567969500934,1.3358888090361656,1.6328743039227918,0.7539647121463469,1.2226642735634927,0.4944253571836901,0.48396766586435236,1.6240923837279135,1.0014996459479133,0.06733233085774078,-0.06765612023424365,-0.796826832003205,2.257880436428023,1.3576212168952897,1.0903814238655902,0.39075845142202725,-0.6442213594800887,-0.10845110025850006,0.5702712772419108,-0.49555053687969447,0.6875600758117693,0.2506123459267509,0.15792634775567482,-0.20556540254907596,0.6136130740059019,0.2936776567112613,-0.20403503947535861,0.26906557263576025,-0.4914125911452746,0.20541723082189786,-0.305073513726911,-1.083751302969928,1.6685143278841443,1.227894129088406,0.6426985176274074,-0.17013234420161247,1.8926114813839978,0.4730244435987118,-1.246350243647569,0.5832645634571813,-0.27374765297382886,-0.44517052866302076,0.9039508780501738,-0.3783617979153787,0.5010284875929805,1.7640640737606605,-0.08045924701725611,0.16347847277238114,-0.004402485612640994
TCGA-EW-A1IZ-01A,0.14634757910221063,0.0,0.0,0.0,0.0,0.14565984242082677,0.008268943847068763,0.0,0.0,0.0,0.0,0.0,0.0,0.0560329814468144,0.0,0.0,0.0,0.0,0.0,0.0029034822265793145,0.16065570329883125,0.0,0.0,0.002638324273980091,0.0,0.028564095349679748,0.1417035834821355,0.026879386848930722,0.0,0.0,0.0,0.0,0.0,0.07512930975804176,0.0,0.0,0.0,0.0,0.0,0.0,0.033803482549399175,0.0,0.0,0.0,0.0,0.0,0.0,0.0,0.0,0.0,0.0,0.0,0.0,0.0,0.0,0.032789607110860534,0.0,0.0,0.002786834171350161,0.0,0.0,0.0,0.0,0.023910650401129867,0.0,0.0,0.0,0.0,0.0,0.0,0.04147411330335994,0.0,0.0,0.02542769977840018,0.0,0.0,0.0,0.0,0.0,0.0,0.0,0.0,0.0,0.00021884284182706703,0.0,0.0,0.0,0.0,0.0,0.0,0.0,0.0,0.04480553778857414,0.0,0.0,0.0,0.0,2.4927603890268375,Breast Invasive Carcinoma,0.4776499439566606,1.265837076908098,-0.6264410062072076,-1.0218737394322623,-0.3331656120473082,1.382706538482899,0.7928218960011738,-0.46193184433239226,-1.3903691316894116,-0.3087335408246755,0.04445137895245029,0.49675290059003807,0.06498082861640353,-0.7448303489570105,1.0218459227289576,0.7885894907810134,-0.41429571539046,-0.05087686820406608,-1.1782595872855055,-1.427844276239511,-0.7789131262591538,-0.9031096529028014,0.20798501268029468,0.38721043924682447,-0.3784451803804507,0.2942354921857685,0.4988213534376134,0.8503353442828657,-0.3119972961332582,-0.4603619075978471,-0.6793820210691783,0.4266726411228579,0.021566695495851877,-0.11600913535419592,-1.4379951614689137,0.9633109677067618,0.44672265182580767,-0.08842526267110384,0.30131932534705697,1.4961594326468617,-1.3228712572902241,-0.5427537783906365,-0.6406119219988223,-0.8561895094795557,-0.1739984175067221,-0.11799623999434267,-0.7164725336785858,0.7198695955997763,-0.2289592207754901,-0.4273421974589779
TCGA-EW-A1J5-01A,0.018996861996052408,0.438149148022617,0.0,0.0,0.0,0.005244515911103549,0.01721862179213695,0.0,0.0,0.0,0.0,0.0,0.0,0.04014623482959547,0.0,0.0,0.0,0.0,0.36473460205873753,0.0,0.0,0.0,0.0,0.0,0.0,0.0,0.0,0.0,0.0,0.0,0.0,0.0,0.0,0.0,0.0,0.0,0.0,0.03663939931634512,0.0,0.0,0.0,0.0,0.0,0.0,0.0,0.0,0.01227723494604079,0.0,0.0,0.0,0.0,0.0,0.0,0.0,0.0,0.0,0.0,0.0,0.0009729329952005634,0.0,0.0,0.0,0.0,0.0,0.0,0.0,0.0,0.0,0.0,0.0,0.0,0.0,0.05639403773711149,0.0,0.0,0.0,0.0,0.0,0.0,0.0,0.0,0.0,0.0,0.0,0.005012612012674925,0.0,0.0,0.0,0.0,0.004213798382384153,0.0,0.0,0.0,0.0,0.0,0.0,0.0,2.629409599102719,Breast Invasive Carcinoma,-0.41136500803281156,-0.013259620656512447,-0.0722767312873532,-0.5249159154096822,-0.015706146263273258,0.7940337652395206,0.03787698281381343,0.7521641089956608,-0.14497485284724276,-0.857214382821295,-0.5566667889509198,-0.6153634585993814,-0.2363575102090395,-0.22805607001410616,2.461492890589962,1.554842587906062,-0.48358359032584247,0.0011113850618624278,-1.8111869931900435,-0.943789567756111,-0.07052174199305726,-1.179872392237247,-0.40000785240195497,-0.2175576472029413,-0.1009445493114643,1.893042991008664,1.0455597363944042,1.3495411451590218,-0.5036898287525792,0.7205702745579863,-1.4784826529317918,-1.0044206544116328,-0.7840047737129705,-0.46944410638160766,-1.9716322038590899,-0.9900396118167683,-0.7559292837042377,-0.016504774555417497,0.26006045416316353,1.2094049883484828,0.1776290015176808,-2.0034355780315343,0.19836157513929462,-0.8981014155519419,-0.5006859050433492,-1.2661581872102492,0.40846229375366755,-1.7139499285109105,-1.1811373979858675,-1.192666279366211
TCGA-EW-A1PB-01A,0.008890300070126271,0.15035099815119593,0.0,0.0,0.0,0.0,0.007883532888057054,0.025868044558973433,0.0,0.0,0.0,0.0,0.0013137679226194942,0.010322185801130439,0.0,0.0,0.0,0.0,0.2623003180829739,0.0,0.0,0.0,0.0,0.0,0.0,0.0,0.0,0.009070562174373197,0.0,0.0,0.0,0.0,0.0,0.0,0.0,0.0008262983421086013,0.0,0.01642497787823687,0.0,0.0,0.0,0.0,0.0,0.0,0.0,0.006303737990589015,0.2383932915420963,0.0,0.0,0.0,0.0,0.13218938662433438,0.0,0.0,0.006246010378896463,0.0,0.003554097835278636,0.00796384108494744,0.005260281764437728,0.003636673552182204,0.00933911968608528,0.0,0.0,0.0,0.00200796821547431,0.0,3.203918650455328e-05,0.0,0.0,0.0,0.0,0.0,0.03902664755635415,0.05279591871302459,0.0,0.0,0.0,0.0,0.0,0.0,0.0,0.0,0.0,0.0,0.0,0.0,0.0,0.0,0.0,0.0,0.0,0.0,0.0,0.0,0.0,0.0,0.0,2.1398790864012365,Breast Invasive Carcinoma,0.9081007990019127,1.660563604607767,-2.0160666230520876,-1.3425514660665852,-0.2061103219260193,0.454062756415543,0.1431498029386823,1.2545938294891494,0.222898164327173,-1.2207710966164935,0.9458496490516682,1.254108351695901,0.7985035634467458,-1.4687473643866706,-0.17252984162950066,0.3852548370236661,0.08290808596873393,0.8955547067938993,0.04812982205191985,-1.0985866599462337,-0.02492849732672609,-0.9475977589144128,0.1269488531744034,2.0063241684360347,0.8971929324809352,2.5227720165704546,2.512062945907274,0.655480955354266,-0.4142423228600717,-0.19920648404550897,0.7135284699757791,1.042727397875249,1.232933051955247,-0.8821331954588997,0.03913603903938964,0.7041575600556272,0.26305772400601996,-0.030212886860253783,0.9661699076166865,1.0227069155846455,-1.6166637755840456,0.6580161754751842,0.8184745051086163,-1.987461653319758,0.12585845513218252,1.022263263241181,-1.7985224887780265,0.9285696524819895,0.18305269027296434,0.2963539492177962
TCGA-GI-A2C8-01A,0.09881830899347199,0.01935310804884691,0.018937936454223238,0.0,0.0,0.0,0.0,0.0,0.01766819761386252,0.0,0.0,0.0,0.0,0.0,0.0,0.0,0.0,0.0,0.06939579915404875,0.0,0.043452217050098565,0.0,0.0,0.006817701562743626,0.04018186127819254,0.0,0.0,0.0,0.01601034462827613,0.0,0.0,0.0,0.0,0.0,0.0,0.0,0.0,0.07279154211314173,0.052839850965097156,0.0,0.0,0.0,0.0,0.0,0.0,0.0,0.034019600952316285,0.0,0.0,0.0,0.0,0.0,0.0,0.0,0.0,0.007034255707991304,0.0,0.0,0.00938958402907863,0.0,0.04437332718213749,0.0,0.011474374897324424,0.03627754030425803,0.0,0.0,0.0,0.0,0.0,0.0346912939900643,0.0,0.0,0.07263255707610822,0.0,0.0,0.09029336440531055,0.004689470141243328,0.0,0.0,0.0,0.0,0.0,0.0,0.0074852631048946405,0.0,0.0,0.10671930493283108,0.0,0.0,0.016459027773176333,0.0,0.0,0.06819416764126233,0.0,0.0,0.0,0.0,2.0211892990699383,Breast Invasive Carcinoma,-0.008487136651599341,-0.43764827687583624,2.107887907291916,1.449886235882756,0.4125722115680118,0.6531800237933433,-0.42932460561109503,1.0508579790267487,-0.9516821558367164,0.20612338838958286,0.36548434723679935,-1.278866456376938,-2.224049360691311,1.1689831965649604,1.059231236464671,0.14493948596197118,-0.48914568217902926,-1.9053040754317692,-0.9340388465283826,1.353823846915432,0.8209735322483103,0.046938144578081945,0.16488010350987095,-0.07658323807125512,-0.07479092196329593,-0.38901827497835006,-0.41883362117834533,0.5852112058177694,0.380874772806394,-0.8071685079791208,-1.113205708302998,-1.8378152677063881,-1.3961954212669834,1.4621633610918945,0.8552784338592873,-0.02268439468623235,-0.5645023272306884,0.3328395239639989,0.6493499983652943,-1.2693965234688216,0.2685119205256159,-1.3771002482281562,-1.1314518636051487,0.8630152233981265,0.06159117155914318,-1.0219940259387907,1.4487306115764755,-1.3291478241814376,-0.08776083262427675,0.28200021380526635
TCGA-GM-A2D9-01A,0.010722217566606997,0.4185066854446645,0.0,0.0,0.0,0.024432541209238327,0.08236361454904234,0.0,0.0,0.0,0.0,0.0,0.0,0.0514877360333636,0.0,0.0,0.0,0.0,0.3099596311965046,0.0,0.0,0.0,0.0,0.0,0.0,0.0,0.0,0.0,0.0,0.0,0.0,0.0041450138708579295,0.0,0.0,0.0,0.0,0.0,0.0,0.0,0.0,0.0,0.0,0.0,0.0018194869593449806,0.0,0.0,0.0,0.0,0.0,0.0,0.0,0.008651251767530304,0.0,0.0,0.0014136118338107517,0.0,0.0,0.0,0.0,0.006150658248219667,0.0,0.014220082176499586,0.0,0.004978160018208066,0.0,0.0,0.0,0.03429551901069508,0.0,0.0,0.0,0.0,0.0,0.018596481141206576,0.0,0.0,0.0,0.0,0.0,0.0,0.0,0.0,0.0,0.0073394875114355385,0.0,0.0009178214627712652,0.0,0.0,0.0,0.0,0.0,0.0,0.0,0.0,0.0,0.0,0.0,2.673020907128896,Breast Invasive Carcinoma,1.221128285658161,-1.1054849704669882,-0.378797165218073,0.5259196211458655,-0.2871660581171935,0.7870176825184366,0.16450468674783536,-0.7256882948026738,-0.6302887737088242,0.17432693075088082,-0.8234930783593601,0.10420654920796037,-1.3315573534392602,0.6685902980702467,2.0411565285523143,1.508332436775977,0.3651453309162505,-1.2392698182715591,-0.5964405808362456,-0.363558379427029,-1.2094024021129202,-0.20311345775824372,-1.0973517087996933,-1.2296050220790091,-1.4578048728523516,-0.04822543698326352,-0.7384994855330012,1.9272469956036415,-0.6642546609955418,-1.5102797323176345,-1.7489748701851884,-0.24618392289849297,-0.4462007673732584,1.0190037704055845,-0.49835988032318684,0.9435020127013661,0.4670341265614418,0.025107939896258286,0.35140238405005986,-1.0563209897341053,-0.47071861160831135,-0.43863718125791723,-0.9558828936700096,0.20458006782013943,-0.5843423032910988,-0.8276943443370879,0.29933176285308505,-0.04031283612839338,-0.04010330927713716,-0.3875250123033033
TCGA-GM-A2DB-01A,0.10822627006031117,0.026125124262186196,0.0,0.09893946375966876,0.0,0.0,0.017209578603670665,0.039308146120391706,0.026079902289720396,0.0,0.0,0.0,0.03958394325234391,0.0,0.0,0.0,0.0,0.0,0.05156505792802381,0.0,0.0,0.00871408885010515,0.0,0.008605480613627833,0.01194454178830466,0.0,0.0,0.0,0.029787712133123374,0.0,0.0,0.05312749128077864,0.004348186990988065,0.0,0.003880759741261922,0.0,0.10390222080970912,0.0,0.0,0.0,0.0,0.019606085388591286,0.0,0.013222186553888205,0.0,0.0,0.06369912592026394,0.0,0.0,0.0,0.0,0.015169455440180123,0.0,0.0,0.0,0.010834916678844526,0.0,0.0,0.0,0.018142128390484194,0.0,0.0,0.0,0.0,0.0,0.0,0.0,0.022994051096114344,0.0,0.0,0.0,0.0,0.016634780106899793,0.011043638351991543,0.04474275992131128,0.0,0.0,0.0,0.0,0.0,0.0,0.0,0.0,0.05510769991115669,0.0,0.01500170036029816,0.0,0.06245350339576066,0.0,0.0,0.0,0.0,0.0,0.0,0.0,0.0,0.0,2.0293837776852097,Breast Invasive Carcinoma,1.188473196091309,-0.27755856816572444,0.3012250326686526,-0.9736943206988257,-1.1526116688591048,-0.836539821479334,-0.16245253542550656,-0.13692177953368204,1.005962595056581,-0.6033885123684458,-0.5910254087160997,0.9714811020895558,0.5492219151324489,-0.3907340516058208,-0.17495849561344906,0.3493110130792925,1.2971612039949925,0.5903279777851921,1.4100990305724865,-1.6194776458391265,-0.4319337369729755,-0.19452867847206295,-0.6355625238381909,-0.8372265719351862,-1.2855053966512662,0.1290257279864545,-0.0958916150656755,0.2880184115158236,-0.679435459689974,-0.5407513699974125,1.517659311860715,1.068023730447976,1.1196035966952267,-0.32001075291631526,-0.7825473379685058,1.614499081712785,0.03178496863730715,-0.9792275800500962,0.2631690113981243,0.4048425057537844,-1.1258308826167887,0.4682832769598631,1.207438474382326,-1.0805985972449155,-0.47616097972063015,0.8352748133870549,-1.426980203072531,0.46208995205687137,-1.6644228580613174,-0.12856950523686728
TCGA-GM-A2DH-01A,0.022564897296840376,0.1011784612510159,0.0,0.0,0.0,0.0,0.007020306055494749,0.0,0.0,0.0,0.10015138980641553,0.0,0.0,0.033439130415687496,0.0,0.025914898249935717,0.0,0.0,0.2916019048201982,0.0,0.003865413856653001,0.0,0.0,0.004201131464015564,0.0,0.12558975766685493,0.0,0.0,0.004966471074903825,0.0,0.0,0.0,0.0,0.0,0.0,0.0,0.019874248503992865,0.0,0.001496232218480226,0.0,0.0,0.0,0.0,0.0,0.0,0.0,0.04999189149374661,0.0,0.0,0.0,0.0,0.0,0.0,0.0,0.0,0.0,0.0,0.0,0.0009237925650806877,0.0,0.0,0.007272899499465533,0.012378729036078366,0.005165593498966716,0.0,0.0,0.0,0.0,0.010420038602382444,0.0,0.0,0.0,0.09683368130595336,0.0,0.0,0.0,0.0,0.0,0.0,0.0,0.0,0.0,0.0,0.0,0.05136770502083487,0.0,0.0,0.0,0.0,0.0,0.0,0.015491092179118779,0.0,0.0,0.0,0.0,0.008290334117884383,2.230448921378274,Breast Invasive Carcinoma,-0.8785610871869308,0.1451355709331835,-0.8258628348258669,-1.0828104449843088,-0.7384141394996121,0.803648325653916,-0.16604114862031596,0.10002167021231384,-1.816600295336788,-1.4611509420845672,-0.5059465287431668,0.473298614208635,1.6819853831607854,-0.633815116631288,-0.20741429656242696,0.17328190940574112,-0.5392802920787495,1.696643537472124,-1.0038643465303922,0.05050166159461762,0.23401187581673072,-0.6325099403177196,-0.05612485613763435,-0.04001354667527911,-0.6423728609371415,0.8845689495995562,0.5344156750247008,0.9115202036417624,-0.7234267315921841,1.768893114337651,0.31553497588719726,0.6499653402763143,0.2167353765248146,-0.5818910314503822,-2.1483737143171107,-0.5190043944475234,-0.5529686651579603,-0.13984356659516348,-0.43859574836584164,1.5627709393256404,-0.4807833315753259,-0.6105859997472689,1.6258721527467088,-0.26989643403395763,-0.49558212195593593,-0.10636976946534825,-0.4338535978839387,0.8321888173190027,-0.837320638886721,-0.8027712733060189
TCGA-GM-A2DO-01A,0.012227855780357216,0.3831148991898611,0.0,0.0,0.0,0.011156122898787776,0.0,0.002673238271441619,0.0,0.006548379240497555,0.0,0.0,0.0,0.06936558894197783,0.0,0.0,0.0,0.0,0.35833601505319856,0.0,0.0,0.0,0.0,0.0,0.0,0.011118935464260555,0.005149948485248185,0.006916635017621383,0.0,0.0,0.0,0.0,0.0,0.0,0.0,0.0,0.0,0.0,0.0068495599351257085,0.022567590890999117,0.0,0.004603230889315477,0.0,0.0,0.0,0.0,0.0,0.0,0.0,0.0,0.0,0.0,0.0,0.005426881567984619,0.0,0.0,0.0,0.0,0.0,0.0,0.0,0.0,0.0,0.0,0.015029155713829153,0.0,0.0,0.019456665549570044,0.0,0.0,0.0,0.0,0.0,0.016346322674441097,0.0,0.0,0.0,0.0,0.0,0.0,0.0,0.0,0.0,0.021292827705395596,0.006511527094267038,0.0,0.0,0.0,0.0,0.0,0.0,0.0,0.015308619635820407,0.0,0.0,0.0,0.0,2.1931245983544616,Breast Invasive Carcinoma,-1.4654110512231813,2.0844581921505,-1.594913701458318,-1.1488044719871064,-0.9986516305762397,1.104686198669425,0.5754671264839808,-0.33389203306699194,-2.3609387313490178,-0.9113851384381786,0.44201002716040444,0.4733603615537426,0.31973629655235136,-1.0853206878569066,1.51720000739835,1.4298485425958345,-0.901509252092524,0.24218055234910182,-2.600885987881435,-1.3725537341518652,-1.1333513307388035,-1.660517491530647,0.6892939384359306,0.9137555622526333,-0.04461459910218408,1.3170706028311183,1.2233693280762392,0.2972624747066094,-0.372954086988676,-0.10560401864274442,-1.8129973528430217,-0.05617063468687241,-0.565026419559741,-1.4403026292771604,-1.6829644130043204,0.08510356902406192,-0.4616739097988949,-0.4593509811545501,-0.6380611232119281,1.331162367222348,-2.752582457548682,-1.118237111988886,0.2099128792462674,-1.5367606025774752,-0.397989113846181,-1.5804280029116808,-0.8343127754258036,-0.17225498285622326,0.012580456568617232,-0.9142583922910537
TCGA-J2-8194-01A,0.022837928498674543,0.005146339244973352,0.0,0.0,0.0,0.0,0.008333142133987422,0.08384421056767151,0.0,0.0037519769101115727,0.015566445937480985,0.0,0.013168864689234635,0.02862098176994914,0.0,0.0,0.0,0.0,0.016088865529092906,0.0,0.0,0.0,0.0019375441656508544,0.0,0.0,0.0,0.0,0.0,0.06607997076501054,0.0,0.0,0.11449729690001512,0.0,0.0,0.0,0.0,0.16458203701378468,0.0,0.0,0.0,0.0,0.009646429254275796,0.0,0.0,0.0,0.0,0.0,0.0,0.0,0.0,0.0,0.04049345946660502,0.0,0.0,0.0,0.0,0.0,0.008377037408716455,0.011091074097985211,0.042643235841405384,0.0,0.0,0.08720947011281349,0.04318850341113219,0.0,0.0,0.0,0.0,0.012784021503951953,0.0,0.0006643318911014859,0.0,0.0,0.14354315107069535,0.0,0.0,0.0,0.0,0.0,0.0,0.036250580180089885,0.0,0.0,0.0,0.0,0.0,0.0,0.01965310163559039,0.0,0.0,0.0,0.0,0.0,0.0,0.0,0.0,0.0,2.1367205671564067,Lung Adenocarcinoma,1.0447034005530214,-0.2916830488000699,0.153994096933878,0.6869653425986627,0.2079854098334423,-1.0202227781669577,0.17911219758655972,1.1105616109888818,-0.8388612358455624,0.7313477564642057,0.6998320271498781,-1.2243554104486598,-1.683900927705882,0.2171808102511777,0.02060101343891957,-0.43363832246653916,1.0364900304093494,-1.7974326378123546,-0.20952913902096176,0.39697381645956137,0.899638160482229,0.7246679521600892,0.454232199790595,0.5637198619153311,0.5518057708132738,-0.8884022692636069,-0.39723752261812845,0.0574409289062255,0.6705283825079846,-0.9072497439220045,-0.4286736346560114,-0.5934533500951238,-0.21523578486800177,0.1697202121578914,-0.6881525860735446,-0.14602355764668734,0.6751244709225401,1.8373139810079044,0.8570957732760213,-0.45598965021575455,0.6780332467044261,0.8609999782810057,-1.3911119479421357,0.9841054372383847,1.0769881915807098,-0.36635090790008423,0.4281581198210553,0.743171693006332,0.6553063425915039,1.437456987821582
TCGA-J2-A4AD-01A,0.016091010915576204,0.1280453876227303,0.0,0.1618220989103014,0.0,0.0,0.0008528234314629696,0.0,0.0,0.011592025326904669,0.0,0.0,0.0,0.0200517256201011,0.0,0.0,0.0,0.013285936135054152,0.1997451999836439,0.0,0.012726626363541476,0.0,0.0024658660838029044,0.004615476351406916,0.0,0.04469699362847827,0.0,0.0,0.0,0.0,0.0,0.06401864148444335,0.0,0.0,0.0,0.0,0.04313390933943654,0.0,0.0,0.0,0.014379971229320294,0.0,0.0,0.0,0.0,0.0,0.12815109755990167,0.0,0.0,0.0,0.0,0.0,0.0,0.0,0.0,0.0,0.0,0.0,0.0,0.0,0.00591282665845172,0.0,0.0,0.02813750443830698,0.0,0.0,0.0,0.0,0.0,0.0,0.0,0.0,0.015561394161838672,0.0,0.0,0.0,0.0,0.0,0.0,0.0,0.0,0.0,0.0,0.0010600935812828775,0.05488127407400311,0.0,0.0006686776139305823,0.0,0.0,0.0,0.0,0.0,0.028103439486080017,0.0,0.0,0.0,0.0,2.506505032404872,Lung Adenocarcinoma,0.009196435200673418,-1.178253788825346,0.5544439766920135,-0.8559373686171314,0.43959239144183576,-0.4306738021935216,0.3025971704347779,0.26738586453021107,0.46374804499558403,-0.17210845059618934,-0.8537889549999108,-0.41103135808924696,-0.13992823806281324,0.17279742359010908,-0.3042422765077113,-0.5074884193156206,0.5482282952638226,-0.19566640950319641,0.7928448241807297,-0.3570398226797241,0.5509841357422595,0.08129719603357585,-1.1646032683483196,-1.1171664318087524,-1.0928097442947744,-0.781056219877953,-0.9783439370061324,1.3921500232881856,-0.7057195858958901,0.31394154502023214,-0.263598197685793,-0.4691132340987734,-0.9625453204647709,0.3589604753497197,0.232177268166566,-0.5717646544219722,0.023404904357745546,-2.0818557404553126,-0.19992846935019118,-1.3530944360840533,1.0936982528533699,0.76456981895982,-0.16420846975788406,0.16005161852894578,-0.40610503722532265,-0.6325906726017888,0.35473004041023926,-0.31540358767054033,-0.8603127694826042,0.32178770232480036
TCGA-L4-A4E5-01A,0.026656653098700876,0.02063293084398015,0.0,0.6200984319069921,0.0,0.0,0.0,0.007968668121388528,0.0,0.0,0.0,0.0,0.0,0.018118660826031942,0.0,0.0,0.0,0.0,0.0,0.0,0.0,0.0,0.0012781789973481626,0.005422130680142114,0.0,0.0,0.0,0.0,0.0,0.0,0.021695906511969107,0.017179631978938254,0.0,0.0,0.0,0.0,0.0,0.015560533994067526,0.0,0.0,0.007743522441448991,0.0,0.0,0.0,0.0,0.0,0.0054111890755455016,0.0,0.0,0.0,0.0,0.0,0.0,0.0,0.0,0.020310871019416983,0.0,0.0,0.017584872141822788,0.0,0.0,0.010509988939914795,0.016204624452363252,0.0062087295485552495,0.0,0.0,0.0,0.0,0.02593053371504432,0.00027693627467777156,0.0,0.0,0.009786281472677972,0.0,0.0,0.0,0.0,0.017271202159523377,0.0,0.0,0.0,0.0,0.0,0.027691820401252797,0.03414270251458002,0.04259029387402401,0.0,0.0037247050095934433,0.0,0.0,0.0,0.0,0.0,0.0,0.0,0.0,0.0,2.5171958979499744,Lung Adenocarcinoma,-0.6034696937513961,-0.7450162353817836,-1.3159314454378621,-1.0735111105437596,0.19186856301153105,-0.4290949615089903,-0.7129158256525084,-0.4380366114710438,0.10754924868157476,-0.8016971639358043,-1.055598358891342,0.6420779146053072,0.9525326789644326,-0.7230735471640836,-0.5354811568457437,-0.6355721486613161,-0.9128852065643702,0.6745384106272619,0.4577086225727929,-0.40700198868908577,0.29586784827569085,-0.9643288960578339,-1.040776191562443,-0.8461893329269399,-0.7664937438257368,0.0622978654736574,-0.07853716836440042,-0.5325814802672882,-1.2728626648098085,0.8109790828029375,0.02310319403341929,-0.19920203706772396,0.39893912569888257,-0.45354211002007694,-0.06127233306427142,-0.8674693856214072,0.2667670596172507,-1.3219825912706409,-0.5682407155150998,0.4942727264603237,-0.571589651858744,-0.48397706885049663,0.9710768345995234,-1.3410140214611372,-0.6290005270472905,0.08819071378975214,-0.8891832311239908,-0.2593840464617235,-0.07738591092579294,-0.7914527971296325
TCGA-L9-A443-01A,0.004486909196512619,0.016686810411336152,0.0,0.4048986937871106,0.0,0.0,0.0,0.0,0.0,0.0,0.0,0.0,0.0,0.0,0.0,0.0,0.0,0.0,0.005947908017520985,0.0,0.0,0.0,0.0,0.007673510845816158,0.0,0.0,0.0,0.028016821200759892,0.0,0.0,0.0,0.14050671701978545,0.0,0.0,0.0,0.0,0.0,0.0,0.0,0.0034737395658913186,0.008205526013186358,0.0,0.0,0.0,0.0,0.0,0.10984071464036872,0.0,0.0,0.0,0.0,0.026948401827161017,0.0,0.0,0.0,0.0,0.0,0.02539165556588081,0.03228000069337247,0.10317949498020686,0.0,0.0,0.010626415349869085,0.0051610539199742865,0.0,0.0,0.0,0.0,0.0,0.0,0.0,0.0,0.0,0.05133962549606546,0.0,0.0,0.0,0.0,0.0,0.0,0.0,0.0,0.0,0.015336001469181642,0.0,0.0,0.0,0.0,0.0,0.0,0.0,0.0,0.0,0.0,0.0,0.0,0.0,2.3820170425748683,Lung Adenocarcinoma,-0.13890768637613812,-0.40089324460554004,-0.4755835719244624,0.6878334435438425,0.29644142975494703,0.35466042801253994,0.7937697532949679,0.09821794659192072,0.4135140177008687,1.3065299156846746,0.031475719251562416,-0.36564427673262356,-1.1901840218583608,0.8550289902969848,-0.2051498740012203,-0.13926693440042823,-0.1166745612641095,-1.4310813373687215,-0.5209424376123905,-0.47632824198008045,0.18783268318837715,0.005737579478172113,0.6264254614009499,0.017412211743879726,0.20448239011504646,0.10691726151396233,0.0014561470740977489,1.5365163493909546,0.7227508578016388,-1.242228875732756,-0.9320650175270766,-0.918783930078034,-1.2147591529886488,0.9172665408147734,0.8746674995437713,-0.2789130076313126,1.449735503047365,1.3890473603052296,0.5444907775299938,-0.6611350805891518,-0.3366672959383328,-0.1373484164169306,-0.3277723371357195,1.245187068256034,0.8774799572725355,-2.0447643604328616,0.31866256537980864,-0.0015716766320315952,0.4677379583200119,-0.0613115433483601
TCGA-L9-A444-01A,0.0,0.006210940170932285,0.01234743454352381,0.3821834402639731,0.0,0.0,0.022465508634919338,0.0,0.0,0.0,0.0,0.0,0.0,0.0,0.0,0.0,0.0,0.0,0.0,0.0,0.0,0.0,0.0,0.0,0.0,0.0,0.0,0.0,0.0,0.0,0.0,0.24811787274820996,0.0,0.0,0.0,0.0,0.0,0.001983591621026564,0.0,0.0,0.0,0.0,0.028482188858843013,0.0,0.0,0.0,0.01589536144999203,0.0,0.0,0.0,0.0,0.0,0.0,0.0,0.05918668806231953,0.0,0.0,0.0,0.03415365482186352,0.00953949107808423,0.0,0.0,0.026702155689536097,0.015833374381625118,0.0,0.0,0.0,0.0,0.0,0.0010412207178703415,0.0,0.0,0.0,0.04282820420813335,0.0,0.0,0.0,0.011994774206069144,0.0,0.0,0.02866124405810709,0.0,0.0,0.029519837836751186,0.022853016648220332,0.0,0.0,0.0,0.0,0.0,0.0,0.0,0.0,0.0,0.0,0.0,0.0,2.7101173651118162,Lung Adenocarcinoma,-0.06245085890141983,1.719454397654914,-0.37597734825489054,0.44369240407127597,0.955314802585341,0.28173624092192284,1.0616638099247684,0.4874426630142345,1.4020773582902462,0.5134308184970123,1.0498462090733875,-0.7471656147252677,-0.8831208181961848,0.11411141427441583,-0.6859530744482643,-0.6029983592015943,-0.020936691474025264,-0.9173031611716683,-0.6092016433667578,-0.29379722415506876,0.3322953314431456,-0.14616513958423116,1.0783542516408202,1.2803061801391742,1.0309865436782948,1.0358189347390132,1.4254357220332248,-0.6846623022460424,0.8004422351646477,-0.47255224653197375,-0.6179019019361118,-1.2961308942804153,-0.8581442512274103,0.2908057913383615,0.2834423458030611,-0.56865969078657,0.8584743921835644,0.2577052708455027,0.12062380989227556,0.13524136637483358,-1.1023432323392903,-0.08886382172316383,-1.306786072665038,-0.4414885712566842,0.5303377025952921,-0.674771322552617,-0.2674817620887562,0.04571718491587605,0.9322136918952063,0.2924775436850053
TCGA-L9-A5IP-01A,0.004609265107094584,0.03083148725150626,0.0,0.4174887151463111,0.0,0.0,0.005770014956033995,0.0,0.0,0.0,0.0,0.0,0.0,0.00907836838668436,0.0,0.0,0.0,0.0,0.0056577488606126035,0.05192762730072592,0.01841942250272866,0.0,0.0,0.0,0.0,0.0,0.0,0.0,0.0,0.0,0.0,0.11102323162472393,0.0,0.0,0.0,0.0,0.0,0.0,0.0,0.0,0.0,0.0,0.04307859954664838,0.0,0.0,0.0,0.0,0.0,0.0,0.0,0.0,0.007965329090244097,0.0,0.0,0.0,0.0,0.0,0.017285165191926997,0.03062085676827273,0.0,0.0,0.0,0.0,0.0,0.0,0.0,0.0,0.0,0.02456967293860901,0.00028784864572339327,0.0,0.0,0.028972198927716197,0.0,0.0,0.0,0.0,0.008948097723116217,0.0,0.0,0.0,0.0,0.0,0.019713408491972235,0.040440856376348436,0.0,0.0,0.1233120851630009,0.0,0.0,0.0,0.0,0.0,0.0,0.0,0.0,0.0,2.459392487759231,Lung Adenocarcinoma,0.7655911297600775,-0.40177320927752996,-0.23463478210844235,-0.0853602266469359,-0.2379025760303143,0.6288448379886238,0.3722704904992017,0.24400510788008684,-0.2607657429443245,-0.053883858230852184,0.7488376216448732,0.44417335363603067,0.08377203849116291,-0.06905482046564551,0.7089064727835587,0.8080778527172537,0.4934296279540423,0.2399621942810478,1.2583691454142614,0.04461898086337148,-0.5798355663964556,1.4247050868212794,-0.4341705424454858,-0.16306608661159444,0.24553208815685124,-0.21642929427137717,-0.19156637035519508,0.3792599103847669,0.10444819202907107,0.10069828616057855,0.6346382610497644,0.41208203228212703,0.7141060033627383,-0.6910852178068219,-0.04844286667344358,0.598957769289322,1.9195168530504687,-1.0880215538626992,0.06628949610534902,-0.3920090120111598,0.3962522708164655,1.5119820648654885,-0.9459494942418226,1.4883105062125914,1.8602235091651982,0.9439925713691973,-0.1522690277496854,1.8055142491099974,0.19167963305324512,1.064761003193173
TCGA-L9-A743-01A,0.003519274319417524,0.13885734168790478,0.0,0.0,0.0,0.0,0.062373656950288285,0.0,0.0066468103542209325,0.0,0.0,0.0,0.028158888285068656,0.03357949835800978,0.0,0.0,0.0,0.0,0.16623929665019077,0.0,0.0,0.0030760143695041067,0.01852341733817449,0.0,0.0,0.0,0.09570133305886998,0.007162565476594027,0.06775877880112628,0.0,0.0,0.10393458358677732,0.0,0.0,0.0,0.0,0.07812164050190111,0.0,0.036938421058225944,0.0,0.0,0.0,0.0,0.0,0.0,0.04576271945906587,0.0,0.0,0.0,0.0,0.0,0.0,0.0,0.0,0.021739351625061243,0.0,0.0,0.0,0.0,0.0,0.0,0.0,0.0,0.0,0.0,0.0,0.0,0.0,0.0,0.0,0.0,0.0,0.004476149668530111,0.0,0.0,0.0,0.0,0.0,0.0,0.0,0.0,0.0,0.0,0.0,0.006576387701524664,0.0,0.0,0.0708538707495441,0.0,0.0,0.0,0.0,0.0,0.0,0.0,0.0,0.0,2.060697840353612,Lung Adenocarcinoma,0.014578952582897662,1.408133217587473,0.8956144969665054,1.521941021827953,1.274480343305002,0.9437607677275763,2.1804131817714145,0.33928665457200946,0.9318659745152035,1.8099392700494565,1.7220667186583005,-0.9790064311685481,-0.48512038404839725,0.9485503812811369,0.6067027200621351,0.6041724743487418,-0.27731462582308386,-0.4498765522180002,0.0064168309740903475,-0.1191352305785903,0.693327019126289,1.3006281182367085,2.337677291555674,1.7002484351422282,2.16997726922351,0.8171878010771304,1.260509407674517,0.4007023854052407,1.9186657639209792,0.10110656073121269,-0.07579680359694826,-0.5129679789816901,-0.19131894256227205,0.49414084054653307,0.21970282489976717,-0.7653713812567298,1.7208933837113376,0.19328771883602774,0.20749949081517982,-0.019618544716536627,-0.44368978495160055,0.29421615061905465,-0.7913933791134423,0.791233719779701,2.341976780381259,0.15427147598215196,0.7117049244699705,1.0652270048521078,0.1398661798369053,0.5611222404266104
TCGA-L9-A7SV-01A,0.0036092610990978665,0.007464196492785541,0.0,0.6608829906663327,0.0,0.007344045913036327,0.001608498787684114,0.0,0.0,0.0,0.0,0.0,0.0,0.0,0.0,0.0,0.0,0.0,0.011112327582725746,0.0,0.0,0.0,0.0,0.0,0.0,0.0,0.0,0.0,0.0,0.0,0.0,0.06767597123856604,0.0,0.0,0.0,0.0,0.0,0.003521071235343843,0.0,0.0,0.0,0.0,0.0,0.0,0.0,0.0,0.0,0.0,0.0,0.0,0.0,0.0,0.0,0.0,0.04461892649889663,0.0,0.0,0.012183072675697295,0.01547712511588817,0.0,0.0,0.0,0.011240401217531257,0.00669477022196078,0.0,0.0,0.0,0.0,0.012636761794922145,0.000999831236184089,0.0,0.0,0.007777526146311261,0.0,0.0,0.0,0.0,0.005032972398058301,0.0,0.0,0.06999567430067281,0.0,0.0,0.00758198870054726,0.04254258667775772,0.0,0.0,0.0,0.0,0.0,0.0,0.0,0.0,0.0,0.0,0.0,0.0,3.226342087163631,Lung Adenocarcinoma,-0.3072545616840067,-1.602511074674593,-2.0325535246240705,-1.9829003726533523,-0.6388320978489156,-2.2432059116998824,-2.1734395982982377,-0.27894091098774354,-0.09238767793355991,-2.1265377750718866,-2.1796461597817425,0.626240857563297,0.28924941095336926,-2.125154287007543,-1.1065915311461354,-1.6931545878362009,-0.4986938651515593,0.12663140278015542,-1.8412436652116055,-1.1272462423502339,-0.15601892531199893,-1.8427416407442274,-1.984509115902841,-1.5398485462445295,-1.6989985919629658,-1.3723118173123428,-1.6122891844754301,-0.9172900293266766,-2.6095185724891303,0.5283545682615555,-1.5931969829320654,-0.11718591765106404,0.46863369709712954,-0.8534674272964388,0.0726573171202023,-0.3327953646587198,-1.0394993533996135,-1.7330440489361219,-0.32423555171013296,-1.1506881877397253,-1.2855254203620656,-1.578968376170774,0.2388561039882811,-1.5990839778876789,-1.4172954212185072,-0.7664369574147457,-0.9125525492054792,-1.3478662129139993,-0.641452948079106,-0.6818258127502828
TCGA-L9-A8F4-01A,0.00533537051309156,0.014933215864768321,0.0,0.4919163520322734,0.0,0.0,0.007907761173660412,0.03227540870350665,0.0,0.0,0.0,0.0,0.0,0.0,0.0,0.0,0.0,0.0,0.011428054671051962,0.0,0.0,0.0,0.00028363935108383667,0.0022207091624688487,0.0,0.0,0.0,0.0,0.013735357334656957,0.0,0.0,0.03605159745783846,0.003913617989433271,0.0,0.0,0.0,0.0924563712058083,0.03212852995118636,0.0,0.0,0.0,0.0,0.0,0.0,0.0,0.0,0.050714710889207724,0.0,0.0,0.0,0.0,0.0,0.0,0.0,0.0,0.052028012021826546,0.0,0.005328600029819945,0.01944547924341591,0.0,0.0,0.0,0.009961826111308254,0.02223045324067809,0.0,0.0,0.0,0.0,0.0,0.0,0.0,0.0,0.0,0.014919779606620437,0.0,0.0,0.0,0.0,0.0,0.0,0.0,0.0,0.0,0.0025582499508954673,0.010177540862146076,0.0,0.0009318767383846598,0.0,0.0,0.06661957182068116,0.0,0.0,0.000497914074187323,0.0,0.0,0.0,0.0,2.857935264719429,Lung Adenocarcinoma,-0.9735926928543659,0.7581860027036333,-0.9526309725029134,-0.44755489034620766,0.25510167318021515,-0.3341329015909611,0.014596400105662242,-1.432351532762504,0.13147312186333573,0.4093569195005981,-0.12674483602991776,-0.09772213665489872,0.14571590052504102,0.026080572546192917,-0.31886860695640035,-0.4207915196454295,-1.1029664568792943,0.274119250173496,-0.7475278250669862,-0.4018552546757116,-0.9539234123550019,-0.1689267346881195,0.18232111571148485,0.17468715643414356,0.11097331356993699,-0.7881888777703687,-0.27742248841123024,1.087022705739458,-0.3778307705646895,0.31675995327085676,-0.41784128176153423,0.2721594460027544,0.5019583409835049,0.6761714669673736,-0.4183025265704319,-0.7582713361764978,0.2070843117246601,-2.121989185902124,-1.134789179620094,-0.3317116242846529,-1.6551417821566246,0.0186737369210014,-0.29332726262798947,-0.40294714593165076,-0.012067007495267087,0.301265710028409,-0.4011641927708689,0.051773652256267386,0.8117830518574677,-0.6961946856320418
TCGA-LD-A74U-01A,0.062490477033879895,0.41610037886008994,0.0,0.0,0.0,0.0,0.05354816018626686,0.0,0.0,0.0,0.0,0.0,0.0,0.0504944182760649,0.0,0.0,0.0,0.0,0.2789263558861958,0.0,0.0,0.0,0.0,0.0,0.0,0.0,0.0,0.0,0.0,0.0,0.0,0.0,0.0,0.0,0.0,0.0,0.0,0.0,0.0,0.0,0.0,0.0,0.0,0.0,0.0,0.0,0.025348707145085574,0.0,0.0,0.0,0.0,0.0,0.0,0.0,0.0,0.0,0.0,0.0,0.0,0.0,0.0,0.0,0.0,0.0010560389104934534,0.0,0.0,0.0,0.0,0.0,0.0,0.0,0.0,0.0,0.0,0.0,0.0,0.0,0.0,0.0,0.0,0.0,0.0,0.0,0.07396312843607909,0.0028640237925633494,0.03520831147328118,0.0,0.0,0.0,0.0,0.0,0.0,0.0,0.0,0.0,0.0,0.0,2.3344537511509307,Breast Invasive Carcinoma,1.4464673473765972,-0.7548680519148081,0.6257177694864906,1.078534162961047,1.4716474039882865,1.483456870667971,0.13628013755618681,0.6219086501943012,-0.5303761906826736,0.6531874955666223,-0.5006307385063179,-0.1783187281527803,-0.9493411122123385,1.2033738708860302,2.051599426642673,1.3728156957657602,0.3507669577807131,-0.83599534162186,-0.5696990938483977,0.4311564844810838,-0.20582873794231302,0.12044296522631315,-0.3788649781327229,-0.4678558947929061,-0.8159550565435896,-0.21851999280026016,-0.5545916914392334,1.2992424519971215,0.16841659240407875,-0.13892240040301274,-1.699678763570544,-0.8660889909720174,-0.9046549668790714,2.2273358014971323,1.2562500559733754,-0.14222254521051408,0.7436293707654219,-0.11108440390232062,-0.045347780299347655,-0.23414005537181082,-0.3280003141182403,-0.20348194226999172,-0.5813373596333468,0.5270064485788808,-0.6464053293232626,-0.8424659419008006,1.0287140113349993,-0.4893515088826124,1.3536888845175796,0.20774627114454725
TCGA-LL-A73Y-01A,0.07072758139929541,0.17145572639496323,0.0,0.0,0.0,0.0,0.0,0.0,0.0,0.0,0.0,0.0,0.0,0.09990195800842305,0.0,0.0,0.0,0.0,0.3950892956735852,0.0,0.0,0.0,0.017362139941893003,0.0,0.0,0.0,0.0,0.008149295905877482,0.010130231882758644,0.0,0.0,0.0,0.0,0.0,0.0026353260537477696,0.0,0.0,0.0,0.0,0.0,0.0,0.0,0.0,0.0,0.0,0.0,0.0,0.0,0.0,0.0,0.0,0.06434768853388065,0.0,0.0,0.0,0.0,0.0,0.0,0.0038779014062141964,0.0,0.0,0.0,0.0,0.01538456710231541,0.0,0.0,0.0,0.0,0.0,0.008871190623847787,0.0,0.0,0.0,0.038458180798053125,0.0,0.0,0.0,0.0,0.0,0.0,0.0,0.0,0.0,0.03621592397219447,0.01349481859218972,0.04389817371076082,0.0,0.0,0.0,0.0,0.0,0.0,0.0,0.0,0.0,0.0,0.0,2.089905111439398,Breast Invasive Carcinoma,-0.03749144982511186,-0.1536112704071398,-0.7584871094894657,0.7519996498199284,0.7970167326438274,0.7942377364452,-0.1577682194515304,-1.3091040890908112,-1.6680144166128081,0.21835984948813494,-0.5171490125337533,-0.9626051409184441,-0.6925253283779061,1.4317931729474973,-0.03932358670059508,-0.39388146702790966,-1.6777282542512268,-0.35710971470725783,-1.277142077584507,0.38121605009339626,-0.9953752607392259,0.6168654324133658,0.0835518471490741,-0.4609734183266496,-0.3991660581888918,-1.128112111998907,-0.9823672658245186,1.6701432233659894,0.2113465072725125,0.8286504991763284,-2.052821446316186,-0.4783426488542939,-0.8351455238321362,1.8869242661525256,1.201064885379804,0.2369031003147537,-0.13229169589268439,-0.018348715856592646,-1.7315023335104744,-0.4098600197506929,-0.6025044246833106,-1.1390558903884227,-0.4763704788589681,1.8386447092487594,0.3644966600889063,-1.2929787345384753,1.6912781136627637,-0.3155427112648223,0.8986405708814559,-1.3718756660335625
TCGA-LL-A8F5-01A,0.06576278343814039,0.018349955648723177,0.0,0.0,0.0,0.0,0.0,0.0,0.05004900163207848,0.0,0.0,0.0,0.01411752963905199,0.026100022280056676,0.0,0.0,0.0,0.0,0.010964538628973662,0.0018578082983504007,0.0,0.0,0.0,0.0015058551322507056,0.0,0.008634958945314018,0.006002914169009282,0.006367401550054049,0.0,0.0,0.0,0.0,0.0,0.0,0.0,0.0,0.038988300534079916,0.0,0.0,0.018823873923507775,0.0,0.00038193617406698986,0.09659373732753224,0.0,0.0,0.0,0.2050443104958287,0.0,0.0,0.0,0.0,0.0,0.0,0.043972821765914785,0.0,0.0,0.0,0.0,0.0004511692819195616,0.02708866404132164,0.0,0.0,0.0,0.04980826165850038,0.0,0.0,0.0,0.016862835687417598,0.0,0.024295792707505485,0.019921173825012652,0.0,0.05089786325857293,0.09276064887535385,0.0,0.0,0.0,0.0,0.0,0.0,0.0,0.0,0.0,0.055412856562788035,0.0,0.04898298451867477,0.0,0.0,0.0,0.0,0.0,0.0,0.0,0.0,0.0,0.0,0.0,2.113943352306837,Breast Invasive Carcinoma,0.42888046311545874,0.06770254978642486,-1.6364726611293003,-0.34659569692335745,0.12344184459412631,0.6970861086706855,-0.21556497409858394,-1.026403591413267,0.6816567837112248,-0.5354531799044361,-0.9354928537165259,2.1183839256798986,1.4951679685993373,0.5898283542158442,-1.1046295634110368,0.12434455602013121,-0.22399589473947537,1.1581819321112814,1.4646101142951795,-1.1894483278867063,-1.2660049420975794,2.017335168897866,-0.7493007182157834,-0.40705136869832514,-0.7497061359978194,0.7168663443222086,0.5052173462305872,-0.4836754606682406,-0.9299569941145024,-0.5575636719470973,0.9139862331044015,1.5554617551954244,1.524995195641502,1.045638996564272,-0.30929774766607593,1.242399720381486,0.8810020863217821,-1.2227450659583463,-0.5629683528369913,0.7335708327387628,-1.7851071662146853,-0.187505460387776,0.6718687910726487,-1.1554512338724603,0.11083732139624217,1.6368617992958863,-1.1380182971435178,1.2564849290606188,1.238503965615632,-1.2480161197464597
TCGA-MN-A4N1-01A,0.033228698280701935,0.012298677533025278,0.024037679793250444,0.45645727099755873,0.0,0.0,0.013235109801944688,0.0,0.0,0.013367113835752379,0.0,0.0,0.0,0.02300729431843381,0.0,0.0,0.0,0.0,0.033364700556145266,0.0,0.0,0.0,0.008109183720091595,0.0020209966582702497,0.0,0.0,0.0,0.0,0.0,0.0,0.0,0.15117055979034907,0.0,0.0,0.0,0.0,0.0,0.0,0.07255501691925743,0.0,0.0,0.0,0.0,0.0017410216669033354,0.0,0.0,0.03645348592283396,0.0,0.0,0.0,0.0,0.008590928964564405,0.0,0.0,0.011080802805066044,0.0,0.0,0.0,0.02988227494214598,0.0,0.0,0.0,0.0,0.009918204528796104,0.0,0.0,0.0,0.0,0.0,0.0,0.0,0.0,0.0014967343966351663,0.020645440368911836,0.0,0.0,0.0,0.0,0.0,0.0,0.0,0.0,0.0,0.0,0.037338804199362315,0.0,0.0,0.0,0.0,0.0,0.0,0.0,0.0,0.0,0.0,0.0,0.0,2.661812685537261,Lung Adenocarcinoma,-0.4872759064373745,-1.1152006739703728,-0.9316972117746256,-0.24951840125844632,0.23908961041636298,-0.523281873668934,-0.7806876877328376,-0.4694842887012758,0.7060239312194133,0.20055113908336172,-1.4370609615772536,0.8023435174246258,0.3398127187285015,0.06804941164646298,-0.34482995018784784,-0.1296293262410247,-0.5125799429553153,0.19095201588696303,0.48335646728949183,0.33304937169219284,-0.7092942439753799,-0.9870327312132331,-1.4139032122034223,-1.3545567269983179,-0.951285869888606,-1.5390326074163267,-1.313641279292381,0.23392701906121582,-1.0464813068634031,0.15241034320054328,-0.19238092075112911,-0.2713630189070058,0.28388190979822714,0.4995557664651237,0.5577646637243351,0.2841394870238363,-0.27249302652912477,-1.5138686830206032,0.3305969148040701,-1.3959951562762203,-0.8530674758574385,0.02477262090250973,0.7131024622911382,-0.2626775280996184,-0.7874142003714049,-0.22390470977683583,-0.988285060068957,-0.34539959071467474,-0.787905817437309,-0.44946732686107277
TCGA-MN-A4N4-01A,0.01280723195816473,0.09140695467742233,0.0,0.5210917389807345,0.0,0.0,0.0,0.03162666422761753,0.0,0.0,0.0,0.0,0.008515643015592815,0.013929837465622945,0.0,0.0,0.0,0.0,0.09699585463706556,0.0,0.0,0.0,0.004606387041489556,0.003033495821209841,0.0,0.0015231527038443928,0.0,0.0,0.0,0.0,0.0,0.06787462909096731,0.0,0.0,0.0,0.0,0.0,0.0,0.0,0.0,0.0,0.0,0.0,0.0,0.0,0.0,0.0031462543535372865,0.0,0.0,0.0,0.0,0.04525736405314281,0.0,0.0,0.0,0.0,0.0,0.0,0.01594460438357465,0.0,0.0,0.0,0.0,0.005712457029550452,0.002033910113992058,0.0,0.0,0.0,0.0,0.00039375233461034484,0.0,0.0,0.020378007202158033,0.0,0.0,0.0,0.0,0.0,0.0,0.0,0.0,0.0,0.0,0.004623843763650505,0.0409116616535307,0.0,0.0,0.00818655549252182,0.0,0.0,0.0,0.0,0.0,0.0,0.0,0.0,0.0,3.167317334748176,Lung Adenocarcinoma,-1.209423038139266,-0.3139414451979769,-0.3671178088706418,0.4289653384000759,1.2662741151466237,0.36357416116952523,0.08596903810817796,-1.3347140115236962,-0.4555807988645771,0.690218302184031,-0.1587625485408095,-0.9403880413520027,-0.868030443488826,1.1794417220904176,0.1822506000319049,-0.1496045047086281,-1.9926785363309512,-0.8984950418539962,0.2169218244594313,0.6859300186121275,-0.22635978442651153,0.9334051321819303,-0.7111903849064347,-0.2330467994325849,-0.13673724567666598,-1.0728014545584692,-0.6400675271521248,-0.49035024181446585,0.291077478736888,-0.7638327624300728,-1.0237719280378583,-1.164849438497228,-0.24860005394121873,1.232086023674766,0.8101559031651585,-1.6015265809422718,0.502532262039288,-0.568648952094584,-1.6820764426008499,-1.6610950688031156,-0.6891540619821369,-0.635524766760885,-1.1356128679184414,1.1654220723088475,0.14626329960555054,-0.27032014930088816,-0.068532167504146,0.11702971542194339,0.9417563192278736,-0.23498367329477526
TCGA-MN-A4N5-01A,0.0015414908202329599,0.05234920056432043,0.0,0.3319380191342092,0.0,0.0,0.004342516714742055,0.0,0.0,0.012840948034185012,0.0,0.0,0.0018408758114641032,0.0017885686511948111,0.0,0.0,0.0,0.0,0.023874205099001226,0.001254048117228285,0.004911723231077342,0.0,0.014342533476793394,0.0,0.0,0.0,0.05701632234326448,0.013642043416428202,0.0,0.0,0.0,0.1399022290917567,0.0,0.0,0.004686158983081942,0.0,0.020900027306242755,0.0,0.0,0.00878293700268778,0.0,0.0,0.0,0.03656863497151185,0.0,0.0,0.01774336976539176,0.0,0.0,0.0,0.0,0.0,0.0043032974760490745,0.0,0.0,0.0,0.0,0.009649978823145791,0.048792828875402205,0.0,0.0008185367894673406,0.0,0.0,0.0298667839172122,0.0,0.0,0.0,0.0,0.0,0.0,0.0,0.0,0.028087042592320467,0.0,0.0,0.0,0.0,0.0,0.0,0.0,0.0,0.0,0.0,0.005885351601270756,0.05451515884826602,0.0,0.06781516854205183,0.0,0.0,0.0,0.0,0.0,0.0,0.0,0.0,0.0,0.0,2.663700925389648,Lung Adenocarcinoma,-0.9285041209424167,0.42990203661327786,-1.5761380014338826,-0.6296302725397489,0.5095422089291916,-0.21298598384928247,0.4380417962580102,0.11478381416886232,-0.1325459717779118,-0.14944451185320007,0.13345221973023988,-0.4783889394829244,-0.2490236146464952,-0.8862197855098083,-0.030930470374405022,-0.03827819561138668,-0.9886752741143716,-0.1878467174657899,-0.5249811510767536,0.06831272871644438,-0.336473933123507,-0.5228611841980313,0.21837623261895717,0.5727440237409096,0.19344921541216822,1.054436248822689,0.8722866153579462,-0.12921389288087076,-0.04659194164859044,0.22524295915225612,-0.9546024355194741,-0.5917063596475747,-0.11431004357531072,0.1811325374880928,0.09491201240213769,-1.2444086730431725,0.6280490252246885,-0.10473425920591962,-0.34254316244787275,-0.08793895009413799,-0.9157272650403523,-0.789693241391589,-0.740237379799535,-0.1729302815340035,0.3700700366562743,-1.1083494872632478,-0.5204496112788368,0.5306223592461005,-0.37435914313077107,-0.3440200492091985
TCGA-MP-A4SV-01A,0.018645465283820717,0.09669546466067387,0.0,0.11500062997983679,0.0,0.0,0.08910032131713892,0.0,0.0,0.0,0.0,0.0,0.003343005468551423,0.0038656843675658314,0.0,0.0,0.0,0.0,0.1415241858866092,0.07266733752661875,0.0,0.013247835583956697,0.0021527878313495727,0.0019802409483279213,0.019849275193451067,0.004851437254661205,0.06247993875766461,0.0,0.011224628604056255,0.0,0.0,0.0,0.01291960324085115,0.0,0.0,0.0,0.0,0.0,0.02613772122980526,0.0,0.0,0.0,0.03829889585124955,0.0,0.0,0.0,0.0,0.0,0.0,0.0,0.0,0.0,0.0,0.0,0.0,0.0,0.0,0.0024718997831167217,0.016975528250713447,0.0,0.0,0.0,0.0,0.011506998704048012,0.0,0.0,0.0,0.0,0.0,0.0,0.0,0.0,0.07445779105627669,0.0,0.0,0.0,0.0,0.0,0.0,0.0,0.0,0.0,0.008803768638099885,0.0008972936223462062,0.030813442173113933,0.0,0.08025456290341419,0.031648202424923215,0.0,0.008186053457758788,0.0,0.0,0.0,0.0,0.0,0.0,0.0,2.5276299008713385,Lung Adenocarcinoma,-0.8437439492744582,0.5517762688298378,0.39925649317750195,0.10562253306560776,0.39821393536751326,0.34731193469615657,0.7340673367090038,-0.43545257198999143,0.4213505410814849,0.31504435733596775,0.27918674046285163,-0.09158163404710265,0.5655996220031608,-0.08984343899200993,-0.09024879357986891,0.28506642887373007,-0.5403732013708945,0.6773494534126092,0.14540182738072358,-0.016699677663867058,0.2769477487759148,-0.004389737687188314,0.6818362169301629,0.4183861987272048,0.511981562443173,0.8864026528278792,0.7524776162778596,-0.7647790165546412,0.17318400851436902,0.9676891626001295,0.19447862083442347,0.3928056373246855,0.8556002767991419,-0.45171343804724967,-0.1647593730108855,-0.8146962035603105,0.2160086731231898,-0.46919886959879437,-0.3623505315108132,0.9870936558260492,-0.43263279265483373,-0.19060795754192514,0.10855905614637398,-0.17099365541610606,0.4324698639153394,0.5954148609866595,-0.010757531487282384,0.45295673123129687,0.9675909847984824,-0.471852740581126
TCGA-MP-A4SY-01A,0.03139659078017408,0.0,0.003952852168198854,0.14912306812233958,0.0,0.0,0.07869309617418012,0.0,0.0,0.0,0.0,0.0,0.0,0.015362266208988947,0.0,0.0,0.0,0.0,0.1231853589441927,0.0,0.0,0.0,0.012705777165819715,0.0,0.0,0.10417845485711957,0.0,0.0,0.01981167847120316,0.0,0.0,0.14188455494489124,0.0,0.0,0.0,0.0,0.0,0.0,0.030729792547855104,0.0,0.010528202886663344,0.0,0.0,0.020943444770027863,0.0,0.0,0.0,0.0,0.0,0.0,0.0,0.0,0.0,0.0,0.004858994555241077,0.0,0.0,0.01898872354528389,0.0,0.0,0.0,0.0108233723309439,0.013345311502866743,0.0,0.0025787870110392927,0.0,0.0,0.0,0.0,0.0,0.0,0.0,0.0,0.0,0.053198732897125754,0.0,0.0,0.006463074314949428,0.0,0.0,0.0,0.0,0.0,0.0,0.03045460016721803,0.0,0.0,0.11679326563367752,0.0,0.0,0.0,0.0,0.0,0.0,0.0,0.0,0.0,2.184691430817599,Lung Adenocarcinoma,-0.4778131934736672,-0.36704482995007676,-0.5630984505881316,1.7831635036468612,0.7781676764092529,0.2939714085863168,0.7781966512559424,0.3860507543674904,-0.5281591561558022,1.1619852540044,0.1196227728629306,-0.37130585841950814,-0.6173020411608009,1.2866971892376584,0.17726315615375043,-0.35198385082969447,-0.2987227815487611,-0.6326060550312205,0.8269890008707786,0.48398159805881596,-0.03915291264477427,0.6932529259396661,-0.14453919896736422,-0.2896579041106981,0.2873536057145127,-0.09266080506146797,-0.09969776429781244,-0.6089132180828483,1.0377306131120918,-0.23721329230760688,-0.003916899970128529,-0.3278487310290921,0.20781793856535904,0.5759327821451188,0.788447338235739,-1.053032932047998,1.5101940860783631,0.6699648008309645,0.662296495832401,-1.093848459221115,0.8335847565404602,0.45420535172727206,-1.5063101594409407,0.44108015659102984,0.513539046729277,0.30817006821006077,0.45008508785905477,0.21135921357018836,1.0370771063835738,0.3394197888088383
TCGA-MP-A4T4-01A,0.005918252170196794,0.03031334010470566,0.0,0.4316665038120226,0.0,0.03209985067791925,0.0,0.0,0.0,0.0,0.0,0.0,0.0,0.004057210342420889,0.0,0.0,0.0,0.0,0.029952334857843706,0.02175869615144539,0.0,0.0,0.01760009439919326,0.0,0.0,0.04675190189768823,0.0,0.005774617567645581,0.0,0.0,0.0,0.0,0.0,0.0,0.0,0.0,0.0,0.008701916428367538,0.03585572746931482,0.0,0.0,0.0,0.0,0.005544468836842679,0.0,0.0,0.0,0.0,0.0,0.0,0.0,0.0,0.0,0.0,0.018632937791817614,0.0061518499597549,0.0,0.0,0.025377368101145353,0.007933705045623674,0.0,0.0,0.0589729476781582,0.030312923288446585,0.0,0.0,0.0,0.0,0.0,0.0,0.0,0.0,0.0,0.002784678551438365,0.0024938314366205654,0.0,0.0,0.00024288676863841802,0.0,0.0,0.0,0.0,0.0,0.0026403926249814274,0.06749761793964865,0.0,0.09515634862261604,0.0,0.0,0.0,0.0,0.0,0.0,0.0,0.0,0.0,0.005807597475503976,2.552668216112193,Lung Adenocarcinoma,-1.3694364048473437,1.5535515104826043,-0.23799876974484432,0.7924804025536706,1.4213872415275846,0.5479591061492246,1.6403775126430156,-1.175181706171105,0.053833310245251606,0.9193592607662078,1.077951623577285,-0.4160114196795748,-0.08364807885149995,1.0136924127853733,-0.5737914067483709,-0.37563099057966093,-0.8162937082821411,-0.04314366340626056,0.22996549293274657,-0.047358193996140635,-0.23011480357729006,0.5375494949731443,1.2008590120677916,1.0575290613723856,1.216904334644507,1.4718714971732445,1.694652511421717,-0.3747986939920498,1.224111298162109,0.49246369091594167,-0.3568896023292937,-0.45720067686447025,-0.11222434263838561,0.5015254479218002,0.12096020713638525,-1.1552736530813814,0.7969228280633707,0.18866603251956174,-0.664801536785741,0.3340197534474644,-0.5782653508049559,0.15208550999420078,-0.17933580015512446,0.495811415379823,0.96377051575993,0.34537042238851384,0.3739971601538112,0.3816479029931253,0.3459369504587881,-0.3972937686430211
TCGA-MP-A4T7-01A,0.0559247618517966,0.028137121232708125,0.0,0.2833743258565618,0.0,0.0,0.0,0.0,0.0,0.0,0.0,0.0,0.007693491401706283,0.01712439919059293,0.0,0.0,0.0,0.0,0.0,0.0,0.0,0.0,0.010862717477295699,0.006722731947971036,0.0,0.0,0.08480725193550759,0.0,0.02439371704197275,0.0,0.0,0.22378613736523784,0.0,0.0,0.0,0.0,0.0,0.0,0.012372849007210985,0.0,0.0,0.0,0.02363462130705685,0.0,0.0,0.0,0.00872543584008226,0.0,0.0,0.0,0.0,0.0,0.0,0.0,0.0,0.0,0.0,0.006204087363523825,0.06688057210308886,0.0,0.0,0.0,0.0,0.0,0.0009210795944289249,0.0,0.0,0.0,0.003634423629289306,0.0,0.00124412295729564,0.0,0.0,0.045888004437406725,0.0,0.0,0.0,0.0,0.0,0.0,0.0,0.0,0.0,0.0,0.01899135872984818,0.047813678487186706,0.0,0.020863111242231138,0.0,0.0,0.0,0.0,0.0,0.0,0.0,0.0,0.0,2.103803720955957,Lung Adenocarcinoma,1.3616003811513557,-0.2545300302368003,0.25638149635134294,-0.41459678479792283,0.14488114946775799,-0.9715351581307439,0.4590027293483576,0.5288651618374614,2.1919221335906154,0.47103879761838363,0.025713734208552372,-0.10581662887846653,-0.3626570459116943,-0.881596751012338,0.8640077088120454,1.3056649644326699,1.414976618360243,-0.3787067602362115,0.7058374448591603,-0.47675759708405213,0.469082436155641,1.082521913728657,0.614013029273208,0.16064518486322457,0.3104300466174069,-0.31773573479984096,-0.2861937017637673,-0.14379549655099047,0.20043693926523054,-0.0556061639253493,0.15639677571974228,-0.4139635057374407,0.1480359964106958,0.28117373587165745,0.21884315435602864,0.8190375490278693,1.9058154928257136,-0.13668648274235096,0.38200751833603575,0.11459014655987428,-0.5957147764202209,1.3009730094379452,-1.1767503269333819,0.09006082768630384,1.190866266992499,-0.21033250877358894,0.1515937753709153,0.8690706331474194,0.8262175865261916,1.637076328457566
TCGA-MP-A4T8-01A,0.05951846369438435,0.0641367882296843,0.0,0.012213822552626912,0.0,0.0,0.0,0.004741885740445359,0.0,0.0,0.0,0.0,0.0,0.0,0.0,0.0,0.0,0.0,0.0,0.0,0.0,0.0,0.0,0.0,0.07852109738899281,0.0,0.0,0.0,0.0053635508225029545,0.0,0.0,0.16050518666525182,0.0,0.0,0.0,0.0,0.06339542526422035,0.03679044540443513,0.06118365976414537,0.0,0.025187390152859084,0.0,0.0,0.0,0.0,0.0,0.0,0.0,0.0,0.0,0.0,0.0,0.0,0.0,0.07792115128195322,0.0,0.0,0.0010561651792238133,0.0,0.0,0.0,0.0,0.09039971431024256,0.060625493309784916,0.0,0.0,0.0,0.0,0.0019938816138943597,0.009087743198104242,0.0,0.0,0.0,0.0,0.040443875456703256,0.0,0.0,0.0,0.0,0.0,0.08809009928882057,0.0,0.0,0.02898085898469674,0.003313644261350774,0.0,0.0,0.026529657435677072,0.0,0.0,0.0,0.0,0.0,0.0,0.0,0.0,0.0,2.037426497940624,Lung Adenocarcinoma,0.1862710066246985,-1.1643076717857355,-0.14055136246955363,0.5479412068957785,0.3066993982084745,0.005564199972027506,-0.38039260400845354,-0.8059344496234292,-0.8389250030572479,0.5722772398834772,-0.7856208221014547,-0.4646084339245488,-0.19959857103149928,0.6522029319279157,0.847237993719726,0.5951498408210175,-0.33847740575647334,0.015050067683827988,0.8380639873351852,0.9580182507195719,0.08268552361111664,0.3852599175639358,-0.5647759108544036,-0.9852580570880999,-0.5118140325627841,-0.002289910779698731,-0.40261802897988064,-1.0723156969436838,-0.6976318403910498,-0.019784412522346202,-0.2402790969267191,0.41472731810724717,0.9522848155443955,0.5013725840750853,0.1291437942880255,-0.23823151996076858,-0.23494019623089754,0.5326617806782716,0.42907341191594,-0.3964054622770151,-0.37148981348941956,-0.2737903305125093,-0.5560482553836458,0.5082771235199336,0.2947322943706932,0.7971408061707619,-0.17431949711066896,-0.12773862701462257,1.3916249125925328,-0.1366173468753118
TCGA-MP-A4TA-01A,0.0,0.02014377666772136,0.0,0.5033211814619406,0.0,0.09494068074920359,0.0,0.0,0.0,0.0,0.0,0.0,0.0,0.0,0.0,0.0,0.0,0.009205489018709462,0.024757775603658987,0.0,0.0,0.0,0.015452949783172984,0.0,0.0,0.0,0.0,0.04004271382434343,0.013484645327493348,0.0,0.0,0.0,0.0,0.0,0.0,0.0,0.0,0.03566096136608585,0.0,0.0,0.0034470884251571773,0.0,0.0,0.0,0.0,0.0,0.06977278631507322,0.0,0.0,0.0,0.0,0.0,0.0,0.005827592896312845,0.0,0.0,0.0,0.02159733582454024,0.011553897164747279,0.0,0.0,0.0,0.0,0.0,0.0,0.0,0.0,0.0,0.017262719354117575,0.0,0.0,0.0,0.0,0.0,0.0,0.0,0.0,0.0,0.0,0.0,0.0,0.0,0.0,0.01845979100236868,0.0,0.04768788805579394,0.0,0.04738072715955952,0.0,0.0,0.0,0.0,0.0,0.0,0.0,0.0,0.0,2.5403294747908736,Lung Adenocarcinoma,0.10314595974189474,-0.03075374938665806,-0.8382480253632861,-0.6996520936969953,-0.48045886399032717,-0.3597773434720343,0.4680295097642521,0.18465838701000148,-0.9599630306147943,0.12420969795788657,0.561226104150014,0.9342181128726839,0.7802749193867295,-0.3775298131394291,-0.44044676515776676,0.08570611830528968,0.21493467080134002,0.6156870596111341,0.6632581122550492,-1.5584825131185436,-0.8159474565033382,-0.774118896371377,-0.6849925217864321,-0.17630284654326406,-0.12040314982229208,1.1453936171946393,0.9947508339679436,-0.35765175777414027,-0.40882329631967235,0.4169878658359013,0.40784560197792696,0.5227418987483651,1.3247547527465695,-0.9775428199904397,-1.2259566516330045,0.488266366746614,0.3009050060131377,-1.254415622239727,-0.31659826113194717,-0.14702911405295413,-1.2075129673052933,0.6493359333075257,0.17313949398509018,-1.0845685317624212,0.6893624586569946,1.0568789549923856,-1.3269996258644594,0.3769315310726807,-0.34408879176184004,1.2474373598255506
TCGA-MP-A4TC-01A,0.0,0.058152147141954186,0.0,0.3833634939217337,0.0,0.0,0.0,0.0,0.0,0.0,0.0,0.0,0.0,0.0,0.0,0.0,0.0,0.0,0.0152198396216323,0.0,0.0,0.0,0.0,0.0,0.0,0.0,0.04164768864073481,0.0,0.0,0.0,0.042316290287314144,0.18067525414993302,0.0,0.0,0.0,0.0,0.0,0.0,0.026705801475247717,0.0,0.0,0.0,0.0,0.0,0.0,0.0,0.023956975502411847,0.0,0.0,0.0,0.0,0.0,0.0,0.0,0.0,0.0,0.0,0.020921942711868063,0.05023062318536328,0.0,0.0,0.0,0.0,0.0,0.0,0.0,0.0,0.0,0.005157482038107713,0.000625953502249034,0.0,0.0,0.043091551976857455,0.0007060204990186627,0.0,0.0,0.0,0.0,0.0,0.0,0.0,0.0,0.0,0.00401597145011726,0.0355347277036929,0.0,0.0,0.06767823619176386,0.0,0.0,0.0,0.0,0.0,0.0,0.0,0.0,0.0,2.4099331233312946,Lung Adenocarcinoma,-0.5155051444858776,0.7849201206088962,0.3658512391003797,0.6248834892232823,1.7196821892555396,1.0349909537241542,1.3186595336872058,-0.29658942617770606,0.5784521504498802,1.2818599962576087,0.9094547861917724,-0.3466757852027145,0.192103489044162,1.7325274472392695,0.24021940993704327,0.09747858960665237,-0.5804540116541549,0.20066591174827675,1.1186396343895546,0.12243245212847953,-0.21055383840742856,1.219967629309598,0.9907645271153265,1.0746206034476582,1.3097674158688473,0.9611773005879436,1.0532050921835598,-0.46978785268921214,1.0174091833262395,0.4960213551441138,0.25275954834717546,-0.1618831345754656,0.188280474190517,0.7151903394390005,1.4307428433957623,-0.7128116865682789,0.8373107500101198,0.4609824501166908,-0.27427848406526917,-1.1596923040798173,-0.33994260124533526,0.054832425450743565,-0.737707568075855,0.859672877469089,1.1593905440841135,0.06052534748019727,0.949092418954761,0.49392680059961036,1.0433833275021154,0.1731598349605776
TCGA-MP-A4TE-01A,0.13025124198888263,0.0,0.0,0.0,0.0,0.017097555052539605,0.02805590837276245,0.0,0.0,0.0,0.0,0.0,0.0,0.0012357587421474487,0.0,0.0,0.0,0.0,0.0,0.0,0.04572108280704446,0.0,0.0,0.0,0.0,0.0,0.0,0.0,0.0,0.0,0.0,0.1577682309983492,0.0,0.0,0.0,0.00210617418126273,0.10074545024757348,0.0,0.0,0.0,0.0,0.0,0.0,0.0,0.0,0.0,0.10158982895618425,0.0,0.0,0.0,0.0,0.0,0.0,0.0,0.0,0.0,0.0,0.005763609281044198,0.007687570154390601,0.0,0.0,0.01287755377083584,0.05892901793462214,0.02009411309755654,0.005809946461106924,0.0,0.0,0.0,0.0,0.0,0.05728242510214979,0.0,0.0,0.02379034265830714,0.0,0.0,0.0,0.010817282651335011,0.0,0.0,0.19267494812470537,0.0,0.0,0.01947329964087375,0.00022865977632649715,0.0,0.0,0.0,0.0,0.0,0.0,0.0,0.0,0.0,0.0,0.0,0.0,2.130333768495006,Lung Adenocarcinoma,0.07856655039716601,-1.768482602925813,-1.0090925366754981,-0.2697699008691218,-1.5917829298838098,-1.4146772941953027,-1.4171164028007373,-0.19245621590933218,0.021293340207369973,-0.2545628564739525,-1.0533920861347568,-0.028842712858733854,-0.2810401487293071,-1.229307723541668,0.6134469676357369,1.3292205760723526,1.121058946862549,-0.3708004787393473,0.5409541343612956,-0.5425402952133991,0.8686274546515974,-0.5785367670190603,-1.0312829646388573,-1.4084889144611121,-1.2553098533831595,-1.9985494957326102,-2.016057064651364,-0.41334224358227556,-1.0116171972798351,-1.0185727180748345,0.4442891440423891,0.17205642945069213,0.9584085957684542,0.2187169543402616,0.08489833680121658,0.8836360324170027,0.02383937146333866,2.4784832943681634,0.8652438412946558,-0.22737636657280277,-0.5804320508838974,1.0653785920741525,0.20370193868220854,-0.46714602814987755,-0.6846111124822214,0.4561412526599774,-1.761197653943206,1.0634616865975903,0.32657477295142906,0.6611120076850645
TCGA-MP-A4TF-01A,0.00860150368125714,0.00326274221663264,0.0,0.4119318425333584,0.0,0.0,0.01396490044855287,0.0,0.0,0.0,0.0,0.0,0.0,0.0,0.0,0.0,0.0,0.0,0.01763607553548903,0.00937678156484321,0.0,0.0,0.0,0.0,0.0,0.0,0.0,0.0,0.0,0.0,0.0,0.0,0.013735987483274162,0.0,0.0,0.008156288224055303,0.110553673615779,0.017141437713567076,0.0,0.013805031179754797,0.021506424595919407,0.0,0.066828812737489,0.0028346101200430267,0.0,0.0,0.0,0.0,0.0,0.0,0.0,0.012559717266200322,0.0,0.0,0.010820779435453879,0.0,0.0,0.0,0.037124919336839944,0.0,0.0,0.0,0.0,0.0,0.0,0.0,0.01533049749623347,0.0,0.0,0.0,0.0,0.0,0.009627230443789948,0.0,0.010884385797120793,0.0,0.0,0.0028791659098957373,0.0,0.0,0.0,0.0,0.0,0.03279433367847241,0.08631970722156745,0.0,0.0,0.0,0.0,0.004559236308872121,0.0,0.0,0.0,0.0,0.0,0.0,0.05776391545553901,2.591064607026499,Lung Adenocarcinoma,-1.57672226561223,-0.8340941081334801,-0.6383313895878756,0.13925031225213527,-0.20617280912352678,-0.44071901663244784,-0.3708724076246721,-1.194767600810745,-0.337870586465446,-0.708265109341718,-0.18632718038174573,0.5960121384205316,-0.009580116764471973,-0.3415482170999673,-0.7026769702062985,-0.648905124828937,-1.2873629271406983,0.16155767109241526,1.3777995122689726,-0.7764920670813634,-0.5612932057446673,0.8723141855353128,-0.4665689956628257,-0.5108049741871553,-0.17340820201446908,0.262125454542835,0.1100392173588784,-1.4975582529453788,-0.1540404406942614,0.31247246318081023,0.07973415823077717,-0.05844058775858216,-0.21793997670028029,-1.289322279849859,-0.7891771220696706,-0.8904563560724845,-0.017092357944952338,-0.6864718697450901,-0.6334371321276018,0.18356966729018556,1.209800946677848,-0.8428093463081985,-0.36975236448998705,1.5084737163831328,0.4529143170418952,0.9521815945837747,-0.15937867384852472,-0.21558289156311036,1.0620599703905524,-0.9730410252877395
TCGA-MP-A4TH-01A,0.04093410977980053,0.0,0.0,0.07109356180758754,0.0,0.0,0.06166035285210863,0.037150796609080466,0.0,0.0,0.0,0.0,0.0,0.0,0.0,0.0,0.007306475208712216,0.0,0.0,0.0,0.04159110125342263,0.05165158337151025,0.04175050214009696,0.0,0.0,0.0,0.0,0.06966927272601865,0.10651466946154402,0.0,0.0,0.2049346420986884,0.006935542922296078,0.0,0.0,0.0,0.0,0.0,0.0,0.0,0.011746481896101254,0.0,0.0,0.09606774720407323,0.0,0.0,0.0,0.0,0.0,0.0,0.0,0.0,0.0,0.0,0.0,0.0,0.0,0.005842372290076375,0.007972612408537756,0.0,0.0,0.002857050065618141,0.0,0.0,0.0,0.0,0.0,0.0,0.011856681949067098,0.0,0.0,0.0,0.06067007547952822,0.019127199299794066,0.0,0.0,0.0,0.0,0.0,0.0,0.0,0.0,0.0,0.0,0.0426671691763375,0.0,0.0,0.0,0.0,0.0,0.0,0.0,0.0,0.0,0.0,0.0,0.0,2.0,Lung Adenocarcinoma,-0.9580203133247582,0.9588303966884485,0.43732702857918687,-0.5376074795656357,0.7805682661909364,-0.33487580195770855,0.13308143542558518,-0.08312885842437413,0.11191729121766725,-0.1475557160705366,0.2717650765235993,-1.104803905596866,-1.8586136507872821,-0.646233694575915,-0.28839704638779345,-0.7092523286716707,-0.29497376534745995,-1.8110288058272055,-1.8843800720580526,0.31401449288823874,0.43425502885966394,-1.198399512801918,0.8495187010463658,0.6941933251894111,0.4440697947012105,0.11168881124639558,0.38465984825899346,0.36386540361079833,0.35983689523115353,-0.7284457312556476,-2.059192218647778,-1.846226623687132,-1.7071767262031974,0.5882975908728398,0.7830979272194958,-1.3195152939542452,0.4589343349386215,-0.013078507751470634,-0.6864767834446288,-0.3212732306638919,-0.5173000571956049,-0.4938114173451179,-1.99745134746351,0.525545358598406,0.13613338262094063,-1.4671043449184524,-0.00278234213859483,-0.732086786928701,0.8057442339868455,-0.43556326913742843
TCGA-MP-A4TK-01A,0.0059596644565449945,0.05338649974696632,0.0,0.4588163253384194,0.0,0.0,0.0,0.0,0.0,0.0,0.0,0.0,0.0,0.015088156874619717,0.0,0.0,0.0,0.0,0.07232426125753236,0.0,0.0,0.0,0.0,0.0018622599898191195,0.0,0.003703693736809073,0.0,0.0,0.017601921951763678,0.0,0.0,0.12686132051539004,0.0,0.0,0.0,0.0,0.0,0.0,0.0,0.04322576643652972,0.014124707507490075,0.0,0.0,0.0,0.0,0.0,0.0,0.0,0.0,0.0,0.0,0.0,0.0,0.0,0.0,0.0,0.0,0.013094931069826494,0.05816005261761846,0.0,0.0,0.0,0.0,0.0,0.0,0.0,0.0,0.029537512400315435,0.0,0.0,0.0,0.0,0.0,0.005422396951577608,0.0,0.0,0.0,0.0,0.0,0.0,0.0,0.0,0.0,0.07023117776790203,0.01059935138087541,0.0,0.0,0.0,0.0,0.0,0.0,0.0,0.0,0.0,0.0,0.0,0.0,2.537819095073274,Lung Adenocarcinoma,-0.23361691428370776,0.6552155011177776,0.6079933543194314,1.374121008091827,2.080733721449347,1.2247471527093057,1.03641502465624,-0.7333724738052682,0.19014102744166372,1.4322994823593713,0.9097154664782174,-0.515805840959435,-0.30876611743918553,2.0245495945100274,-0.21880578682096494,-0.2318663873266384,-0.9942991449666678,-0.26968695704677165,1.078876348944307,1.1022925977173115,-0.2578775599785467,2.1466797998197347,1.2306647255563623,0.6653481757676789,1.044284372250116,-0.5341269604087788,-0.009580351275385441,0.1025597808378005,1.5429292912993142,0.5596369341578717,-0.37933252442029586,-0.9218560757037666,-0.4415219795108365,1.5344863103312008,1.3507864268101641,-1.1955627251850103,0.7701925460938743,0.8512467172664008,-0.4864425318773411,-0.4593562739573404,-0.004341603357447189,-0.1576559679665012,-0.7546034755738791,1.9635460829518545,0.8410836647528793,-0.3659716419405498,1.468325607053872,0.014760825405712589,1.0897372901771363,0.4814016195245295
TCGA-NJ-A4YF-01A,0.0,0.002467210466147892,0.0,0.4840682917654543,0.0,0.0,0.008033607034667191,0.0,0.0,0.0,0.0,0.0,0.0,0.0,0.0,0.0,0.0,0.0,0.013914731182178503,0.0,0.0,0.0,0.0028663370536915807,0.0,0.0,0.0,0.0,0.0035923544824099664,0.0,0.0,0.0,0.10677925847672452,0.0,0.0,0.0,0.0,0.0,0.04964659554561249,0.0,0.0,0.0,0.0,0.02527606636838186,0.0,0.0,0.0,0.034314468743345754,0.0,0.0,0.0,0.0,0.0,0.0,0.0,0.05781029088456359,0.0,0.0,0.0,0.0,0.0,0.0,0.02997036706202075,0.01153454774760385,0.010144477156199707,0.0,0.0,0.0,0.0,0.013036774979217946,0.0,0.0,0.0,0.0,0.0,0.0,0.0,0.0,0.0,0.0,0.0,0.0668331503815102,0.0,0.0,0.02340409190328657,0.05630737876698322,0.0,0.0,0.0,0.0,0.0,0.0,0.0,0.0,0.0,0.0,0.0,0.0,2.787460474518415,Lung Adenocarcinoma,0.38166234155913364,-1.4525574045570024,-1.6836354369914865,-0.41203555735028496,-1.2933535312141955,-0.8916653497520438,-1.8559722092525197,-1.0894688490116973,-0.3076183816448759,-0.9310536782267006,-1.607302892566805,0.8714855167435772,-0.13376386558108747,-0.9892286895858567,-0.300055177714025,-0.82611026920293,-0.1406628178721429,-0.294157702097629,0.6702149217661101,-1.4984710517909894,-0.31492455572157635,0.6077073579264686,-1.0630507486231313,-1.1855025512484798,-1.2797173890363638,-1.7226905416271308,-1.5478407980827738,-0.9734656964882976,-2.080887504206234,-1.0188049103294203,0.2143161363311131,0.17521991585799912,0.5977179382695953,-0.41350775794234973,-1.8967939316733242,2.360595900330042,-1.7166665309836584,-1.4335057947885759,-0.8467026146263402,-1.0508188300080517,-1.4797789876924774,-0.09781988703315216,0.4070299726630544,-1.927967485688587,-1.2363370143393233,0.4782506866456978,-2.222873970157619,0.7022555883442455,-1.103151961410702,-0.7392033548079274
TCGA-NJ-A4YG-01A,0.06633347799501597,0.07671332144483235,0.0,0.0,0.0,0.0,0.039679447117427616,0.0,0.0029074884235476463,0.013510932141994739,0.0,0.0,0.0,0.04406544642987478,0.0,0.0,0.0,0.0,0.1051186582961021,0.039042831483714915,0.03830947731448759,0.0,0.0,0.0,0.0,0.0,0.0,0.01508494209880609,0.019012968659577467,0.0,0.0,0.11169361124785102,0.0,0.0,0.0,0.0,0.07342546355868824,0.0,0.0,0.00023039052825564915,0.0,0.0,0.027551089907281005,0.05196420357512751,0.0,0.0,0.04386903330546644,0.0,0.0,0.0,0.0,0.0,0.0,0.0,0.008748819389206746,0.0038928618478369756,0.0,0.0,0.012643634453097486,0.0,0.0,0.003766334119912144,0.043069373366163746,0.0302038452136263,0.0,0.0,0.0,0.0,0.0,0.0,0.0,0.0,0.0,0.0,0.0,0.0,0.0,0.029442749539867634,0.0,0.0,0.0,0.0,0.0,0.02570550684167274,0.06826858949648072,0.0,0.0,0.004725779548669789,0.0,0.0,0.0,0.0,0.0010197226554145037,0.0,0.0,0.0,0.0,2.184691430817599,Lung Adenocarcinoma,-0.11640916231486124,-0.01964152787487717,-0.09516476764972476,0.8745778287945348,0.20901125769716825,-0.4365554208423222,0.6423886675948559,0.15405134044396418,0.6024213764813168,1.1107762955706966,0.34904115118636303,-0.14957517759845135,-1.3435539377400845,0.12699820412432655,-0.1810893877738714,0.0732522046008772,0.08441137046876415,-1.3678624763114529,-0.7559232842182335,0.36757176458902435,1.0016845319128036,-0.6839624950278551,0.33631869111137264,0.17804702535800085,0.30511787116636135,0.5238298092902589,0.17693235387686418,-0.21953954710561274,0.3511390058882082,-1.5234710397097693,-0.9874719005557329,-0.6027234751026724,0.2093157457890417,0.08471877818982287,0.6428017871319704,-0.1516904435047072,1.0653353533036163,0.5804699961923973,0.9871555593305088,-1.1026197547682168,-0.7123930248557856,0.8128335688461247,-1.6254591924033392,-0.45166321075192845,0.4001809499687083,-0.43125198767796075,-0.29393842352567745,0.45016739870360867,0.1296975591440542,0.05160735031979669
TCGA-NJ-A4YI-01A,0.012916066873304984,0.02236264071175259,0.0,0.3445019194214395,0.0,0.022703032451304703,0.014228723608989986,0.0,0.0,0.0,0.0,0.0,0.0,0.00341517645593569,0.0,0.0,0.0,0.0,0.017173983639443738,0.0,0.0018080882989120895,0.0,0.0008221856833787551,0.0,0.0,0.0,0.0,0.014292825519480669,0.0,0.0,0.0,0.24914830072598323,0.0,0.0,0.0,0.0,0.0,0.005703180809716052,0.0,0.0,0.0,0.0007970955921280674,0.014605256580651475,0.0,0.0,0.05270123261183892,0.030358390006819325,0.0,0.0,0.0,0.0,0.0,0.0,0.0,0.005004629185862132,0.0,0.0,0.010214705670208565,0.03352664966265041,0.0,0.0,0.0,0.03440500604770103,0.026236008432611962,0.00023530615483662178,0.0,0.0,0.0,0.004466503591005293,0.0,0.0,0.0,0.0,0.0,0.0,0.0,0.0,0.0,0.0,0.0,0.01519164872598566,0.0,0.0,0.042687156660113065,0.01545949900223303,0.004957760053473501,0.0,0.0,0.0,0.0,0.0,0.0,7.70278222388794e-05,0.0,0.0,0.0,0.0,2.670245853074124,Lung Adenocarcinoma,-0.33089399487127696,-0.5160700976499148,-1.14093121305119,0.7871928604952083,0.9659973956935631,-1.1717862443588851,0.2971850253815787,-0.8287411787931388,-0.2665592645621262,0.6558334245874899,-0.18689383947061888,-0.22866305749293714,-1.3514028447529745,-0.15273930269678943,-0.7986949190911435,-0.4877118053350138,-0.4450831427771289,-1.5546802800177726,-1.5734991646227854,-0.37506338466507616,-0.42013013937835425,-1.594574036058386,-0.6398665649191523,0.012962139677477346,-0.04823223109379556,0.08787074716863834,-0.13914399949703518,0.04204735139306186,-0.3144888057766134,-0.9764654346537521,-1.8315841577978993,-1.3556740872191395,-0.5039511771408621,-0.011990529820620297,1.099139334443773,-0.8389848490157986,0.37977676726751164,0.16004135675763623,0.25090434773663023,-1.796701848545331,-0.7498509179077198,0.051436847758140954,-1.6840884489544563,0.5817862191713844,-0.2334071610204128,-1.4563465565228222,-0.8039869190171005,-0.422982442225659,-0.4086009747671275,0.15209456691230241
TCGA-NJ-A4YP-01A,0.0,0.3058300465472627,0.0,0.0,0.0,0.0,0.03762129574900195,0.0,0.0,0.0,0.0,0.0,0.0,0.03538000093877929,0.0,0.0,0.0,0.0,0.23468075616779685,0.0,0.0,0.0,0.0,0.0022689792482916238,0.0,0.0,0.029254340239192746,0.0,0.033633133437569275,0.0,0.0,0.007029455160713934,0.0,0.0,0.0,0.0,0.1264285431841263,0.04150971803841935,0.0,0.0,0.0070638147298704166,0.0,0.0,0.029838036843799272,0.0,0.0,0.0,0.0,0.0,0.0,0.0,0.0,0.0,0.0,0.0,0.0004867204375435192,0.0,0.0,0.01266792964004696,0.0,0.0,0.01859129139769348,0.0,0.0,0.0,0.0,0.0,0.0,0.0,0.0,0.0,0.0,0.0,0.0,0.0,0.0,0.0,0.00306746500502981,0.0,0.0,0.0,0.0,0.0,0.02346285207710341,0.02896582367520941,0.019475035698658636,0.0,0.0027447617838911435,0.0,0.0,0.0,0.0,0.0,0.0,0.0,0.0,0.0,2.7641761323903307,Lung Adenocarcinoma,0.2766959135533194,0.02549620711503426,-0.74485017568261,1.3692695132187924,0.9900666136200558,0.4501788988066139,0.2668569624972325,-0.8713990508064682,1.5574426460978488,0.6300564873868894,0.1894177151340685,-0.16912210547619938,-0.5102744819920204,1.0821903897438083,0.13851721610144024,0.27195909429158416,-0.029259114360056574,-0.4637322004981675,0.1387207951506531,-0.23253970551659997,-0.7179726209282319,0.21736474642523262,0.2622810286142551,0.6043705149413492,0.4616170782520911,0.03404761384318427,0.10362126279320472,-0.8887982741342199,0.2178122295404131,-0.48064209888756537,-0.1822965860866508,0.18244252292436555,0.8895586246231264,-0.14078071442223086,1.495011751112597,0.10873377405721056,0.9069345090997394,0.19701649082791287,0.310905693983926,-0.9295860065824649,-0.9266109649298617,0.035474842807362045,-1.4499246968909885,-0.11377868338226242,0.6962510937814193,0.36419874922342593,0.1544506205211535,0.6434849170804039,1.231716838137706,-0.2674871388461138
TCGA-NJ-A4YQ-01A,0.00440599072568733,0.011326866123523415,0.0,0.5618862079941028,0.0,0.008262050885718818,0.0,0.0,0.0,0.0,0.0,0.0,0.010394342460166578,0.0,0.0,0.0,0.0,0.0,0.00845567464315551,0.0,0.0,0.0,0.0,0.0,0.0,0.02791886570497689,0.0,0.0,0.0,0.0,0.01753514579340742,0.11115141836162334,0.02335818290566979,0.0,0.0,0.0,0.0,0.0,0.01625498035424379,0.0,0.0,0.0,0.0,0.0,0.0,0.0,0.0066361075375252114,0.0,0.0,0.0,0.0,0.0,0.0,0.0,0.0,0.0,0.0,0.0035032128997665364,0.03801602662946631,0.0,0.0,0.0,0.03294571519661612,0.02101151660409573,0.0028951320639591703,0.0,0.0,0.0,0.0,0.0,0.0,0.0,0.001490282405708307,0.0,0.0,0.0,0.0,0.0,0.0,0.0,0.0,0.0,0.0,0.0,0.0334967676039791,0.0,0.0,0.059055513106607824,0.0,0.0,0.0,0.0,0.0,0.0,0.0,0.0,0.0,3.041392685158225,Lung Adenocarcinoma,-0.5862630295350545,1.2374917547339157,-0.25390631891391824,-1.1581624100546284,-0.59737275605301,-0.19740443379838102,0.16592711653238662,0.32962234163667375,0.17503884376274467,-0.5990454609530648,0.4284995377084201,0.2114099471247471,-0.4799667688224053,-1.1075205788156988,-0.392766550266511,-0.9428475349987938,-0.05360541155012351,-0.36248752724460925,0.0034742536334836,-1.217340375492173,-0.24213477435069422,-0.5640163551141715,0.15704967572220985,0.8034946927578492,0.019609400450897266,0.3071960652593049,0.6448250800465992,-0.7931142110588131,-0.1606811380695073,-0.6406913659282695,0.26762317911076217,-0.5610119474654236,-0.3371549634366338,-1.2678494233405064,-1.1301444966272332,-0.4622991554139013,-0.44899909433890206,-1.5293972593551317,-0.06048918547133719,0.9902318384545542,-0.08606516001285103,1.3665495952061746,-0.9613668711392265,-1.463736271750923,-0.41935923160644756,0.5929048524802587,-1.3341727475530483,-0.938910817830961,-0.6188830842362147,0.5710105571161959
TCGA-NJ-A55O-01A,0.010490479964174522,0.010263991355363506,0.0,0.44917526662464763,0.0,0.0,0.03692797899636888,0.0,0.0,0.01203340652395779,0.0,0.0,0.0,0.0,0.0,0.0,0.0,0.0,0.009527494876437826,0.0,0.008030651509198515,0.0,0.002274166516196489,0.0,0.0,0.0,0.05148488292079105,0.0,0.052964461026950245,0.0,0.0,0.044897942449047136,0.0,0.0,0.0,0.0,0.1195887050435605,0.011049402185727135,0.0,0.0,0.0,0.0,0.0,0.0,0.0,0.0,0.0,0.0,0.0,0.0,0.0,0.0,0.0,0.0,0.04019506327651289,0.0,0.0,0.015921863485332307,0.0,0.0,0.0,0.0,0.0,0.0,0.0,0.0,0.0,0.0,0.0,0.0,0.0,0.0,0.0,0.0,0.0,0.0,0.0,0.0,0.0,0.0,0.0,0.0,0.0,0.007592450783375078,0.007902175433536216,0.0,0.0,0.10967961702882222,0.0,0.0,0.0,0.0,0.0,0.0,0.0,0.0,0.0,2.1072099696478683,Lung Adenocarcinoma,0.7117498563930772,-0.1719985070631364,0.6447470962072509,0.04752941396719032,0.3973060673089948,-0.7086285266594108,0.048970137115191804,1.085258254479983,0.8798323050243085,0.6024800789498758,0.39264354633173876,-0.9435786720565017,-1.4036468049141357,-0.6946777994969054,0.6844386072021428,0.8083805571903571,1.0623026452517281,-1.299930961759079,-0.06937003072775212,-0.04473057647538778,1.2562910276644825,0.051643420701751,0.8201501703447253,0.30438331355909964,0.4179434661012907,0.09084878544820275,0.0028915083329514634,0.5550782277975943,0.4897127871479585,-0.5197759172759263,-0.9229686215544857,-1.2785466338707907,-0.710498043693946,0.8408050384660818,0.3780640696504723,0.30235399878005825,0.5697704502670526,0.17613857132880492,0.4353092714689383,-0.7262793391307354,0.5296557771095971,0.47806588607905004,-1.3322022219920993,-0.11652552312030502,0.5659271151315646,-1.1094760410653404,0.4438364984569673,0.7350944460701064,0.3328153358897101,0.6384931063958328
TCGA-NJ-A55R-01A,0.0,0.021073758097142646,0.0,0.36582538372314,0.0,0.0,0.0,0.0,0.0,0.00807335007421246,0.0,0.0,0.0,0.008646257835833273,0.0,0.0,0.0,0.0,0.016375154764491716,0.0618964976403244,0.0,0.0,0.0,0.0003628139366218944,0.05702487742612897,0.0,0.0037515273825739544,0.0,0.0,0.0,0.0,0.0,0.0,0.0,0.0,0.0,0.043741016228027854,0.0,0.0,0.0,0.0,0.0,0.07299495029735324,0.0,0.0,0.0,0.010313622109412727,0.0,0.0,0.0,0.0,0.13357748181763857,0.0,0.0,0.0,0.0,0.0,0.009372337067722825,0.011506689967545529,0.0,0.0,0.0,0.0,0.011888309546838411,0.0,0.0,0.0,0.0,0.0,0.0,0.0,0.0,0.0,0.02822035443439465,0.0,0.0,0.0,0.0,0.0,0.0,0.0,0.0,0.0,0.052385138196991,0.012580411787619594,0.0,0.0,0.07039006766598631,0.0,0.0,0.0,0.0,0.0,0.0,0.0,0.0,0.0,2.4345689040341987,Lung Adenocarcinoma,0.35505531634315285,-1.3038554206220834,-1.0685095405723604,0.6249713205142513,-0.048935978805165536,-1.6544516230841604,-0.6406808686151054,0.9578591368297288,-0.889120613100688,0.4421248485001041,-0.8676998397747016,-1.0092885438837582,-0.9883903823447548,0.036670696744343007,-0.07513298788157739,0.46810142010212324,1.4997860359152697,-1.0399590084234553,0.5293746584605199,1.5190867231623175,1.640484199023809,-0.13366293619731565,-0.6006832649365255,-1.5144066393104916,-1.6100787332215212,-1.8116918512901858,-1.5997578360962956,0.4736765507705753,-0.2226383057532891,-0.6811341436857875,-0.27448315884629115,-1.0750855266554975,-0.6989369041454011,1.2358913008110033,-0.6194561063519152,0.28796248343918934,0.09540756069853622,3.0273667122751187,0.855981526589925,-1.018398186245122,-0.7149626996717395,1.1338654368056509,0.26123924323279885,-0.7429833581840531,-1.0936217484753015,-0.741039689666117,-0.5868679950033849,0.2625247100856991,0.9557559690212234,1.4296556565296488
TCGA-O1-A52J-01A,0.006079385025659511,0.0,0.0,0.29619131376944063,0.0,0.015521799534903359,0.04812807010828235,0.0,0.00023475622564383657,0.0,0.0,0.0,0.0,0.00013284829683979246,0.0,0.0,0.0,0.005683653371618021,0.0023168701579657195,0.0,0.02850816760736576,0.026339742760948578,0.0,0.0,0.0,0.0,0.03032394794795141,0.0,0.0,0.0,0.0,0.1451877673135496,0.0,0.0,0.0,0.0,0.0,0.0,0.0,0.0,0.0,0.0,0.0,0.0,0.0,0.0,0.039380897124627445,0.0,0.0,0.0,0.0,0.004552011740662216,0.0,0.0,0.0,0.0,0.0,0.002744107003140771,0.08396633348470234,0.0,0.0,0.0,0.0310281546018873,0.018264160559333664,0.0,0.0,0.0,0.0,0.0,0.005151024563093611,0.048194578402559626,0.0,0.0,0.04353508289989064,0.0,0.0,0.0,0.0,0.0,0.0,0.0,0.0,0.0,0.0,0.028632393564232233,0.0,0.0,0.021858079183183745,0.0,0.061820055132102175,0.0,0.0,0.0062247996204156325,0.0,0.0,0.0,0.0,2.214843848047698,Lung Adenocarcinoma,0.476303480047918,0.09475318964040183,-0.42754827018475344,-0.04472061481617127,0.7678840704653227,-1.007523863727427,0.5764319039570556,1.983546960613339,0.3006994409624411,0.21824592764832426,0.23714557432269873,-1.053215280569499,-1.433627488766278,-0.6235543254139109,-0.2712752301002243,-0.6024088944562044,0.9841208544656198,-1.5633454704048826,-0.31398971492585703,-0.07506938825153653,0.5976979337063176,0.012838870207688884,0.22432452852085139,0.5360620053749842,0.5090734237822951,0.22319368810242052,0.16037854505962826,0.9330923833690699,0.17767079205025502,-0.7692015168463029,-0.8539194813939452,-1.8580238386634484,-1.1582070329689333,0.7147618961767469,-0.24552527457260903,-0.6324593732871893,0.7954948513168963,-0.4003234403296323,0.5691421165646354,-1.0163308730570906,-0.5274820329330746,0.1199841615924758,-1.1277845786749545,-0.7289611345210808,0.018791814224569395,-2.036001457900713,-0.34892995044776465,0.1817130531271094,-1.5590326649493713,1.1131456882684114
TCGA-OL-A5RW-01A,0.0,0.09334191290361978,0.0,0.0,0.0,0.0,0.0,0.001259510740291403,0.0,0.0,0.0,0.0,0.0,0.06395047864041332,0.0,0.0,0.01760358551679115,0.0,0.28213627878497255,0.0,0.037482611112858354,0.0026332023646123536,0.0,0.002469103471562986,0.0,0.0,0.0,0.014722499100053665,0.01135145350653973,0.0,0.06422537177344188,0.0397412470862076,0.0,0.0,0.0,0.0,0.0,0.0,0.0,0.0,0.0,0.0,0.019058726242149347,0.0,0.0,0.0,0.14083268754235018,0.0,0.0,0.0,0.0,0.0,0.0,0.0,0.0,0.0,0.0,0.0,0.0,0.02762347684393499,0.0,0.0,0.0,0.024030248211492765,0.0,0.0,0.0,0.0,0.0,0.0,0.0,0.0,0.056121013585811286,0.0,0.0,0.0,0.0,0.0,0.0,0.0,0.0,0.0,0.0,0.0,0.009107413971394702,0.01737939872400075,0.0,0.0,0.0,0.0749297798775013,0.0,0.0,0.0,0.0,0.0,0.0,0.0,2.1986570869544226,Breast Invasive Carcinoma,-0.24631491211972958,-0.7610160772224999,-3.826072997191107,-1.0863386197606715,-0.3336457539454099,0.8591281459536269,-0.2287323192178392,-2.1004631994974323,-0.9037806468926806,-0.7853853671796247,-1.3612368920095288,2.134553672803988,1.1507423150954528,-0.13233375398855696,-0.18074945444199234,0.37780854106557366,-1.5082899241130607,0.8618386128496045,0.2786263629831585,-0.17648824417527453,-1.4401427535464109,0.48809741037679755,-0.7991369519022905,-1.1360963207939627,-0.6928390534833574,1.7415997183472685,0.4413508953806004,2.8698987283189834,-1.353856315721872,-0.9900047918361755,-0.6461433482497418,1.1427580655350085,1.7823318395528833,1.4465542642014324,-0.33255527762922393,1.434286157069267,1.2768437742728456,-0.8335225084049884,-1.1129713608442604,-1.129210615822376,-3.720196660024103,0.09943603766287401,0.8517225515079957,-1.1678887309989079,-0.4484813198205781,0.15257480152777503,-1.7531314044020943,2.1547622698570748,-0.36926189478141996,-1.6508985163469172
TCGA-OL-A5RZ-01A,0.13367739973781037,0.010039721992794163,0.0,0.0,0.0,0.0,0.08982414635498129,0.0,0.0,0.0,0.10385736781417687,0.0,0.0,0.05911028957793888,0.0,0.0,0.0,0.0,0.023365399785946765,0.0,0.07904192347845562,0.0,0.0,0.008626771667279466,0.0,0.0,0.0,0.0,0.0,0.0,0.0,0.012194125613575309,0.0,0.0,0.0,0.0,0.0,0.0,0.0,0.0,0.0,0.0,0.1306652157537069,0.0,0.0,0.0,0.0,0.0,0.0,0.0,0.0,0.0,0.0,0.0,0.006728468181098531,0.0,0.0,0.0,0.0,0.01648799968140306,0.0,0.0,0.01288755965016916,0.016579887254404076,0.0002173466578305056,0.0,0.0,0.0,0.0,0.0,0.0,0.0,0.0,0.1523944330082926,0.0,0.0,0.0,0.03012286736746339,0.0,0.0,0.028337773914611154,0.0,0.0,0.0,0.0,0.0,0.0,0.0,0.0,0.07148896011730459,0.0,0.0,0.014352342390757273,0.0,0.0,0.0,0.0,2.0043213737826426,Breast Invasive Carcinoma,-0.49713065805577633,-2.120662165879847,-1.8165184274567159,-2.097633948956677,-1.7921509767539685,0.13221213392286588,-2.493346671186698,-2.9374058894838235,-2.787868961932519,-2.6819110492409917,-3.0890749481950888,1.8018839381009673,0.6841625956981672,-1.5426064654922471,-1.1095062690367299,-1.1613252121752824,-1.3536599470046509,0.6042742780291358,-1.5104088425018862,-2.5419770959046954,-1.9790022757818235,-2.3555991746826557,-2.752113761408688,-2.660063410138363,-2.846789907431481,-2.911596042662162,-2.8411025777310415,-0.3875993739285543,-2.5390138100599624,-0.3451558042856336,-1.200871076018018,1.3390527286803844,1.737169498475932,-0.9661464791044542,-1.8304779607199304,1.0318660837543723,-1.2625175404895848,-0.10409912049728796,-1.1310151896759675,-0.1825243301705705,-2.086862269195666,-0.29034911668928276,0.3751214738787881,-1.1835165752315742,-2.0813833361985847,0.5039206456854548,-2.256743994792858,-0.5805177738067441,-1.2718230163214885,-1.4208848902569777
TCGA-PE-A5DE-01A,0.021859965745439726,0.434793586056186,0.0,0.0,0.0,0.0,0.03884868800304276,0.018465791778888303,0.0,0.0,0.0,0.0,0.0,0.13424759818031884,0.0,0.0,0.0,0.0,0.27579141521879474,0.0,0.023020629025674085,0.0,0.0,0.0,0.0,0.0,0.0,0.0,0.0,0.0,0.0,0.0,0.0,0.0,0.0,0.0,0.0,0.0,0.0,0.0,0.0,0.0,0.0,0.0,0.0,0.0,0.014747421919044365,0.0,0.0,0.0,0.0,0.0,0.0,0.0,0.0,0.0,0.0,0.005705348060265655,0.0,0.0,0.0,0.0,0.0,0.0,0.0,0.0,0.0,0.0,0.0,0.0,0.0,0.0,0.0,0.0,0.0,0.0,0.0,0.0,0.0,0.0,0.0,0.0,0.0,0.014179363322990553,0.0002232397259679287,0.018116952963387098,0.0,0.0,0.0,0.0,0.0,0.0,0.0,0.0,0.0,0.0,0.0,2.6242820958356683,Breast Invasive Carcinoma,-0.4082544148390096,1.4000488580912056,0.2730749325631458,0.7569641559370227,0.24358254271769178,1.5201474643644264,1.293067722154591,-0.4693105355104925,-0.4833980602950059,0.15157108434907915,0.6152319705268106,0.09165409946278762,-0.40256206857598437,0.2789574917474075,2.1896964249631106,2.1494445961547513,-0.1375034656182088,-0.4029371268404991,-0.9471899575817493,0.14632883355439205,-0.38678448354991307,-0.2901138345063781,0.656037707956865,1.036380123241359,0.3782834190497531,1.0683120227731357,1.1035646866518714,0.5898165667838914,0.568930238807577,-0.3232555865315639,-0.9193400721887707,-0.5458334475440656,-0.659601791566216,0.21008893990581834,-0.26711807851631325,-0.17894024150391397,0.842863707330065,-0.12708092204425503,-0.6053354716723056,1.8084973446203085,-1.2801693608746374,0.40176431338158963,-0.5089768489824575,-0.17789730532014794,0.7067775971103463,-0.08392311018864326,-0.11085976450543608,0.3665285266864594,0.782551240599096,-0.2182621647413955
TCGA-PL-A8LV-01A,0.033310448135380276,0.08343657814347137,0.0,0.0,0.0,0.006101407973088807,0.0,0.0,0.0,0.013525909275319511,0.0029965903661032206,0.0,0.0134520056232824,0.0,0.0,0.0,0.0,0.0,0.17227330824295373,0.0,0.012552476394927002,0.0,0.027253813363215956,0.0,0.0,0.0,0.0,0.0,0.0,0.0,0.0,0.0,0.0,0.0,0.0,0.0,0.0,0.07665678916360862,0.0,0.0,0.0,0.0,0.019294618825719298,0.0,0.0,0.0,0.13034243746480081,0.0,0.0,0.0,0.0,0.0,0.0,0.0,0.0,0.03295659340052011,0.0,0.0,0.0038355886489569065,0.07425194908513758,0.0,0.0,0.0,0.06444085058207961,0.005858335746413427,0.0,0.0,0.0,0.008383326052588127,0.0,0.0,0.0,0.0,0.0,0.0,0.0,0.0,0.0,0.0,0.0,0.0,0.0,0.0,0.0,0.09555947924159545,0.11142585219249461,0.0,0.0,0.0,0.0,0.0,0.0,0.0,0.0,0.0,0.0,0.01209164207834305,2.0,Breast Invasive Carcinoma,-0.8336522686794869,-0.10285502174077485,-1.7343971770487858,-0.12748219867904198,0.4850238884505483,0.5789825483597087,-0.33005864398946094,-0.9934381239534632,0.6737457954003011,-0.30250623600115006,-1.3915419523936972,0.5611371522274587,1.0674979005039718,-0.050194982360134845,-0.397651956656558,0.1399583410006352,-1.1510043927686877,1.0238321140495446,-1.138773850763483,0.43726618914699455,-1.2171632652475501,-1.0283013989419927,-0.49407217995778563,-1.0761201787048116,-0.7687636725542951,-0.4442864470675303,-0.5944939958433708,1.2022119259383703,-0.5317202782624428,0.5593626174901469,-0.3303739801002616,0.8963345746735506,0.3846763944721293,0.7490479841091723,0.14668398773915464,0.5122263434134117,0.31733214195944554,-0.4155363884465031,-0.4937532157756931,-0.48459763572090553,-1.800620813026895,-1.036792844563791,0.7682053621926207,-0.46798914129995933,-0.7315781496243379,-0.03612954139272796,-0.643513901737968,0.521590780724544,1.349981640481692,-2.653595132283904
TCGA-S2-AA1A-01A,0.006977741321758064,0.0,0.0,0.3680519646515132,0.0,0.0,0.0,0.0,0.0,0.0,0.0,0.0,0.006089982522120937,0.01506935478108639,0.0,0.0,0.0,0.0,0.008580790989985286,0.0,0.045002944125474474,0.0,0.0,0.0,0.0,0.0,0.0,0.025581211324764663,0.008024231883707076,0.0,0.0,0.009233424978868775,0.0,0.0,0.0,0.0041525710545089484,0.0,0.0349492437399294,0.0,0.0,0.0,0.0,0.0,0.0,0.0,0.0,0.0,0.0,0.0,0.0,0.0,0.04315784191528061,0.0,0.0,0.0,0.0,0.0,0.021163914541485526,0.0,0.0,0.0,0.0,0.16097033586517767,0.0,0.0057715864837097,0.0,0.0,0.0,0.02742926296071438,0.0,0.0,0.0,0.0,0.0,0.0,0.0,0.00793505816601624,0.0,0.0,0.0,0.0,0.0,0.0,0.05144632577719737,0.0,0.0,0.09659271537645121,0.05381949754025003,0.0,0.0,0.0,0.0,0.0,0.0,0.0,0.0,0.0,2.0755469613925306,Lung Adenocarcinoma,-0.9462146425443816,1.0992142937248413,0.38477035181382074,0.4911840065143607,1.2604005231797093,0.4753822768326857,0.9832228618611317,-0.28641413069678,0.3762153165823465,1.1378184483165255,0.7264397008319474,-1.012784936656702,-2.0982341874358537,0.9156200446575746,-0.07861660370018377,-0.388790424718054,-0.44348375476315854,-2.064532202127915,-0.3944081882028092,1.1135079538603598,0.30754966988190574,0.45160159647790854,1.758919570914801,0.9315050233837255,0.8073609696584318,-0.0549349239325318,0.5008141587437054,-0.580840913240627,1.5105693275061027,-1.2342321559553326,-1.2565606223016397,-2.1633210408965406,-1.6774449523147368,0.965827244479277,0.7162003267267857,-1.198516298636895,1.3411172658109414,-0.1355791314605615,-1.2948335868972105,-1.6207248299215136,-0.10470205775446409,0.042625987024365986,-1.5436876313610433,1.0981604097004922,1.338874950421885,-1.0422489790223874,0.8409447689393803,0.28602440230572895,0.5069288812160115,-0.014500410294515386
TCGA-S3-AA10-01A,0.002436820559855182,0.023200937555569325,0.0,0.0,0.0,0.0,0.028747856388551762,0.0,0.010943533213455543,0.0,0.0,0.0,0.0,0.0,0.0,0.0,0.0,0.0,0.03889640665530378,0.0,0.0,0.0,0.0,0.0,0.0,0.0,0.0019484306208616122,0.0,0.021729493503548455,0.0,0.0,0.16342103115882298,0.0,0.0,0.0,0.0,0.0,0.020507700845526933,0.07469051350555778,0.0509552564919061,0.0,0.0,0.0,0.0,0.029609456254913173,0.021263162229962912,0.04030560462073552,0.0,0.0,0.0,0.0,0.0,0.0,0.0,0.0,0.062421656004087,0.0,0.0,0.00246695574499454,0.0,0.0,0.0,0.0,0.0,0.0,0.0,0.004335123147344826,0.03223747311044981,0.10759321133780915,0.0,0.0,0.0,0.11068880695039184,0.07965416054293804,0.0,0.0,0.0,0.0,0.0,0.0,0.0,0.0,0.04687955093143712,0.0,0.0,0.0,0.0,0.0,0.0,0.0,0.0,0.0,0.025066858625976584,0.0,0.0,0.0,0.0,2.0253058652647704,Breast Invasive Carcinoma,-1.6169398965003783,1.4401368882185026,-1.2882720766917266,-0.3288264286572427,0.1571486856234185,0.7404595841136571,0.7819635410594058,-2.044219664046418,-0.7884449714331003,-0.8831523722503449,0.09192851880525105,0.4457445527652126,1.7085609221448077,0.1330183960183128,-0.5789856807227222,0.0052581845148834015,-1.8112934397074467,1.8585704881160907,-1.0859244061516042,-0.2956764622920738,-1.5288587142335006,-0.19759903989286726,0.6339238761104656,0.8860184387265176,0.7287091690513028,1.7352511611941566,1.6421419332343714,0.9232520359572548,0.03208286488758093,1.804690740648805,0.5112753588389841,1.4870681754516015,1.8645740191466427,-0.7199888401847031,0.6174040548505365,-0.3700730888423718,0.5362125053377923,-1.7877502793947542,-2.08145759544355,1.6147914923170508,-1.4069787384754224,-0.09124498671226233,0.9818898857096541,0.46225228532206875,1.2596357458172862,1.6093353256736618,-0.8232458431853098,1.2478758975218072,1.2140535415072413,-1.9149128616610673
TCGA-UU-A93S-01A,0.013880740864588905,0.0,0.0,0.0,0.0,0.0,0.04748840815432261,0.0,0.0,0.0,0.02798597384951201,0.0,0.0,0.0,0.0,0.0,0.0,0.0,0.04848226670570726,0.0,0.183834109688115,0.0,0.004239413221408899,0.0023248175176895664,0.0,0.0,0.00619709763826674,0.0,0.03892023333994469,0.0,0.0,0.0,0.0,0.0,0.0,0.0,0.061815662892293524,0.0,0.0,0.06833809630418136,0.0,0.0,0.04660668985256766,0.0,0.0,0.01111331497573253,0.13048755711903193,0.0,0.0,0.0,0.0,0.0,0.0005103119719170936,0.0,0.038199079776933466,0.0,0.0,0.0,0.0,0.0,0.0,0.0,0.0,0.020812204323675077,0.0,0.0,0.0,0.10729749644745618,0.06878102748558446,0.001928377522099266,0.0,0.0,0.0,0.0,0.0,0.0,0.0,0.0,0.0,0.0,0.0,0.0,0.0,0.03008509427354349,0.04067202607542839,0.0,0.0,0.0,0.0,0.0,0.0,0.0,0.0,0.0,0.0,0.0,0.0,2.123851640967086,Breast Invasive Carcinoma,1.5387105228496325,-1.1783678204198516,-0.2072071766856246,-1.3508131487515835,-1.145042243442427,-0.8367037578749627,-1.3130629988088514,1.0710656149611668,2.8955711640147306,-1.7175502790010162,-1.2503611272186816,1.697180864582325,1.2304016489960954,-1.8455598028996694,0.24805574947513606,0.09628599861643636,1.4412930460571325,1.1691778411537639,0.32007356088812516,-1.1082190008505253,-1.3018458495780783,-1.3004096781336032,-1.866296089380354,-1.2498704577446047,-1.2215979585327539,1.305079493478814,0.29013572285460615,-0.1344218566654657,-1.6000916283143367,-0.41831169733508794,1.321168970090313,1.0965926097893481,1.0026474347181593,-0.318166660583149,-1.601050121270039,1.8562869204214154,-0.2454706475316306,-0.5465625297532356,1.8977334134126924,-0.25910511485938836,-1.4425449391531353,0.40981721203726,1.00171875457637,-3.467658292404662,-0.8050226147115647,1.9284883814419738,-2.419193324349148,0.35821827129440514,-1.1113633055916585,-0.5267058477373466
TCGA-XX-A89A-01A,0.05377872004229814,0.18754215938919153,0.0,0.0,0.0,0.0,0.11987073838493349,0.0,0.0,0.0,0.0,0.0,0.0,0.08118429980169276,0.0,0.0,0.0,0.0,0.4731233817928911,0.0,0.0,0.0,0.0,0.0,0.0,0.0,0.0,0.0,0.0,0.0,0.0,0.0,0.0,0.0,0.0,0.0,0.0,0.0,0.0,0.0,0.0,0.0,0.0,0.0,0.0,0.0,0.0,0.0,0.0,0.0,0.0,0.0,0.0,0.0,0.0,0.0,0.0,0.0,0.0,0.0,0.0,0.0,0.0,0.01725630048956597,0.0,0.0,0.0,0.0,0.0,0.0,0.0,0.0,0.0,0.0,0.00748908192932287,0.0,0.009539927479253568,0.0,0.0,0.0,0.0,0.0,0.0,0.0,0.024853353507592445,0.025362037183258128,0.0,0.0,0.0,0.0,0.0,0.0,0.0,0.0,0.0,0.0,0.0,2.2095150145426308,Breast Invasive Carcinoma,2.1161644095720455,0.03206970479101594,1.5541060293070863,1.3205625516656034,0.6551436359173914,1.4570998670009336,0.4813797702534694,0.1728056548601742,-1.0906747586568806,1.0281327287871411,0.3199628661252847,-0.8384116371774653,-0.933666208432353,1.7083351430445284,1.8409755726390744,1.160781675542962,0.4557929823451363,-0.7751188270645754,-0.6255293729064113,0.8611724007395766,-0.5442406241109659,0.8323625413172492,0.3339721631368456,0.6227436800469719,0.1032273762617778,-0.3890826300091249,-0.3075622134761067,-0.2864548587984886,1.0514707296919386,-0.14210008751779718,-1.5412936015536118,-1.028281362381463,-0.8286884056747701,1.9102749539052915,0.6577525326920972,-0.42152057908320073,0.1498090659575409,-0.16269508892202644,0.21101994895543527,0.5171154636116865,-0.5761617532738803,-0.2067740795418962,-1.0912340120030435,0.5223098857860964,0.2847926055046297,-1.1740264952738837,1.573689963886913,-1.2937519889695317,0.8357540717345896,1.0751971009023882
